variable_id,description,pct_nonnegative
pidp,Cross-wave person identifier (public release),100.0
pid,personal identifier (BHPS cohort),20.6448
n_hidp,Household identifier (public release),100.0
n_hhorig,"Sample origin, household",100.0
n_memorig,"Sample origin, individual",100.0
n_psu,Primary sampling unit,100.0
n_strata,Sampling strata,100.0
n_sampst,Sample status,100.0
n_month,sample month,100.0
n_quarter,sample quarter,100.0
n_ivfio,Individual level outcome,100.0
n_ioutcome,Individual outcome,100.0
n_chkrespweb1,Confirm respondent's details web: All correct,56.6265
n_chkrespweb5,"No, title is wrong",72.4801
n_chkrespweb2,"Confirm respondent's details web: No, name is wrong",56.6265
n_chkrespweb3,"Confirm respondent's details web: No, date of birth is wrong",56.6265
n_chkrespweb4,"Confirm respondent's details web: No, sex is wrong",56.6265
n_loginscreen,Enter numeric access code,14.6401
n_addrchckweb,Respondent confirms first line of address,10.5015
n_chooseiv,Identify self from HH members list,4.1245
n_chkrespwebb,Confirm respondent web,14.705
n_chkwebtitle,Correct title,1.9301
n_chkwebsex,Check Respondent sex web,0.0776
n_respchild1,PNO of child responsible for - PNO 1,13.9123
n_respchild2,PNO of child responsible for - PNO 2,13.9123
n_respchild3,PNO of child responsible for - PNO 3,13.9123
n_respchild4,PNO of child responsible for - PNO 4,13.9123
n_respchild5,PNO of child responsible for - PNO 5,13.9123
n_respchild6,PNO of child responsible for - PNO 6,13.9123
n_respchild7,PNO of child responsible for - PNO 7,13.9123
n_respchild8,PNO of child responsible for - PNO 8,13.9123
n_respchild9,PNO of child responsible for - PNO 9,13.9123
n_respchild10,PNO of child responsible for - PNO 10,13.9123
n_respchild11,PNO of child responsible for - PNO 11,13.9123
n_respchild12,PNO of child responsible for - PNO 12,13.9123
n_respchild13,PNO of child responsible for - PNO 13,13.9123
n_respchild14,PNO of child responsible for - PNO 14,13.9123
n_respchild15,PNO of child responsible for - PNO 15,13.9123
n_respchild16,PNO of child responsible for - PNO 16,13.9123
n_pwcu18abs1,PNO of child under 18 the adult is responsible for - PNO 1,99.0736
n_pwcu18abs2,PNO of child under 18 the adult is responsible for - PNO 2,99.0736
n_pwcu18abs3,PNO of child under 18 the adult is responsible for - PNO 3,99.0736
n_pwcu18abs4,PNO of child under 18 the adult is responsible for - PNO 4,99.0736
n_pwcu18abs5,PNO of child under 18 the adult is responsible for - PNO 5,99.0736
n_pwcu18abs6,PNO of child under 18 the adult is responsible for - PNO 6,99.0736
n_pwcu18abs7,PNO of child under 18 the adult is responsible for - PNO 7,99.0736
n_pwcu18abs8,PNO of child under 18 the adult is responsible for - PNO 8,99.0736
n_pwcu18abs9,PNO of child under 18 the adult is responsible for - PNO 9,99.0736
n_pwcu18abs10,PNO of child under 18 the adult is responsible for - PNO 10,99.0736
n_pwcu18abs11,PNO of child under 18 the adult is responsible for - PNO 11,99.0736
n_pwcu18abs12,PNO of child under 18 the adult is responsible for - PNO 12,99.0736
n_pwcu18abs13,PNO of child under 18 the adult is responsible for - PNO 13,99.0736
n_pwcu18abs14,PNO of child under 18 the adult is responsible for - PNO 14,99.0736
n_pwcu18abs15,PNO of child under 18 the adult is responsible for - PNO 15,99.0736
n_pwcu18abs16,PNO of child under 18 the adult is responsible for - PNO 16,99.0736
n_pwcu131,PNO of child 0-12 the adult is responsible for - PNO 1,99.5939
n_pwcu132,PNO of child 0-12 the adult is responsible for - PNO 2,99.5939
n_pwcu133,PNO of child 0-12 the adult is responsible for - PNO 3,99.5939
n_pwcu134,PNO of child 0-12 the adult is responsible for - PNO 4,99.5939
n_pwcu135,PNO of child 0-12 the adult is responsible for - PNO 5,99.5939
n_pwcu136,PNO of child 0-12 the adult is responsible for - PNO 6,99.5939
n_pwcu137,PNO of child 0-12 the adult is responsible for - PNO 7,99.5939
n_pwcu138,PNO of child 0-12 the adult is responsible for - PNO 8,99.5939
n_pwcu139,PNO of child 0-12 the adult is responsible for - PNO 9,99.5939
n_pwcu1310,PNO of child 0-12 the adult is responsible for - PNO 10,99.5939
n_pwcu1311,PNO of child 0-12 the adult is responsible for - PNO 11,99.5939
n_pwcu1312,PNO of child 0-12 the adult is responsible for - PNO 12,99.5939
n_pwcu1313,PNO of child 0-12 the adult is responsible for - PNO 13,99.5939
n_pwcu1314,PNO of child 0-12 the adult is responsible for - PNO 14,99.5939
n_pwcu1315,PNO of child 0-12 the adult is responsible for - PNO 15,99.5939
n_pwcu1316,PNO of child 0-12 the adult is responsible for - PNO 16,99.5939
n_pwc10151,PNO of child 10-15 the adult is responsible for - PNO 1,99.5939
n_pwc10152,PNO of child 10-15 the adult is responsible for - PNO 2,99.5939
n_pwc10153,PNO of child 10-15 the adult is responsible for - PNO 3,99.5939
n_pwc10154,PNO of child 10-15 the adult is responsible for - PNO 4,99.5939
n_pwc10155,PNO of child 10-15 the adult is responsible for - PNO 5,99.5939
n_pwc10156,PNO of child 10-15 the adult is responsible for - PNO 6,99.5939
n_pwc10157,PNO of child 10-15 the adult is responsible for - PNO 7,99.5939
n_pwc10158,PNO of child 10-15 the adult is responsible for - PNO 8,99.5939
n_pwc10159,PNO of child 10-15 the adult is responsible for - PNO 9,99.5939
n_pwc101510,PNO of child 10-15 the adult is responsible for - PNO 10,99.5939
n_pwc101511,PNO of child 10-15 the adult is responsible for - PNO 11,99.5939
n_pwc101512,PNO of child 10-15 the adult is responsible for - PNO 12,99.5939
n_pwc101513,PNO of child 10-15 the adult is responsible for - PNO 13,99.5939
n_pwc101514,PNO of child 10-15 the adult is responsible for - PNO 14,99.5939
n_pwc101515,PNO of child 10-15 the adult is responsible for - PNO 15,99.5939
n_pwc101516,PNO of child 10-15 the adult is responsible for - PNO 16,99.5939
n_pwcu16abs1,PNO of child <16 the adult is responsible forand other parent absent - PNO 1,99.6956
n_pwcu16abs2,PNO of child <16 the adult is responsible forand other parent absent - PNO 2,99.6956
n_pwcu16abs3,PNO of child <16 the adult is responsible forand other parent absent - PNO 3,99.6956
n_pwcu16abs4,PNO of child <16 the adult is responsible forand other parent absent - PNO 4,99.6956
n_pwcu16abs5,PNO of child <16 the adult is responsible forand other parent absent - PNO 5,99.6956
n_pwcu16abs6,PNO of child <16 the adult is responsible forand other parent absent - PNO 6,99.6956
n_pwcu16abs7,PNO of child <16 the adult is responsible forand other parent absent - PNO 7,99.6956
n_pwcu16abs8,PNO of child <16 the adult is responsible forand other parent absent - PNO 8,99.6956
n_pwcu16abs9,PNO of child <16 the adult is responsible forand other parent absent - PNO 9,99.6956
n_pwcu16abs10,PNO of child <16 the adult is responsible forand other parent absent - PNO 10,99.6956
n_pwcu16abs11,PNO of child <16 the adult is responsible forand other parent absent - PNO 11,99.6956
n_pwcu16abs12,PNO of child <16 the adult is responsible forand other parent absent - PNO 12,99.6956
n_pwcu16abs13,PNO of child <16 the adult is responsible forand other parent absent - PNO 13,99.6956
n_pwcu16abs14,PNO of child <16 the adult is responsible forand other parent absent - PNO 14,99.6956
n_pwcu16abs15,PNO of child <16 the adult is responsible forand other parent absent - PNO 15,99.6956
n_pwcu16abs16,PNO of child <16 the adult is responsible forand other parent absent - PNO 16,99.6956
n_gridcompletedby1,PNO of person who completed the HHGrid - PNO 1,99.6824
n_gridcompletedby2,PNO of person who completed the HHGrid - PNO 2,99.6824
n_gridcompletedby3,PNO of person who completed the HHGrid - PNO 3,99.6824
n_gridcompletedby4,PNO of person who completed the HHGrid - PNO 4,99.6824
n_gridcompletedby5,PNO of person who completed the HHGrid - PNO 5,99.6824
n_gridcompletedby6,PNO of person who completed the HHGrid - PNO 6,99.6824
n_gridcompletedby7,PNO of person who completed the HHGrid - PNO 7,99.6824
n_gridcompletedby8,PNO of person who completed the HHGrid - PNO 8,99.6824
n_gridcompletedby9,PNO of person who completed the HHGrid - PNO 9,99.6824
n_gridcompletedby10,PNO of person who completed the HHGrid - PNO 10,99.6824
n_gridcompletedby11,PNO of person who completed the HHGrid - PNO 11,99.6824
n_gridcompletedby12,PNO of person who completed the HHGrid - PNO 12,99.6824
n_gridcompletedby13,PNO of person who completed the HHGrid - PNO 13,99.6824
n_gridcompletedby14,PNO of person who completed the HHGrid - PNO 14,99.6824
n_gridcompletedby15,PNO of person who completed the HHGrid - PNO 15,99.6824
n_gridcompletedby16,PNO of person who completed the HHGrid - PNO 16,99.6824
n_hgbiochm1,PNO of child 0-15 in household where resp is biological mother - PNO 1,99.6956
n_hgbiochm2,PNO of child 0-15 in household where resp is biological mother - PNO 2,99.6956
n_hgbiochm3,PNO of child 0-15 in household where resp is biological mother - PNO 3,99.6956
n_hgbiochm4,PNO of child 0-15 in household where resp is biological mother - PNO 4,99.6956
n_hgbiochm5,PNO of child 0-15 in household where resp is biological mother - PNO 5,99.6956
n_hgbiochm6,PNO of child 0-15 in household where resp is biological mother - PNO 6,99.6956
n_hgbiochm7,PNO of child 0-15 in household where resp is biological mother - PNO 7,99.6956
n_hgbiochm8,PNO of child 0-15 in household where resp is biological mother - PNO 8,99.6956
n_hgbiochm9,PNO of child 0-15 in household where resp is biological mother - PNO 9,99.6956
n_hgbiochm10,PNO of child 0-15 in household where resp is biological mother - PNO 10,99.6956
n_hgbiochm11,PNO of child 0-15 in household where resp is biological mother - PNO 11,99.6956
n_hgbiochm12,PNO of child 0-15 in household where resp is biological mother - PNO 12,99.6956
n_hgbiochm13,PNO of child 0-15 in household where resp is biological mother - PNO 13,99.6956
n_hgbiochm14,PNO of child 0-15 in household where resp is biological mother - PNO 14,99.6956
n_hgbiochm15,PNO of child 0-15 in household where resp is biological mother - PNO 15,99.6956
n_hgbiochm16,PNO of child 0-15 in household where resp is biological mother - PNO 16,99.6956
n_hgbiochf1,PNO of child 0-15 in household where resp is biological father - PNO 1,99.6956
n_hgbiochf2,PNO of child 0-15 in household where resp is biological father - PNO 2,99.6956
n_hgbiochf3,PNO of child 0-15 in household where resp is biological father - PNO 3,99.6956
n_hgbiochf4,PNO of child 0-15 in household where resp is biological father - PNO 4,99.6956
n_hgbiochf5,PNO of child 0-15 in household where resp is biological father - PNO 5,99.6956
n_hgbiochf6,PNO of child 0-15 in household where resp is biological father - PNO 6,99.6956
n_hgbiochf7,PNO of child 0-15 in household where resp is biological father - PNO 7,99.6956
n_hgbiochf8,PNO of child 0-15 in household where resp is biological father - PNO 8,99.6956
n_hgbiochf9,PNO of child 0-15 in household where resp is biological father - PNO 9,99.6956
n_hgbiochf10,PNO of child 0-15 in household where resp is biological father - PNO 10,99.6956
n_hgbiochf11,PNO of child 0-15 in household where resp is biological father - PNO 11,99.6956
n_hgbiochf12,PNO of child 0-15 in household where resp is biological father - PNO 12,99.6956
n_hgbiochf13,PNO of child 0-15 in household where resp is biological father - PNO 13,99.6956
n_hgbiochf14,PNO of child 0-15 in household where resp is biological father - PNO 14,99.6956
n_hgbiochf15,PNO of child 0-15 in household where resp is biological father - PNO 15,99.6956
n_hgbiochf16,PNO of child 0-15 in household where resp is biological father - PNO 16,99.6956
n_istrtdathh,Individual interview start time (hours),99.9968
n_istrtdatmm,Individual interview start time (minutes),99.9968
n_istrtdatss,Individual interview start time (seconds),99.9968
n_istrtdaty,Individual interview start date (year),99.9964
n_istrtdatm,Interview start date (month),99.9964
n_istrtdatd,Individual interview start date (day),99.9964
n_chkresp1,All correct,39.1603
n_chkresp5,"No, title is wrong",13.3931
n_chkresp2,"No, name is wrong",39.1603
n_chkresp3,"No, date of birth is wrong",39.1603
n_chkresp4,"No, sex is wrong",39.1603
n_dcsex,Correct sex,1.2338
n_xpmovy11,Family related reasons,9.4482
n_xpmovy12,Education related reasons,9.4482
n_xpmovy13,Employment related reasons,9.4482
n_xpmovy14,Housing related reasons,9.4482
n_xpmovy15,Area related reasons,9.4482
n_xpmovy197,Other reason,9.4482
n_alljbstat1,Self employed,99.5442
n_alljbstat2,Paid employment(ft/pt),99.5442
n_alljbstat12,Furloughed/Job Support Scheme,99.5442
n_alljbstat13,Temporarily laid off/short time working,99.5442
n_alljbstat3,Unemployed,99.5442
n_alljbstat4,Retired,99.5442
n_alljbstat5,On maternity leave,99.5442
n_alljbstat14,On shared parental leave,99.5442
n_alljbstat15,On adoption leave,99.5442
n_alljbstat6,Family care or home,99.5442
n_alljbstat7,Full-time student,99.5442
n_alljbstat8,LT sick or disabled,99.5442
n_alljbstat9,Govt training scheme,99.5442
n_alljbstat10,"Unpaid, family business",99.5442
n_alljbstat11,On apprenticeship,99.5442
n_alljbstat97,Doing something else,99.5442
n_mobcomp,Has a tablet or iPad,96.7172
n_dsktcomp,Access to mobile technology: Desktop computer,93.2793
n_laptop,Access to mobile technology: Laptop,93.2809
n_smtphone,Access to mobile technology: Smartphone,93.2632
n_tablet,Access to mobile technology: Tablet,93.2215
n_ftphone,Access to mobile technology: Feature phone / non-touchscreen mobile phone,93.0027
n_ereader,Access to mobile technology: E-book reader,93.0973
n_smtwatch,Access to mobile technology: Smartwatch,93.0893
n_othdevce,Access to mobile technology: Other,92.4023
n_browse,Frequency of using the internet: Browsing websites,93.4059
n_email,Frequency of using the internet: Email,93.3634
n_smlook,Frequency of using the internet: Looking at Social Media,93.3378
n_smpost,Frequency of using the internet: Posting on Social Media,93.3113
n_onlinebuy,Frequency of using the internet: Online buying,93.3129
n_onlinebank,Frequency of using the internet: Online banking,93.3017
n_gaming,Frequency of using the internet: Gaming,93.3153
n_streaming,Frequency of using the internet: Streaming videos,93.2809
n_streammusic,Frequency of using the internet: Streaming music,94.0705
n_mreason1,"Reason for migration: For work (e.g. wanted to work and earn money in the UK, to",4.9833
n_mreason2,Reason for migration: Joined partner or spouse already living in the UK,4.9833
n_mreason3,Reason for migration: Joined other family members already living in the UK,4.9833
n_mreason4,Reason for migration: Moved together with family members,4.9833
n_mreason5,Reason for migration: Education (e.g. wanted to study here or take language clas,4.9833
n_mreason6,Reason for migration: Political (did not feel safe in the country of birth),4.9833
n_mreason7,Reason for migration: Simply wanted to live in another country / in the UK,4.9833
n_mreason97,Reason for migration: Other,4.9833
n_citzn1,UK citizen uk citizen,3.1315
n_citzn2,citizen of country of birth,3.1315
n_citzn3,citizen of other country,3.1315
n_qfvoc1,Vocational qualifications: Youth training certificate,7.2251
n_qfvoc2,Vocational qualifications: Key Skills,7.2251
n_qfvoc3,Vocational qualifications: Basic skills,7.2251
n_qfvoc4,Vocational qualifications: Entry lvl qual (Wales),7.2251
n_qfvoc5,Vocational qualifications: Modern/trade apprentice,7.2251
n_qfvoc6,Vocational qualifications: RSA/OCR/Cleri/comm qual,7.2251
n_qfvoc7,Vocational qualifications: City and Guilds Cert,7.2251
n_qfvoc8,Vocational qualifications: GNVQ/GSVQ,7.2251
n_qfvoc16,NVQ/SVQ,5.7603
n_qfvoc11,Vocational qualifications: HNC/HND,7.2251
n_qfvoc12,Vocational qualifications: ONC/OND,7.2251
n_qfvoc13,Vocational qualifications: BTEC/BEC/TEC/EdExcel/LQL,7.2251
n_qfvoc14,Vocational qualifications: SCOTVEC/SCOTEC/SCOTBEC,7.2251
n_qfvoc15,Vocational qualifications: Other voc/tech/prof qual,7.2251
n_qfvoc96,Vocational qualifications: None of the above,7.2251
n_apprent1,Traditional apprenticeship,0.1939
n_apprent2,Intermediate/Level 2/Foundation Modern,0.1939
n_apprent3,Advanced/Level 3/Advanced Modern,0.1939
n_apprent4,Higher/Level 4 or 5,0.1939
n_apprent5,Degree/Level 6,0.3034
n_apprent6,Degree/Level 7,0.3034
n_rsaocr1,"RSA/OCR level: RSA certificate (including Stage I,II & III) / OCR Level 1",0.1851
n_rsaocr2,RSA/OCR level: Diploma / OCR Level 2,0.1851
n_rsaocr3,RSA/OCR level: Advanced diploma or advanced certificate / OCR Level 3,0.1851
n_rsaocr4,RSA/OCR level: Higher diploma / OCR Level 4,0.1851
n_citygld1,Part 1 / Foundation,0.4799
n_citygld2,Part 2 / Craft / Intermediate,0.4799
n_citygld3,Part 3 / Advanced Craft / Final,0.4799
n_citygld4,Part 4 / Career Extension / Full Technological Certificate,0.4799
n_gnsvq1,Foundation,0.1176
n_gnsvq2,Intermediate,0.1176
n_gnsvq3,Advanced,0.1176
n_nsvq1,NVQ/SVQ level: Level 1,0.6961
n_nsvq2,NVQ/SVQ level: Level 2,0.6961
n_nsvq3,NVQ/SVQ level: Level 3,0.6961
n_nsvq4,NVQ/SVQ level: Level 4,0.6961
n_nsvq5,NVQ/SVQ level: Level 5,0.6961
n_nsvq6,NVQ/SVQ level: Other NVQ/SVQ qualification,0.6961
n_btec1,First certificate or general certificate (below level 2),0.6729
n_btec2,First diploma or general diploma (level 2),0.6729
n_btec3,National Certificate or National Diploma level (level 3),0.6729
n_btec4,Higher level (level 4 or higher),0.6729
n_scotvec1,SCOTVEC/SCOTEC/SCOTBEC level: Modules towards a National Certificate,0.0276
n_scotvec2,SCOTVEC/SCOTEC/SCOTBEC level: First certificate or general certificate (below le,0.0276
n_scotvec3,SCOTVEC/SCOTEC/SCOTBEC level: First diploma or general diploma (level 2),0.0276
n_scotvec4,SCOTVEC/SCOTEC/SCOTBEC level: Full National Certificate(level 3),0.0276
n_scotvec5,SCOTVEC/SCOTEC/SCOTBEC level: Higher level (level 4),0.0276
n_ncs,National Citizen Service participation,12.0493
n_pgprob,Country father's father born in,13.5787
n_pgmrob,Country father's mother born in,13.5744
n_mgprob,Country mother's father born in,13.6578
n_mgmrob,Country mother's mother born in,13.7046
n_lvag16,Living with biological parents at 16,13.9242
n_agelh,Age stopped living with both biological parents,2.923
n_lvag14,Who living with at age 14,3.2026
n_ynlp14,Why not living with both biological parents,2.9494
n_natid1,National identity: English,11.3153
n_natid2,National identity: Welsh,11.3153
n_natid3,National identity: Scottish,11.3153
n_natid4,National identity: Northern Irish,11.3153
n_natid5,National identity: British,11.3153
n_natid6,National identity: Irish,11.3153
n_natid97,National identity: Other,11.3153
n_racelo_code,Specific code for generic ethnic groups,0.5542
n_racelot_code,Specific code for other ethnic groups,0.0592
n_racel_dv,"Ethnic group incorp. all waves, codings, modes and bhps",98.1482
n_spaid,Strength of identification with father's ethnicity,4.3247
n_smaid,Strength of identification with mother's ethnicity,0.7471
n_englang,English is first language,13.7882
n_kidlang,Childhood language,55.1684
n_ethid2,Importance of language spoken at home,5.1431
n_ethid3,Importance of English language,10.9483
n_ethid4a,Importance of own religion,7.6439
n_ethid4b,Importance of religion brought up in,2.0754
n_ethid5,Importance of region/city where live,10.9876
n_ethid6,Importance of country where born,5.0204
n_ethid7,Importance of region/city where grew up,10.9905
n_ethid8,Importance of mother's COB,5.0398
n_ethid9,Importance of father's COB,1.0855
n_ethid10,Importance of maternal grandmother's COB,2.0012
n_ethid11,Importance of maternal grandfather's COB,0.2347
n_ethid12,Importance of paternal grandmother's COB,0.242
n_ethid13,Importance of paternal grandfather's COB,0.2047
n_ethid14,Importance of skin colour,10.942
n_ethclose1,Closeness to speaker of same language,10.9803
n_ethclose2a,Closeness to someone of same religion as own,7.6279
n_ethclose2b,Closeness to someone of same religion as brought up in,2.0832
n_ethclose3,Closeness to compatriot,10.9944
n_ethclose4a,Closeness to someone of same region as brought up in,10.9954
n_ethclose4b,Closeness to someone of same region as currently live,10.9949
n_ethclose5,Closeness to someone of mother's COB,5.0359
n_ethclose6,Closeness to someone of father's COB,1.0845
n_ethclose7,Closeness to someone of maternal grandmother's COB,2.0041
n_ethclose8,Closeness to someone of maternal grandfather's COB,0.2347
n_ethclose9,Closeness to someone of paternal grandmother's COB,0.2435
n_ethclose10,Closeness to someone of paternal grandfather's COB,0.2056
n_ethclose11,Closeness to someone with same skin colour,10.974
n_pride2,Pride in language brought up in,4.7124
n_pride4a,Pride in own religion,6.6001
n_pride4b,Pride in religion brought up in,0.6068
n_pride6,Pride in birth country,4.1964
n_pride7,Pride in region brought up in,8.5455
n_pride5,Pride in region live in,7.9068
n_pride8,Pride in mother's COB,3.6653
n_pride9,Pride in father's COB,0.7067
n_pride10,Pride in maternal grandmother's COB,1.5128
n_pride11,Pride in maternal grandfather's COB,0.1339
n_pride12,Pride in paternal grandmother's COB,0.1276
n_pride13,Pride in paternal grandfather's COB,0.1067
n_pride14,Pride in colour of skin,6.7025
n_food1,Eats food from where born,10.973
n_food2,Eats food from mother's COB,5.0253
n_food3,Eats food from father's COB,1.0801
n_food4,Eats food from maternal grandmother's COB,1.9983
n_food5,Eats food from maternal grandfather's COB,0.2333
n_food6,Eats food from paternal grandmother's COB,0.2367
n_food7,Eats food from paternal grandfather's COB,0.2023
n_servuse1,Service use in last 12 months: Your local doctor,17.7887
n_servuse3,Service use in last 12 months: Social care services,17.7887
n_servuse4,Service use in last 12 months: A council housing department or housing associati,17.7887
n_servuse5,Service use in last 12 months: Police service,17.7887
n_servuse6,"Service use in last 12 months: Local leisure services, such as swimming pool, te",17.7887
n_servuse7,Service use in last 12 months: Adult education classes,17.7887
n_servuse8,Service use in last 12 months: A public library,17.7887
n_servuse9,Service use in last 12 months: A job centre,17.7887
n_servuse10,Service use in last 12 months: Advice services such as those relating to benefit,17.7887
n_servuse96,Service use in last 12 months: SPONTANEOUS: None of the above,17.7887
n_cancertyp1,Bowel/colorectal,0.2402
n_cancertyp2,Lung,0.2402
n_cancertyp3,Breast,0.2402
n_cancertyp4,Prostate,0.2402
n_cancertyp5,Liver,0.2402
n_cancertyp7,Other,0.2402
n_brainnervtyp1,Parkinson's disease,0.0981
n_brainnervtyp2,Motor Neurone disease,0.0981
n_brainnervtyp5,Cerebral palsy,0.0981
n_brainnervtyp6,Other,0.0981
n_gvupreas5,Family and friends want me to stop,7.3471
n_gvupreas6,Financial reasons (can't afford it),7.3471
n_gvupreas7,Worried about the effect on my children,7.3471
n_gvupreas8,Worried about the effect on other family members,7.3471
n_gvupreas9,Something else,7.3471
n_aidhua1,Resp. aids person number 1,7.2431
n_aidhua2,Resp. aids person number 2,7.2431
n_aidhua3,Resp. aids person number 3,7.2431
n_aidhua4,Resp. aids person number 4,7.2431
n_aidhua5,Resp. aids person number 5,7.2431
n_aidhua6,Resp. aids person number 6,7.2431
n_aidhua7,Resp. aids person number 7,7.2431
n_aidhua8,Resp. aids person number 8,7.2431
n_aidhua9,Resp. aids person number 9,7.2431
n_aidhua10,Resp. aids person number 10,7.2431
n_aidhua11,Resp. aids person number 11,7.2431
n_aidhua12,Resp. aids person number 12,7.2431
n_aidhua13,Resp. aids person number 13,7.2431
n_aidhua14,Resp. aids person number 14,7.2431
n_aidhua15,Resp. aids person number 15,7.2431
n_aidhua16,Resp. aids person number 16,7.2431
n_partpregfh,Partner pregnant,3.0758
n_pregduedffh,Pregnancy due day father,0.0874
n_pregduemffh,Pregnancy due month father,0.0874
n_pregdueyffh,Pregnancy due year father,0.0874
n_preg0fh,Currently pregnant,7.1157
n_pregduedmfh,Pregnancy due day mother,0.1692
n_pregduemmfh,Pregnancy due month mother,0.172
n_pregdueymfh,Pregnancy due year mother,0.172
n_reltopwcffh,Relationship to child's father,0.0338
n_pregftfh1,In vitro fertilisation treatment,0.0113
n_pregftfh3,Sperm donation,0.0113
n_pregftfh4,Egg donation,0.0113
n_pregftfh5,Artificial insemination,0.0113
n_pregftfh6,Other treatment,0.0113
n_pregftfh96,None of these,0.0113
n_movy11,Family related reasons,6.968
n_movy12,Education related reasons,6.968
n_movy13,Employer related reasons,6.968
n_movy14,Housing related reasons,6.968
n_movy15,Area related reasons,6.968
n_movy16,Or did you have to move for some other reason?,6.968
n_moveoth_code,moved for other reasons,1.2637
n_partpreg,Partner pregnant,8.5506
n_pregduedf,Pregnancy due day father,0.1945
n_pregduemf,Pregnancy due month father,0.1945
n_pregdueyf,Pregnancy due year father,0.0789
n_father,Fathered children since last interview,30.0159
n_nchild,Number of new children,1.0096
n_preg0,Currently pregnant,18.494
n_pregduedm,Pregnancy due day mother,0.358
n_pregduemm,Pregnancy due month mother,0.3609
n_pregdueym,Pregnancy due year mother,0.3158
n_reltopwcf,Relationship to child's father,0.0846
n_nnewborn,Number of newborns since last interview,89.2066
n_cancertypn1,Bowel/colorectal,1.6101
n_cancertypn2,Lung,1.6101
n_cancertypn3,Breast,1.6101
n_cancertypn4,Prostate,1.6101
n_cancertypn5,Liver,1.6101
n_cancertypn7,Other,1.6101
n_brainnervtypn1,Parkinson's disease,0.4486
n_brainnervtypn2,Motor Neurone disease,0.4486
n_brainnervtypn5,Cerebral palsy,0.4486
n_brainnervtypn6,Other,0.4486
n_qualnew1,New qualifications gained: Higher Degree,3.0911
n_qualnew35,New qualifications gained: PGCE,2.6841
n_qualnew36,"New qualifications gained: First degree level qualification (e.g. BA, BSc)",2.6841
n_qualnew37,New qualifications gained: Foundation degree,2.6841
n_qualnew3,New qualifications gained: Diploma in HE,3.0911
n_qualnew38,New qualifications gained: Teach qual sec/further ed (excl PGCE),2.6841
n_qualnew39,New qualifications gained: Teach qual prim ed (excl PGCE),2.6841
n_qualnew5,New qualifications gained: Nursing/other med qual,3.0911
n_qualnew6,New qualifications gained: Other higher degree,3.0911
n_qualnew40,New qualifications gained: Access to Higher Education (HE) Diploma,2.6841
n_qualnew7,New qualifications gained: A Level,3.0911
n_qualnew8,New qualifications gained: Welsh Baccalaureate,3.0911
n_qualnew9,New qualifications gained: Internt'l Baccalaureate,3.0911
n_qualnew10,New qualifications gained: AS Level,3.0911
n_qualnew41,New qualifications gained: Scottish Baccalaureate,2.6841
n_qualnew42,New qualifications gained: Advanced Higher,2.6841
n_qualnew13,New qualifications gained: GCSE,3.0911
n_qualnew15,New qualifications gained: Credit Standard Grade (National 5 / Intermediate 2),3.0911
n_qualnew32,New qualifications gained: General Standard Grade (National 4 / Intermediate 1),2.8687
n_qualnew33,New qualifications gained: Foundation Standard Grade (National 3 / Access 3),2.8687
n_qualnew16,New qualifications gained: Other school cert,3.0911
n_qualnew17,New qualifications gained: Youth training cert,3.0911
n_qualnew18,New qualifications gained: Key Skills,3.0911
n_qualnew19,New qualifications gained: Basic skills,3.0911
n_qualnew20,New qualifications gained: Entry lvl qual (Wales),3.0911
n_qualnew21,New qualifications gained: Modern apprenticeship,3.0911
n_qualnew22,New qualifications gained: RSA/OCR/Cleri/comm qual,3.0911
n_qualnew23,New qualifications gained: City and Guilds Cert,3.0911
n_qualnew24,New qualifications gained: GNVQ/GSVQ,3.0911
n_qualnew43,New qualifications gained: NVQ/SVQ,2.6841
n_qualnew27,New qualifications gained: HNC/HND,3.0911
n_qualnew28,New qualifications gained: ONC/OND,3.0911
n_qualnew29,New qualifications gained: BTEC/BEC/TEC/EdExcel/LQL,3.0911
n_qualnew30,New qualifications gained: SCOTVEC/SCOTEC/SCOTBEC,3.0911
n_qualnew31,New qualifications gained: Other voc/tech/prof qual,3.0911
n_napprent1,New apprenticeship level (obtained since last interview): Intermediate/Level 2/F,0.0044
n_napprent2,New apprenticeship level (obtained since last interview): Advanced/Level 3/Advan,0.0044
n_napprent3,New apprenticeship level (obtained since last interview): Higher/Level 4 or 5,0.0044
n_napprent4,Degree/Level 6,0.0032
n_napprent5,Degree/Level 7,0.0032
n_nrsaocr1,New RSA/OCR level (obtained since last interview): RSA certificate (including St,0.0031
n_nrsaocr2,New RSA/OCR level (obtained since last interview): Diploma / OCR Level 2,0.0031
n_nrsaocr3,New RSA/OCR level (obtained since last interview): Advanced diploma or advanced,0.0031
n_nrsaocr4,New RSA/OCR level (obtained since last interview): Higher diploma / OCR Level 4,0.0031
n_ncitygld1,New City and Guilds level (obtained since last interview): Part 1 / Foundation,0.0469
n_ncitygld2,New City and Guilds level (obtained since last interview): Part 2 / Craft / Inte,0.0469
n_ncitygld3,New City and Guilds level (obtained since last interview): Part 3 / Advanced Cra,0.0469
n_ncitygld4,New City and Guilds level (obtained since last interview): Part 4 / Career Exten,0.0469
n_ngnsvq1,New GNVQ/GSVQ level (obtained since last interview): Foundation,0.0057
n_ngnsvq2,New GNVQ/GSVQ level (obtained since last interview): Intermediate,0.0057
n_ngnsvq3,New GNVQ/GSVQ level (obtained since last interview): Advanced,0.0057
n_nnsvq1,New NVQ/SVQ level (obtained since last interview): Level 1,0.0816
n_nnsvq2,New NVQ/SVQ level (obtained since last interview): Level 2,0.0816
n_nnsvq3,New NVQ/SVQ level (obtained since last interview): Level 3,0.0816
n_nnsvq4,New NVQ/SVQ level (obtained since last interview): Level 4,0.0816
n_nnsvq5,New NVQ/SVQ level (obtained since last interview): Level 5,0.0816
n_nnsvq6,New NVQ/SVQ level (obtained since last interview): Other NVQ/SVQ qualification,0.0816
n_nbtec1,New GNVQ/GSVQ level (obtained since last interview): First certificate or genera,0.2356
n_nbtec2,New GNVQ/GSVQ level (obtained since last interview): First diploma or general di,0.2356
n_nbtec3,New GNVQ/GSVQ level (obtained since last interview): National Certificate or Nat,0.2356
n_nbtec4,New GNVQ/GSVQ level (obtained since last interview): Higher level (level 4 or hi,0.2356
n_nscotvec1,Modules towards a National Certificate,0.0009
n_nscotvec2,First certificate or general certificate (below level 2),0.0009
n_nscotvec3,First diploma or general diploma (level 2),0.0009
n_nscotvec4,Full National Certificate(level 3),0.0009
n_nscotvec5,Higher level (level 4),0.0009
n_trqual1,Training qualifications gained: Higher Degree,5.9564
n_trqual35,Training qualifications gained: PGCE,5.0593
n_trqual36,"Training qualifications gained: First degree level qualification (e.g. BA, BSc)",5.0593
n_trqual37,Training qualifications gained: Foundation degree,5.0593
n_trqual3,Training qualifications gained: Diploma in HE,5.9564
n_trqual38,Training qualifications gained: Teach qual sec/further ed (excl PGCE),5.0593
n_trqual39,Training qualifications gained: Teach qual prim ed (excl PGCE),5.0593
n_trqual5,Training qualifications gained: Nursing/other med qual,5.9564
n_trqual6,Training qualifications gained: Other higher degree,5.9564
n_trqual40,Training qualifications gained: Access to Higher Education (HE) Diploma,5.0593
n_trqual7,Training qualifications gained: A Level,5.9564
n_trqual8,Training qualifications gained: Welsh Baccalaureate,5.9564
n_trqual9,Training qualifications gained: International Baccalaureate,5.9564
n_trqual10,Training qualifications gained: AS Level,5.9564
n_trqual41,Training qualifications gained: Scottish Baccalaureate,5.0593
n_trqual42,Training qualifications gained: Advanced Higher,5.0593
n_trqual13,Training qualifications gained: GCSE,5.9564
n_trqual15,Training qualifications gained: Credit Standard Grade (National 5 / Intermediate,5.9564
n_trqual32,Training qualifications gained: General Standard Grade (National 4 / Intermediat,5.457
n_trqual33,Training qualifications gained: Foundation Standard Grade (National 3 / Access 3,5.457
n_trqual16,Training qualifications gained: Other school cert,5.9564
n_trqual17,Training qualifications gained: Youth training certificate,5.9564
n_trqual18,Training qualifications gained: Key Skills,5.9564
n_trqual19,Training qualifications gained: Basic skills,5.9564
n_trqual20,Training qualifications gained: Entry lvl qual (Wales),5.9564
n_trqual21,Training qualifications gained: Modern apprenticeship,5.9564
n_trqual22,Training qualifications gained: RSA/OCR/Cleri/comm qual,5.9564
n_trqual23,Training qualifications gained: City and Guilds Certificate,5.9564
n_trqual24,Training qualifications gained: GNVQ/GSVQ,5.9564
n_trqual43,Training qualifications gained: NVQ/SVQ,5.0593
n_trqual27,Training qualifications gained: HNC/HND,5.9564
n_trqual28,Training qualifications gained: ONC/OND,5.9564
n_trqual29,Training qualifications gained: BTEC/BEC/TEC/EdExcel/LQL,5.9564
n_trqual30,Training qualifications gained: SCOTVEC/SCOTEC/SCOTBEC,5.9564
n_trqual31,Training qualifications gained: Other voc/tech/prof qual,5.9564
n_trapprent1,Intermediate/Level 2/Foundation Modern,0.0548
n_trapprent2,Advanced/Level 3/Advanced Modern,0.0548
n_trapprent3,Higher/Level 4 or 5,0.0548
n_trapprent4,Degree/Level 6,0.0645
n_trapprent5,Degree/Level 7,0.0645
n_trrsaocr1,New training: RSA/OCR level (obtained since last interview): RSA certificate (in,0.0088
n_trrsaocr2,New training: RSA/OCR level (obtained since last interview): Diploma / OCR Level,0.0088
n_trrsaocr3,New training: RSA/OCR level (obtained since last interview): Advanced diploma or,0.0088
n_trrsaocr4,New training: RSA/OCR level (obtained since last interview): Higher diploma / OC,0.0088
n_trcitygld1,New training: City and Guilds level (obtained since last interview): Part 1 / Fo,0.1904
n_trcitygld2,New training: City and Guilds level (obtained since last interview): Part 2 / Cr,0.1904
n_trcitygld3,New training: City and Guilds level (obtained since last interview): Part 3 / Ad,0.1904
n_trcitygld4,New training: City and Guilds level (obtained since last interview): Part 4 / Ca,0.1904
n_trgnsvq1,New training: GNVQ/GSVQ level (obtained since last interview): Foundation,0.0171
n_trgnsvq2,New training: GNVQ/GSVQ level (obtained since last interview): Intermediate,0.0171
n_trgnsvq3,New training: GNVQ/GSVQ level (obtained since last interview): Advanced,0.0171
n_trnsvql1,New training: NVQ/SVQ level (obtained since last interview): Level 1,0.415
n_trnsvql2,New training: NVQ/SVQ level (obtained since last interview): Level 2,0.415
n_trnsvql3,New training: NVQ/SVQ level (obtained since last interview): Level 3,0.415
n_trnsvql4,New training: NVQ/SVQ level (obtained since last interview): Level 4,0.415
n_trnsvql5,New training: NVQ/SVQ level (obtained since last interview): Level 5,0.415
n_trnsvql6,New training: NVQ/SVQ level (obtained since last interview): Other NVQ/SVQ quali,0.415
n_trbtec1,New training: BTEC/BEC/TEC/EdExcel/LQL level (obtained since last interview): Fi,0.0811
n_trbtec2,New training: BTEC/BEC/TEC/EdExcel/LQL level (obtained since last interview): Fi,0.0811
n_trbtec3,New training: BTEC/BEC/TEC/EdExcel/LQL level (obtained since last interview): Na,0.0811
n_trbtec4,New training: BTEC/BEC/TEC/EdExcel/LQL level (obtained since last interview): Hi,0.0811
n_trscotvec1,New training: SCOTVEC/SCOTEC/SCOTBEC level (obtained since last interview): Modu,0.0026
n_trscotvec2,New training: SCOTVEC/SCOTEC/SCOTBEC level (obtained since last interview): Firs,0.0026
n_trscotvec3,New training: SCOTVEC/SCOTEC/SCOTBEC level (obtained since last interview): Firs,0.0026
n_trscotvec4,New training: SCOTVEC/SCOTEC/SCOTBEC level (obtained since last interview): Full,0.0026
n_trscotvec5,New training: SCOTVEC/SCOTEC/SCOTBEC level (obtained since last interview): High,0.0026
n_stendreas1,Reason most recent job ended: Promoted,4.9157
n_stendreas2,Reason most recent job ended: Left for better job,4.9157
n_stendreas3,Reason most recent job ended: Made redundant,4.9157
n_stendreas4,Reason most recent job ended: Dismissed/sacked,4.9157
n_stendreas12,Reason most recent job ended: Furloughed,4.4837
n_stendreas5,Reason most recent job ended: Temporary job ended,4.9157
n_stendreas6,Reason most recent job ended: Took retirement,4.9157
n_stendreas8,Reason most recent job ended: Left to have baby,4.9157
n_stendreas9,Reason most recent job ended: Look after family,4.9157
n_stendreas10,Reason most recent job ended: Look after other person,4.9157
n_stendreas11,Reason most recent job ended: Moved area,4.9157
n_stendreas97,Reason most recent job ended: Other reason,4.9157
n_matlvnew1,Maternity leave,1.0984
n_matlvnew2,Paternity leave,1.0984
n_matlvnew3,Adoption leave,1.0984
n_matlvnew4,Shared parental leave,1.0984
n_matlvnew5,No such leave,1.0984
n_matlvcode1,maternity leave no. 1: Type of leave taken - computed,0.9489
n_matlvcode2,maternity leave no. 2: Type of leave taken - computed,0.9489
n_matlvcode3,maternity leave no. 3: Type of leave taken - computed,0.9489
n_matlvcode4,maternity leave no. 4: Type of leave taken - computed,0.9489
n_jbendreas1,Reason job ended: Promoted,3.7558
n_jbendreas2,Reason job ended: Left for better job,3.7558
n_jbendreas3,Reason job ended: Made redundant,3.7558
n_jbendreas4,Reason job ended: Dismissed/sacked,3.7558
n_jbendreas5,Reason job ended: Temporary job ended,3.7558
n_jbendreas6,Reason job ended: Took retirement,3.7558
n_jbendreas8,Reason job ended: Left to have baby,3.7558
n_jbendreas9,Reason job ended: Look after family,3.7558
n_jbendreas10,Reason job ended: Look after other person,3.7558
n_jbendreas11,Reason job ended: Moved area,3.7558
n_jbendreas97,Reason job ended: Other reason,3.7558
n_nxtendreas1,Reason job ended: Promoted,0.932
n_nxtendreas2,Reason job ended: Left for better job,0.932
n_nxtendreas3,Reason job ended: Made redundant,0.932
n_nxtendreas4,Reason job ended: Dismissed/sacked,0.932
n_nxtendreas5,Reason job ended: Temporary job ended,0.932
n_nxtendreas6,Reason job ended: Took retirement,0.932
n_nxtendreas8,Reason job ended: Left to have baby,0.932
n_nxtendreas9,Reason job ended: Look after family,0.932
n_nxtendreas10,Reason job ended: Look after other person,0.932
n_nxtendreas11,Reason job ended: Moved area,0.932
n_nxtendreas97,Reason job ended: Other reason,0.932
n_jbwah,Working at home,35.4598
n_ovtpay,Additional pay for extra hours,30.0928
n_wktrv1,Drive myself by car or van,38.9743
n_wktrv2,Get a lift with someone from household,38.9743
n_wktrv3,Get a lift with someone outside the household,38.9743
n_wktrv4,Motorcycle/moped/scooter,38.9743
n_wktrv5,Taxi/minicab,38.9743
n_wktrv6,Bus/coach,38.9743
n_wktrv7,Train,38.9743
n_wktrv8,Underground/Metro/Tram/Light railway,38.9743
n_wktrv9,Cycle,38.9743
n_wktrv10,Walk,38.9743
n_wktrv97,Other,38.9743
n_firmdecline,Refused employer link information,10.6936
n_jswah,Working at home,4.3328
n_jswktrv1,Drive myself by car or van,4.1331
n_jswktrv2,Get a lift with someone from household,4.1331
n_jswktrv3,Get a lift with someone outside the household,4.1331
n_jswktrv4,Motorcycle/moped/scooter,4.1331
n_jswktrv5,Taxi/minicab,4.1331
n_jswktrv6,Bus/coach,4.1331
n_jswktrv7,Train,4.1331
n_jswktrv8,Underground/Metro/Tram/Light railway,4.1331
n_jswktrv9,Cycle,4.1331
n_jswktrv10,Walk,4.1331
n_jswktrv97,Other,4.1331
n_workdis,Distance from work,45.231
n_journeysat,Satisfaction with commute,41.202
n_workpark,Availability workplace parking,40.7124
n_workparkpay,Pay for work parking,36.6161
n_wkphys,Physicality of job,52.9134
n_jbperfp,Pay includes performance related pay,46.0264
n_jbonus,Pay includes bonuses or profit share,46.1489
n_jbrise,Pay includes annual increments,45.4697
n_tujbpl,Union or staff association at workplace,44.8035
n_tuin1,Member of workplace union,28.0837
n_jbpen,Pension: Employer runs a pension scheme,45.4989
n_jbpenm,Pension: Member of employer's scheme,36.1025
n_jbpeny4,Year pension started,28.9687
n_penmcn,Contributions made to employer's pension scheme,29.2591
n_penmpy,Percentage of pay/salary made,19.5257
n_penmtp,Final pension calculated,18.074
n_penspb,Partner receives benefits under occup pension scheme,18.6269
n_wktime,Times of day usually worked,53.2932
n_wkends,Usually works weekends,53.3065
n_jbflex1,Flexible working arrangements: Part-time working,45.4772
n_jbflex2,Flexible working arrangements: Working term-time only,45.4772
n_jbflex3,Flexible working arrangements: Job sharing,45.4772
n_jbflex4,Flexible working arrangements: Flexi-time,45.4772
n_jbflex5,Flexible working arrangements: Working compressed hours,45.4772
n_jbflex6,Flexible working arrangements: To work annualised hours,45.4772
n_jbflex7,Flexible working arrangements: To work from home on a regular basis,45.4772
n_jbflex9,Flexible working arrangements: Zero-hours contract,46.0865
n_jbflex10,Flexible working arrangements: On-call working,46.0865
n_jbflex8,Flexible working arrangements: Other flexible working arrangements,45.4772
n_jbflex96,Flexible working arrangements: None of these,45.4772
n_jbfxuse1,Flexible work use: Part-time working,34.9488
n_jbfxuse2,Flexible work use: Working term-time only,34.9488
n_jbfxuse3,Flexible work use: Job sharing,34.9488
n_jbfxuse4,Flexible work use: Flexi-time,34.9488
n_jbfxuse5,Flexible work use: Working compressed hours,34.9488
n_jbfxuse6,Flexible work use: To work annualised hours,34.9488
n_jbfxuse7,Flexible work use: To work from home on a regular basis,34.9488
n_jbfxuse9,Flexible work use: Zero-hours contract,36.0854
n_jbfxuse10,Flexible work use: On-call working,36.0854
n_jbfxuse8,Flexible work use: Other flexible working arrangements,34.9488
n_jbfxuse96,Flexible work use: None of these,34.9488
n_jbfxinf,Informal flexible working arrangements,46.1047
n_wktech1,Desktop computer,54.0036
n_wktech2,Laptop,54.0036
n_wktech3,Smartphone,54.0036
n_wktech4,Tablet,54.0036
n_wktech5,Feature phone / non-touchscreen mobile phone,54.0036
n_wktech6,Handheld device/PDA,54.0036
n_wktech97,Other devices,54.0036
n_wktech96,None of these,54.0036
n_wktechinet1,Desktop computer,45.2025
n_wktechinet2,Laptop,45.2025
n_wktechinet3,Smartphone,45.2025
n_wktechinet4,Tablet,45.2025
n_wktechinet5,Feature phone / non-touchscreen mobile phone,45.2025
n_wktechinet6,Handheld device/PDA,45.2025
n_wktechinet96,None of these,45.2025
n_wkhome,Working at/from home frequency,54.0175
n_wkaut1,Autonomy over job tasks,53.2452
n_wkaut2,Autonomy over work pace,53.2182
n_wkaut3,Autonomy over work manner,53.2198
n_wkaut4,Autonomy over task order,53.2282
n_wkaut5,Autonomy over work hours,53.2357
n_wkaut6,Autonomy over work location,53.8524
n_depenth1,Feels tense about job,53.1723
n_depenth2,Feels uneasy about job,53.1557
n_depenth3,Feels worried about job,53.1736
n_depenth4,Feels depressed about job,53.1686
n_depenth5,Feels gloomy about job,53.1477
n_depenth6,Feels miserable about job,53.1644
n_jblkcha,Would like: Better job with same employer,52.9377
n_jbxpcha,Expect: Better job with same employer,52.1507
n_jblkchb,Would like: Work related training,53.0248
n_jbxpchb,Expect: Work related training,52.1957
n_jblkchc,Would like: New job with a new employer,52.424
n_jbxpchc,Expect: New job with a new employer,51.3581
n_jblkchd,Would like: Start own business,52.884
n_jbxpchd,Expect: Start own business,52.6215
n_jblkche,Would like: Give up paid work,53.1015
n_jbxpche,Expect: Give up paid work,52.8111
n_jbsec,Job security in next 12 months,45.4268
n_nestlink,NEST consent,83.5045
n_nestesent,Email reminder sent of agreement for consent link to NEST records,29.6892
n_julk4x1,Looked for work in last 4 weeks: Applied directly to an employer,3.2367
n_julk4x2,Looked for work in last 4 weeks: Studied or replied to advertisements,3.2367
n_julk4x3,Looked for work in last 4 weeks: Searched for jobs/information about jobs on the,3.2367
n_julk4x4,Looked for work in last 4 weeks: Contacted a private employment agency or job ce,3.2367
n_julk4x5,Looked for work in last 4 weeks: Asked friends or contacts,3.2367
n_julk4x6,Looked for work in last 4 weeks: Taken steps to start your own business,3.2367
n_julk4x96,Looked for work in last 4 weeks: Or none of these steps,3.2367
n_mlrnotnew1,I prefer to look after my child(ren) myself,0.1962
n_mlrnotnew2,I cannot earn enough to pay for childcare,0.1962
n_mlrnotnew3,I cannot find suitable childcare,0.1962
n_mlrnotnew4,There are no jobs in the right place for me,0.1962
n_mlrnotnew5,There are no jobs with the right hours for me,0.1962
n_mlrnotnew6,There are no jobs available for me,0.1962
n_mlrnotnew7,I am in full-time education,0.1962
n_mlrnotnew8,I am on a training course,0.1962
n_mlrnotnew9,My family would lose benefits if I was earning,0.1962
n_mlrnotnew10,I am caring for an elderly or ill relative or friend,0.1962
n_mlrnotnew12,I prefer not to work,0.1962
n_mlrnotnew13,My spouse/partner disapproves,0.1962
n_mlrnotnew97,Some other reason,0.1962
n_volun,Volunteer in last 12 months,94.8241
n_volfreq,Frequency of volunteering,16.5248
n_volhrs,Hours spent volunteering in last 4 weeks,16.3724
n_lvreladp1,Mother,98.3782
n_lvreladp2,Father,98.3782
n_lvreladp4,Brothers/sisters,98.3782
n_lvreladp5,Grandchildren,98.3782
n_lvreladp6,Grandparents,98.3782
n_lvreladp7,Great Grandchildren,98.3782
n_lvreladp8,Great Grandparents,98.3782
n_lvreladp9,Step/adoptive mother,98.3782
n_lvreladp10,Step/adoptive father,98.3782
n_lvreladp11,Biological Son(s)/daughter(s),98.3782
n_lvreladp12,Adopted Son(s)/daughter(s),98.3782
n_lvreladp13,Step Son(s)/daughter(s),98.3782
n_lvreladp96,None of these,98.3782
n_nrels4,number of absent brothers/sisters,71.1943
n_nrels5,number of absent grandchildren,26.4303
n_nrels6,number of absent grandparents,18.4511
n_nrels7,number of absent great grandchildren,4.0946
n_nrels8,number of absent great grandparents,0.9071
n_nrels11,number of absent biological son(s)/daughter(s),37.1571
n_nrels12,number of absent adopted son(s)/daughter(s),0.9106
n_nrels13,number of absent step son(s)/daughter(s),5.5144
n_biou161,Biological children under 16 not living in HH,38.0987
n_biou16num1,Number Biological children under 16 not living in HH,1.356
n_adopu161,Adopted children under 16 not living in HH,1.0206
n_adopu16num1,Number Adopted children under 16 not living in HH,0.0254
n_stepu161,Step children under 16 not living in HH,5.6553
n_stepu16num1,Number Step children under 16 not living in HH,0.2847
n_lchcliv16,Where currently live -children under 16,0.0902
n_lchcar16,Care arrangements - children under 16 outside UK,0.031
n_lch2uk16,Children under 16 to come to the UK,0.031
n_paaid1,Giving them lifts in your car (if you have one),48.3501
n_paaid2,Shopping for them,48.3501
n_paaid3,Providing or cooking meals,48.3501
n_paaid4,"Helping with basic personal needs like dressing, eating or bathing",48.3501
n_paaid5,"Washing, ironing or cleaning",48.3501
n_paaid6,"Dealing with personal affairs e.g. paying bills, writing letters",48.3501
n_paaid7,"Decorating, gardening or house repairs",48.3501
n_paaid8,Financial help,48.3501
n_paaid97,Anything else,48.3501
n_paaid96,None of these,48.3501
n_paidu1,Getting a lift in their car (if they have one),48.3169
n_paidu2,Shopping for you,48.3169
n_paidu3,Providing or cooking meals,48.3169
n_paidu4,Looking after your children,48.3169
n_paidu5,"Washing, ironing or cleaning",48.3169
n_paidu6,"Dealing with personal affairs e.g. paying bills, writing letters",48.3169
n_paidu7,"Decorating, gardening or house repairs",48.3169
n_paidu8,Financial help,48.3169
n_paidu97,Anything else,48.3169
n_paidu96,None of these,48.3169
n_chaid161,Giving them lifts in your car (if you have one),39.7263
n_chaid162,Shopping for them,39.7263
n_chaid163,Providing or cooking meals,39.7263
n_chaid164,Looking after their children,39.7263
n_chaid165,"Washing, ironing or cleaning",39.7263
n_chaid166,"Dealing with personal affairs e.g. paying bills, writing letters",39.7263
n_chaid167,"Decorating, gardening or house repairs",39.7263
n_chaid168,Financial help,39.7263
n_chaid1697,Anything else,39.7263
n_chaid1696,None of these,39.7263
n_caidu161,Getting lifts in their car (if they have one),39.697
n_caidu162,Shopping for you,39.697
n_caidu163,Providing or cooking meals,39.697
n_caidu164,"Help with basic personal needs like dressing, eating or bathing",39.697
n_caidu165,"Washing, ironing or cleaning",39.697
n_caidu166,"Dealing with personal affairs e.g. paying bills, writing letters",39.697
n_caidu167,"Decorating, gardening or house repairs",39.697
n_caidu168,Financial help,39.697
n_caidu1697,Anything else,39.697
n_caidu1696,None of these,39.697
n_benbase1,Income: Receives core benefits: Income Support,96.5809
n_benbase2,Income: Receives core benefits: Job Seeker's Allowance,96.5809
n_benbase3,Income: Receives core benefits: Child Benefit,96.5809
n_benbase4,Income: Receives core benefits: Universal Credit,96.5809
n_benbase96,Income: Receives core benefits: None of these,96.5809
n_benpen1,Income: Pensions: State Retirement (Old Age) Pension,69.4224
n_benpen2,Income: Pensions: A pension from a previous employer,69.4224
n_benpen3,Income: Pensions: A pension from a spouse's previous employer,69.4224
n_benpen4,Income: Pensions: Pension Credit including Guarantee Credit & Savings Credit,69.4224
n_benpen5,Income: Pensions: Private Pension or Annuity,69.4224
n_benpen6,Income: Pensions: Widow's or War Widow's Pension,69.4224
n_benpen7,"Income: Pensions: Widowed Mother's Allowance, Parent's Allowance or Bereavement",69.4224
n_benpen8,Income: Pensions: War Disablement Pension,69.4224
n_benpen96,Income: Pensions: None of these,69.4224
n_othben1,Other benefits or credits: Foster Allowance,96.5324
n_othben2,Other benefits or credits: Maternity Allowance,96.5324
n_othben5,Other benefits or credits: Working Tax Credit,96.5324
n_othben6,Other benefits or credits: Council Tax Reduction,96.5324
n_othben7,Other benefits or credits: Rate Rebate,96.5324
n_othben8,Other benefits or credits: Housing Benefit,96.5324
n_othben9,Other benefits or credits: Rent Rebate,96.5324
n_othben10,Scottish Child Payment,98.3006
n_othben97,Other benefits or credits: Any other state benefit or credit,96.5324
n_othben96,Other benefits or credits: None of these,96.5324
n_bensta8,Income: Other sources: Student Loan and/or Tuition Fee Loan,96.6385
n_bensta2,Income: Other sources: Other Education Grant,94.7386
n_bensta3,Income: Other sources: Trade Union or Friendly Society Payment,94.7386
n_bensta4,Income: Other sources: Maintenance or Alimony,94.7386
n_bensta5,Income: Other sources: Payments from a family member not living with you,94.7386
n_bensta6,Income: Other sources: Rent from Boarders or Lodgers (not family members) living,94.7386
n_bensta7,Income: Other sources: Rent from any other property even if that only covers tha,94.7386
n_bensta97,Income: Other sources: Or any other regular payment,94.9914
n_bensta96,Income: Other sources: None of these,94.7386
n_missource01,Income source enumerated at previous wave but not current wave: NI Retirement/St,97.6121
n_missource02,Income source enumerated at previous wave but not current wave: A Pension from a,97.6121
n_missource03,Income source enumerated at previous wave but not current wave: A Pension from a,97.6121
n_missource04,Income source enumerated at previous wave but not current wave: A Private Pensio,97.6121
n_missource05,Income source enumerated at previous wave but not current wave: A Widow's or War,97.6121
n_missource06,Income source enumerated at previous wave but not current wave: A Widowed Mother,97.6121
n_missource07,Income source enumerated at previous wave but not current wave: Pension Credit (,97.6121
n_missource08,Income source enumerated at previous wave but not current wave: Severe Disableme,97.6121
n_missource09,Income source enumerated at previous wave but not current wave: Industrial Injur,97.6121
n_missource11,Income source enumerated at previous wave but not current wave: Attendance Allow,97.6121
n_missource12,Income source enumerated at previous wave but not current wave: Carer's Allowanc,97.6121
n_missource13,Income source enumerated at previous wave but not current wave: War Disablement,97.6121
n_missource14,Income source enumerated at previous wave but not current wave: Incapacity Benef,97.6121
n_missource15,Income source enumerated at previous wave but not current wave: Income Support,97.6121
n_missource16,Income source enumerated at previous wave but not current wave: Job Seeker's All,97.6121
n_missource18,Income source enumerated at previous wave but not current wave: Child Benefit (i,97.6121
n_missource19,Income source enumerated at previous wave but not current wave: Child Tax Credit,97.6121
n_missource20,Income source enumerated at previous wave but not current wave: Working Tax Cred,97.6121
n_missource21,Income source enumerated at previous wave but not current wave: Maternity Allowa,97.6121
n_missource22,Income source enumerated at previous wave but not current wave: Housing Benefit,97.6121
n_missource23,Income source enumerated at previous wave but not current wave: Council Tax Bene,97.6121
n_missource24,Income source enumerated at previous wave but not current wave: Educational Gran,97.6121
n_missource25,Income source enumerated at previous wave but not current wave: Trade Union / Fr,97.6121
n_missource26,Income source enumerated at previous wave but not current wave: Maintenance or A,97.6121
n_missource27,Income source enumerated at previous wave but not current wave: Payments from a,97.6121
n_missource28,Income source enumerated at previous wave but not current wave: Rent from Boarde,97.6121
n_missource29,Income source enumerated at previous wave but not current wave: Rent from any ot,97.6121
n_missource30,Income source enumerated at previous wave but not current wave: Foster Allowance,97.6121
n_missource31,Income source enumerated at previous wave but not current wave: Rent Rebate,97.6121
n_missource32,Income source enumerated at previous wave but not current wave: Rate Rebate,97.6121
n_missource33,Income source enumerated at previous wave but not current wave: Employment and S,97.6121
n_missource35,Income source enumerated at previous wave but not current wave: Sickness and Acc,97.6121
n_missource38,Income source enumerated at previous wave but not current wave: Any other regula,97.6121
n_missource39,Income source enumerated at previous wave but not current wave: Any other state,97.6121
n_missource40,Income source enumerated at previous wave but not current wave: Universal Credit,97.6121
n_missource41,Income source enumerated at previous wave but not current wave: Personal Indepen,97.6121
n_missource42,Income source enumerated at previous wave but not current wave: Student Loan and,99.5939
n_missource45,Income source enumerated at previous wave but not current wave: Pension Age Disa,99.6956
n_missource46,Income source enumerated at previous wave but not current wave: Scottish Child P,99.6956
n_nfh01,Further income: NI Retirement/State Retirement (Old Age) Pension,0.5906
n_nfh02,Further income: A Pension From A Previous Employer,1.6392
n_nfh03,Further income: A Pension From A Spouse's Previous Employer,0.9711
n_nfh04,Further income: A Private Pension/Annuity,2.3132
n_nfh05,Further income: A Widow's Or War Widow's Pension,0.2753
n_nfh06,Further income: A Widowed Mother's Allowance / Widowed Parent's Allowance / Bere,0.0615
n_nfh07,Further income: Pension Credit (includes Guarantee Credit & Saving Credit),0.8985
n_nfh08,Further income: Severe Disablement Allowance,0.269
n_nfh09,Further income: Industrial Injury Disablement Allowance,0.0993
n_nfh11,Further income: Attendance Allowance,0.4496
n_nfh12,Further income: Carer's Allowance (formerly Invalid Care Allowance),0.786
n_nfh13,Further income: War Disablement Pension,0.038
n_nfh14,Further income: Incapacity Benefit,0.606
n_nfh15,Further income: Income Support,1.055
n_nfh16,Further income: Job Seeker's Allowance,0.7482
n_nfh18,Further income: Child Benefit (including Lone-Parent Child Benefit Payments),3.9378
n_nfh19,Further income: Child Tax Credit,2.9982
n_nfh20,Further income: Working Tax Credit (includes Disabled Person's Tax Credit),1.8253
n_nfh21,Further income: Maternity Allowance,0.2425
n_nfh22,Further income: Housing Benefit,1.7165
n_nfh23,Further income: Council Tax Benefit,3.8498
n_nfh24,Further income: Educational Grant (not Student Loan Or Tuition Fee Loan sou,0.9136
n_nfh25,Further income: Trade Union / Friendly Society Payment,0.0352
n_nfh26,Further income: Maintenance Or Alimony,0.6309
n_nfh27,Further income: Payments From A Family Member Not Living Here,0.6778
n_nfh28,Further income: Rent From Boarders Or Lodgers (not Family Members) Living Here W,0.3176
n_nfh29,Further income: Rent From Any Other Property,1.4444
n_nfh30,Further income: Foster Allowance / Guardian Allowance,0.0585
n_nfh31,Further income: Rent Rebate,0.1968
n_nfh32,Further income: Rate Rebate,0.216
n_nfh33,Further income: Employment And Support Allowance,0.5138
n_nfh35,Further income: Sickness And Accident Insurance,0.0295
n_nfh38,Further income: Any Other Regular Payment,0.9602
n_nfh39,Further income: Any Other State Benefit sources,0.6434
n_nfh40,Further income sources: Universal Credit,0.6589
n_nfh41,Further income sources: Personal Independence Payments,0.4925
n_nfh42,Further income sources: Student loan and/or tuition fee loan,0.4977
n_nfh46,Scottish Child Payment : Further income sources,0.0
n_scrf1,Self-completion refused: Didn't like computer,2.94
n_scrf2,Self-completion refused: Child crying/needed attention etc.,2.94
n_scrf3,Self-completion refused: Worried about confidentiality,2.94
n_scrf4,Self-completion refused: Concerned because someone else was present,2.94
n_scrf5,Self-completion refused: Couldn't be bothered,2.94
n_scrf6,Self-completion refused: Interview taking too long/ran out of time,2.94
n_scrf97,Self-completion refused: Other,2.94
n_scun2,Reason unable to complete: Reading/literacy problems,1.3939
n_scun3,Reason unable to complete: Language problems,1.3939
n_scun97,Reason unable to complete: Other,1.3939
n_yajbsrv1,Used career advice: Friends and/or relatives,0.7762
n_yajbsrv9,"Teacher, lecturer or tutor",0.4873
n_yajbsrv10,School or college careers advisor,0.4873
n_yajbsrv3,Used career advice: Connexions,0.7762
n_yajbsrv4,Used career advice: Apprenticeships website,0.7762
n_yajbsrv11,The National Career Service,0.4873
n_yajbsrv12,Find a Job Service,0.4873
n_yajbsrv8,Used career advice: Job centre Plus,0.7482
n_yajbsrv7,Used career advice: Anyone else,0.7762
n_yajbsrv96,Used career advice: None of the above,0.7762
n_ncrr3,Definite decision not to live together,7.5817
n_ncrr4,Whose decision to live apart,3.1507
n_ncrremote,Frequency remote contact partner,7.8289
n_ncrr11,Intention to live together within 3 years,7.4021
n_ncrra,Have children with non co-resident partner,7.8542
n_ncrridall,Number for children respondent has with non-resident other parent,0.6061
n_ncrrawhich01,Children non co-resident partner is parent of PNO 1 from HHGrid,0.2227
n_ncrrawhich02,Children non co-resident partner is parent of PNO 2 from HHGrid,0.2227
n_ncrrawhich03,Children non co-resident partner is parent of PNO 3 from HHGrid,0.2227
n_ncrrawhich04,Children non co-resident partner is parent of PNO 4 from HHGrid,0.2227
n_ncrrawhich05,Children non co-resident partner is parent of PNO 5 from HHGrid,0.2227
n_ncrrawhich06,Children non co-resident partner is parent of PNO 6 from HHGrid,0.2227
n_ncrrawhich07,Children non co-resident partner is parent of PNO 7 from HHGrid,0.2227
n_ncrrawhich08,Children non co-resident partner is parent of PNO 8 from HHGrid,0.2227
n_ncrrawhich09,Children non co-resident partner is parent of PNO 9 from HHGrid,0.2227
n_ncrrawhich10,Children non co-resident partner is parent of PNO 10 from HHGrid,0.2227
n_ncrrawhich11,Children non co-resident partner is parent of PNO 11 from HHGrid,0.2227
n_ncrrawhich12,Children non co-resident partner is parent of PNO 12 from HHGrid,0.2227
n_ncrrawhich13,Children non co-resident partner is parent of PNO 13 from HHGrid,0.2227
n_ncrrawhich14,Children non co-resident partner is parent of PNO 14 from HHGrid,0.2227
n_ncrrawhich15,Children non co-resident partner is parent of PNO 15 from HHGrid,0.2227
n_ncrrawhich16,Children non co-resident partner is parent of PNO 16 from HHGrid,0.2227
n_ncrrawhich17,Children non co-resident partner is parent of nrcidnumber 1 from nonresid,0.2227
n_ncrrawhich18,Children non co-resident partner is parent of nrcidnumber 2 from nonresid,0.2227
n_ncrrawhich19,Children non co-resident partner is parent of nrcidnumber 3 from nonresid,0.2227
n_ncrrawhich20,Children non co-resident partner is parent of nrcidnumber 4 from nonresid,0.2227
n_ncrrawhich21,Children non co-resident partner is parent of nrcidnumber 5 from nonresid,0.2227
n_ncrrawhich22,Children non co-resident partner is parent of nrcidnumber 6 from nonresid,0.2227
n_ncrrawhich23,Children non co-resident partner is parent of nrcidnumber 7 from nonresid,0.2227
n_ncrrawhich24,Children non co-resident partner is parent of nrcidnumber 8 from nonresid,0.2227
n_ncrrawhich25,Children non co-resident partner is parent of nrcidnumber 9 from nonresid,0.2227
n_ncrrawhich26,Children non co-resident partner is parent of nrcidnumber 10 from nonresid,0.2227
n_ncrrawhich27,Children non co-resident partner is parent of nrcidnumber 11 from nonresid,0.2227
n_ncrrawhich28,Children non co-resident partner is parent of nrcidnumber 12 from nonresid,0.2227
n_ncrrawhich29,Children non co-resident partner is parent of nrcidnumber 13 from nonresid,0.2227
n_ncrrawhich30,Children non co-resident partner is parent of nrcidnumber 14 from nonresid,0.2227
n_ncrrawhich31,Children non co-resident partner is parent of nrcidnumber 15 from nonresid,0.2227
n_ncrrawhich32,Children non co-resident partner is parent of nrcidnumber 16 from nonresid,0.2227
n_ncrrawhich33,Children non co-resident partner is parent of nrcidnumber 17 from nonresid,0.2227
n_ncrrawhich34,Children non co-resident partner is parent of nrcidnumber 18 from nonresid,0.2227
n_ncrrawhich35,Children non co-resident partner is parent of nrcidnumber 19 from nonresid,0.2227
n_ncrrawhich36,Children non co-resident partner is parent of nrcidnumber 20 from nonresid,0.2227
n_ncrrawhich37,Partner is not a parent of any of these children,0.2227
n_ncrrawhich38,Don't know,0.2312
n_ncrrawhich39,Refused,0.2312
n_ncrramore,More children with this partner,0.2143
n_ncrrb,More than one child together,0.1039
n_ncrrpreg,Partner currently pregnant,2.3668
n_ncrrdueyffh,Partner's child's DOB: year,0.0161
n_scwhorupro,Important who you are: Profession,83.3857
n_scwhoruedu,Important who you are: Education,86.193
n_scwhorurac,Important who you are: Ethnic background,85.7686
n_scwhorupol,Important who you are: Political beliefs,85.6032
n_scwhorufam,Important who you are: Family,87.6359
n_scwhorusex,Important who you are: Gender,86.7173
n_scwhoruage,Important who you are: Age/life stage,87.1819
n_scgentrust,How much trust people,96.8707
n_scpundstnd,Spouse/partner understands way I feel,54.7914
n_scprely,Can rely on spouse/partner,54.8189
n_scpopenup,Can talk about worries with spouse/partner,54.7991
n_scpcritic,Spouse/partner criticises me,54.7602
n_scpletdwn,Spouse/partner lets me down,54.7476
n_scpannoy,Spouse/partner gets on my nerves,54.729
n_screlany,Has immediate family,87.0814
n_scrundstnd,Family understands way I feel,82.2979
n_scrrely,Can rely on family,82.3842
n_scropenup,Can talk about my worries with family,82.3368
n_scrcritic,Family criticises me,82.0959
n_scrletdwn,Family lets me down,82.1912
n_scrannoy,Family gets on my nerves,82.2458
n_scfrendany,Has friends,87.2241
n_scfundstnd,Friends understand way I feel,81.3397
n_scfrely,Can rely on friends,81.3493
n_scfopenup,Can talk about my worries with friends,81.3116
n_scfcritic,Friends criticise me,81.0114
n_scfletdwn,Friends let me down,81.1869
n_scfannoy,Friends get on my nerves,81.2564
n_scssup1,Sex of closest friend,85.4648
n_scssupr2r,Relationship of closest friend to resp,80.2845
n_ienddathh,Time at end of individual interview (hours),88.518
n_ienddatmm,Time at end of individual interview (minutes),88.518
n_ienddatss,Time at end of individual interview (seconds),88.518
n_ienddaty,Date at end of individual interview (year),87.0101
n_ienddatm,Date at end of individual interview (month),87.0101
n_ienddatd,Date at end of individual interview (day),87.0101
n_deviceused,Device used,99.0736
n_lacyb41,adoptedchild no. 1: Year adopted child joined resp HH,0.2114
n_laclv1,adoptedchild no. 1: Adopted child still lives in resp HH,0.2312
n_lacno1,adoptedchild no. 1: PNO of adopted child in HH,0.0648
n_lchchkadp1,adoptedchild no. 1: Date of birth check - resident adopted child,0.0592
n_lachhgmis1,adoptedchild no. 1: Child's other parent lives in household,0.0
n_lacyd41,adoptedchild no. 1: Year of death - adopted child,0.0056
n_lacsx1,adoptedchild no. 1: Sex of adopted child,0.1692
n_lacal1,adoptedchild no. 1: Age of adopted child when last lived with resp,0.1466
n_lacby41,adoptedchild no. 1: Year of birth - adopted child,0.1551
n_reltopwcafh1,adoptedchild no. 1: Relationship to child's mother/father,0.0056
n_lacyb42,adoptedchild no. 2: Year adopted child joined resp HH,0.0959
n_laclv2,adoptedchild no. 2: Adopted child still lives in resp HH,0.1071
n_lacno2,adoptedchild no. 2: PNO of adopted child in HH,0.0451
n_lchchkadp2,adoptedchild no. 2: Date of birth check - resident adopted child,0.0451
n_lachhgmis2,adoptedchild no. 2: Child's other parent lives in household,0.0
n_lacyd42,adoptedchild no. 2: Year of death - adopted child,0.0
n_lacsx2,adoptedchild no. 2: Sex of adopted child,0.062
n_lacal2,adoptedchild no. 2: Age of adopted child when last lived with resp,0.0507
n_lacby42,adoptedchild no. 2: Year of birth - adopted child,0.0479
n_reltopwcafh2,adoptedchild no. 2: Relationship to child's mother/father,0.0028
n_lacyb43,adoptedchild no. 3: Year adopted child joined resp HH,0.0113
n_laclv3,adoptedchild no. 3: Adopted child still lives in resp HH,0.0169
n_lacno3,adoptedchild no. 3: PNO of adopted child in HH,0.0056
n_lchchkadp3,adoptedchild no. 3: Date of birth check - resident adopted child,0.0056
n_lachhgmis3,adoptedchild no. 3: Child's other parent lives in household,0.0
n_lacyd43,adoptedchild no. 3: Year of death - adopted child,0.0028
n_lacsx3,adoptedchild no. 3: Sex of adopted child,0.0113
n_lacal3,adoptedchild no. 3: Age of adopted child when last lived with resp,0.0056
n_lacby43,adoptedchild no. 3: Year of birth - adopted child,0.0056
n_reltopwcafh3,adoptedchild no. 3: Relationship to child's mother/father,0.0
n_lacyb44,adoptedchild no. 4: Year adopted child joined resp HH,0.0028
n_laclv4,adoptedchild no. 4: Adopted child still lives in resp HH,0.0056
n_lacno4,adoptedchild no. 4: PNO of adopted child in HH,0.0
n_lchchkadp4,adoptedchild no. 4: Date of birth check - resident adopted child,0.0
n_lachhgmis4,adoptedchild no. 4: Child's other parent lives in household,0.0
n_lacyd44,adoptedchild no. 4: Year of death - adopted child,0.0
n_lacsx4,adoptedchild no. 4: Sex of adopted child,0.0056
n_lacal4,adoptedchild no. 4: Age of adopted child when last lived with resp,0.0028
n_lacby44,adoptedchild no. 4: Year of birth - adopted child,0.0028
n_reltopwcafh4,adoptedchild no. 4: Relationship to child's mother/father,0.0
n_lacyb45,adoptedchild no. 5: Year adopted child joined resp HH,0.0
n_laclv5,adoptedchild no. 5: Adopted child still lives in resp HH,0.0028
n_lacno5,adoptedchild no. 5: PNO of adopted child in HH,0.0
n_lchchkadp5,adoptedchild no. 5: Date of birth check - resident adopted child,0.0
n_lachhgmis5,adoptedchild no. 5: Child's other parent lives in household,0.0
n_lacyd45,adoptedchild no. 5: Year of death - adopted child,0.0
n_lacsx5,adoptedchild no. 5: Sex of adopted child,0.0028
n_lacal5,adoptedchild no. 5: Age of adopted child when last lived with resp,0.0
n_lacby45,adoptedchild no. 5: Year of birth - adopted child,0.0
n_reltopwcafh5,adoptedchild no. 5: Relationship to child's mother/father,0.0
n_lacyb46,adoptedchild no. 6: Year adopted child joined resp HH,0.0
n_laclv6,adoptedchild no. 6: Adopted child still lives in resp HH,0.0028
n_lacno6,adoptedchild no. 6: PNO of adopted child in HH,0.0
n_lchchkadp6,adoptedchild no. 6: Date of birth check - resident adopted child,0.0
n_lachhgmis6,adoptedchild no. 6: Child's other parent lives in household,0.0
n_lacyd46,adoptedchild no. 6: Year of death - adopted child,0.0
n_lacsx6,adoptedchild no. 6: Sex of adopted child,0.0028
n_lacal6,adoptedchild no. 6: Age of adopted child when last lived with resp,0.0
n_lacby46,adoptedchild no. 6: Year of birth - adopted child,0.0
n_reltopwcafh6,adoptedchild no. 6: Relationship to child's mother/father,0.0
n_lacyb47,adoptedchild no. 7: Year adopted child joined resp HH,0.0
n_laclv7,adoptedchild no. 7: Adopted child still lives in resp HH,0.0
n_lacno7,adoptedchild no. 7: PNO of adopted child in HH,0.0
n_lchchkadp7,adoptedchild no. 7: Date of birth check - resident adopted child,0.0
n_lachhgmis7,adoptedchild no. 7: Child's other parent lives in household,0.0
n_lacyd47,adoptedchild no. 7: Year of death - adopted child,0.0
n_lacsx7,adoptedchild no. 7: Sex of adopted child,0.0
n_lacal7,adoptedchild no. 7: Age of adopted child when last lived with resp,0.0
n_lacby47,adoptedchild no. 7: Year of birth - adopted child,0.0
n_reltopwcafh7,adoptedchild no. 7: Relationship to child's mother/father,0.0
n_lmcbm1,cohab no. 1: Month began cohabitation spell,1.4889
n_lmcby41,cohab no. 1: Year began cohabitation spell,1.5122
n_currpart1,cohab no. 1: Check if current husband/wife/partner,1.0427
n_lmspm1,cohab no. 1: Month ended ML spell,0.3388
n_lmspy41,cohab no. 1: Year ended ML spell,0.3683
n_lmcbm2,cohab no. 2: Month began cohabitation spell,0.0392
n_lmcby42,cohab no. 2: Year began cohabitation spell,0.0417
n_currpart2,cohab no. 2: Check if current husband/wife/partner,0.0121
n_lmspm2,cohab no. 2: Month ended ML spell,0.0178
n_lmspy42,cohab no. 2: Year ended ML spell,0.0229
n_lmcbm3,cohab no. 3: Month began cohabitation spell,0.0079
n_lmcby43,cohab no. 3: Year began cohabitation spell,0.01
n_currpart3,cohab no. 3: Check if current husband/wife/partner,0.0076
n_lmspm3,cohab no. 3: Month ended ML spell,0.0052
n_lmspy43,cohab no. 3: Year ended ML spell,0.0081
n_lmcbm4,cohab no. 4: Month began cohabitation spell,0.0037
n_lmcby44,cohab no. 4: Year began cohabitation spell,0.0056
n_currpart4,cohab no. 4: Check if current husband/wife/partner,0.0071
n_lmspm4,cohab no. 4: Month ended ML spell,0.0022
n_lmspy44,cohab no. 4: Year ended ML spell,0.0044
n_lmcbm5,cohab no. 5: Month began cohabitation spell,0.0022
n_lmcby45,cohab no. 5: Year began cohabitation spell,0.003
n_currpart5,cohab no. 5: Check if current husband/wife/partner,0.0019
n_lmspm5,cohab no. 5: Month ended ML spell,0.0015
n_lmspy45,cohab no. 5: Year ended ML spell,0.0041
n_lmcbm6,cohab no. 6: Month began cohabitation spell,0.0
n_lmcby46,cohab no. 6: Year began cohabitation spell,0.0
n_currpart6,cohab no. 6: Check if current husband/wife/partner,0.0
n_lmspm6,cohab no. 6: Month ended ML spell,0.0
n_lmspy46,cohab no. 6: Year ended ML spell,0.0
n_lmcbm7,cohab no. 7: Month began cohabitation spell,0.0
n_lmcby47,cohab no. 7: Year began cohabitation spell,0.0
n_currpart7,cohab no. 7: Check if current husband/wife/partner,0.0
n_lmspm7,cohab no. 7: Month ended ML spell,0.0
n_lmspy47,cohab no. 7: Year ended ML spell,0.0
n_nextstat1,empl spell no. 1: Next employment status,1.8607
n_nextelse1,empl spell no. 1: Next non-employment status,0.6214
n_currstat1,empl spell no. 1: Current non-employment status,0.6195
n_nextjob1,empl spell no. 1: Next job,1.2292
n_currjob1,empl spell no. 1: Current job indicator,1.2361
n_jobhours1,empl spell no. 1: Next job hours,0.1934
n_reasend1_1,empl spell no. 1: Promoted,0.1836
n_reasend2_1,empl spell no. 1: Left for better job,0.1836
n_reasend3_1,empl spell no. 1: Made redundant,0.1836
n_reasend4_1,empl spell no. 1: Dismissed/sacked,0.1836
n_reasend5_1,empl spell no. 1: Temporary job ended,0.1836
n_reasend6_1,empl spell no. 1: Took retirement,0.1836
n_reasend8_1,empl spell no. 1: Left to have baby,0.1836
n_reasend9_1,empl spell no. 1: Look after family,0.1836
n_reasend10_1,empl spell no. 1: Look after other person,0.1836
n_reasend11_1,empl spell no. 1: Moved area,0.1836
n_reasend97_1,empl spell no. 1: Other reason,0.1836
n_jbatt1,empl spell no. 1: Main attraction of current job,0.9588
n_statendd1,empl spell no. 1: Employment status end: day,0.3293
n_statendm1,empl spell no. 1: Employment status end: month,0.3732
n_statendy41,empl spell no. 1: Employment status end: year,0.3764
n_reasendoth1_code,empl spell no. 1: Job finished for other reasons,0.0262
n_nextstat2,empl spell no. 2: Next employment status,0.3904
n_nextelse2,empl spell no. 2: Next non-employment status,0.1297
n_currstat2,empl spell no. 2: Current non-employment status,0.1278
n_nextjob2,empl spell no. 2: Next job,0.2575
n_currjob2,empl spell no. 2: Current job indicator,0.2595
n_jobhours2,empl spell no. 2: Next job hours,0.0524
n_reasend1_2,empl spell no. 2: Promoted,0.0527
n_reasend2_2,empl spell no. 2: Left for better job,0.0527
n_reasend3_2,empl spell no. 2: Made redundant,0.0527
n_reasend4_2,empl spell no. 2: Dismissed/sacked,0.0527
n_reasend5_2,empl spell no. 2: Temporary job ended,0.0527
n_reasend6_2,empl spell no. 2: Took retirement,0.0527
n_reasend8_2,empl spell no. 2: Left to have baby,0.0527
n_reasend9_2,empl spell no. 2: Look after family,0.0527
n_reasend10_2,empl spell no. 2: Look after other person,0.0527
n_reasend11_2,empl spell no. 2: Moved area,0.0527
n_reasend97_2,empl spell no. 2: Other reason,0.0527
n_jbatt2,empl spell no. 2: Main attraction of current job,0.1966
n_statendd2,empl spell no. 2: Employment status end: day,0.0868
n_statendm2,empl spell no. 2: Employment status end: month,0.0997
n_statendy42,empl spell no. 2: Employment status end: year,0.1005
n_reasendoth2_code,empl spell no. 2: Job finished for other reasons,0.006
n_nextstat3,empl spell no. 3: Next employment status,0.107
n_nextelse3,empl spell no. 3: Next non-employment status,0.0346
n_currstat3,empl spell no. 3: Current non-employment status,0.034
n_nextjob3,empl spell no. 3: Next job,0.0714
n_currjob3,empl spell no. 3: Current job indicator,0.0716
n_jobhours3,empl spell no. 3: Next job hours,0.0214
n_reasend1_3,empl spell no. 3: Promoted,0.0223
n_reasend2_3,empl spell no. 3: Left for better job,0.0223
n_reasend3_3,empl spell no. 3: Made redundant,0.0223
n_reasend4_3,empl spell no. 3: Dismissed/sacked,0.0223
n_reasend5_3,empl spell no. 3: Temporary job ended,0.0223
n_reasend6_3,empl spell no. 3: Took retirement,0.0223
n_reasend8_3,empl spell no. 3: Left to have baby,0.0223
n_reasend9_3,empl spell no. 3: Look after family,0.0223
n_reasend10_3,empl spell no. 3: Look after other person,0.0223
n_reasend11_3,empl spell no. 3: Moved area,0.0223
n_reasend97_3,empl spell no. 3: Other reason,0.0223
n_jbatt3,empl spell no. 3: Main attraction of current job,0.0481
n_statendd3,empl spell no. 3: Employment status end: day,0.0277
n_statendm3,empl spell no. 3: Employment status end: month,0.0326
n_statendy43,empl spell no. 3: Employment status end: year,0.033
n_reasendoth3_code,empl spell no. 3: Job finished for other reasons,0.0052
n_nextstat4,empl spell no. 4: Next employment status,0.0354
n_nextelse4,empl spell no. 4: Next non-employment status,0.0136
n_currstat4,empl spell no. 4: Current non-employment status,0.0129
n_nextjob4,empl spell no. 4: Next job,0.0216
n_currjob4,empl spell no. 4: Current job indicator,0.0216
n_jobhours4,empl spell no. 4: Next job hours,0.0087
n_reasend1_4,empl spell no. 4: Promoted,0.0084
n_reasend2_4,empl spell no. 4: Left for better job,0.0084
n_reasend3_4,empl spell no. 4: Made redundant,0.0084
n_reasend4_4,empl spell no. 4: Dismissed/sacked,0.0084
n_reasend5_4,empl spell no. 4: Temporary job ended,0.0084
n_reasend6_4,empl spell no. 4: Took retirement,0.0084
n_reasend8_4,empl spell no. 4: Left to have baby,0.0084
n_reasend9_4,empl spell no. 4: Look after family,0.0084
n_reasend10_4,empl spell no. 4: Look after other person,0.0084
n_reasend11_4,empl spell no. 4: Moved area,0.0084
n_reasend97_4,empl spell no. 4: Other reason,0.0084
n_jbatt4,empl spell no. 4: Main attraction of current job,0.0123
n_statendd4,empl spell no. 4: Employment status end: day,0.0134
n_statendm4,empl spell no. 4: Employment status end: month,0.015
n_statendy44,empl spell no. 4: Employment status end: year,0.0148
n_reasendoth4_code,empl spell no. 4: Job finished for other reasons,0.0015
n_nextstat5,empl spell no. 5: Next employment status,0.017
n_nextelse5,empl spell no. 5: Next non-employment status,0.0059
n_currstat5,empl spell no. 5: Current non-employment status,0.0059
n_nextjob5,empl spell no. 5: Next job,0.0109
n_currjob5,empl spell no. 5: Current job indicator,0.0109
n_jobhours5,empl spell no. 5: Next job hours,0.005
n_reasend1_5,empl spell no. 5: Promoted,0.005
n_reasend2_5,empl spell no. 5: Left for better job,0.005
n_reasend3_5,empl spell no. 5: Made redundant,0.005
n_reasend4_5,empl spell no. 5: Dismissed/sacked,0.005
n_reasend5_5,empl spell no. 5: Temporary job ended,0.005
n_reasend6_5,empl spell no. 5: Took retirement,0.005
n_reasend8_5,empl spell no. 5: Left to have baby,0.005
n_reasend9_5,empl spell no. 5: Look after family,0.005
n_reasend10_5,empl spell no. 5: Look after other person,0.005
n_reasend11_5,empl spell no. 5: Moved area,0.005
n_reasend97_5,empl spell no. 5: Other reason,0.005
n_jbatt5,empl spell no. 5: Main attraction of current job,0.0059
n_statendd5,empl spell no. 5: Employment status end: day,0.0063
n_statendm5,empl spell no. 5: Employment status end: month,0.0075
n_statendy45,empl spell no. 5: Employment status end: year,0.0073
n_reasendoth5_code,empl spell no. 5: Job finished for other reasons,0.0021
n_nextstat6,empl spell no. 6: Next employment status,0.0092
n_nextelse6,empl spell no. 6: Next non-employment status,0.0031
n_currstat6,empl spell no. 6: Current non-employment status,0.0031
n_nextjob6,empl spell no. 6: Next job,0.0058
n_currjob6,empl spell no. 6: Current job indicator,0.0061
n_jobhours6,empl spell no. 6: Next job hours,0.0011
n_reasend1_6,empl spell no. 6: Promoted,0.0008
n_reasend2_6,empl spell no. 6: Left for better job,0.0008
n_reasend3_6,empl spell no. 6: Made redundant,0.0008
n_reasend4_6,empl spell no. 6: Dismissed/sacked,0.0008
n_reasend5_6,empl spell no. 6: Temporary job ended,0.0008
n_reasend6_6,empl spell no. 6: Took retirement,0.0008
n_reasend8_6,empl spell no. 6: Left to have baby,0.0008
n_reasend9_6,empl spell no. 6: Look after family,0.0008
n_reasend10_6,empl spell no. 6: Look after other person,0.0008
n_reasend11_6,empl spell no. 6: Moved area,0.0008
n_reasend97_6,empl spell no. 6: Other reason,0.0008
n_jbatt6,empl spell no. 6: Main attraction of current job,0.0049
n_statendd6,empl spell no. 6: Employment status end: day,0.0013
n_statendm6,empl spell no. 6: Employment status end: month,0.0011
n_statendy46,empl spell no. 6: Employment status end: year,0.0011
n_reasendoth6_code,empl spell no. 6: Job finished for other reasons,0.0005
n_ftedstartm1,edu spell no. 1: Month started FT education period,1.2844
n_ftedstarty41,edu spell no. 1: Year started FT education period,1.2907
n_ftedend1,edu spell no. 1: FT education period ended,1.3307
n_ft2endm1,edu spell no. 1: Month finished next FT education period,0.3639
n_ft2endy41,edu spell no. 1: Year finished next FT education period,0.3629
n_ftedmor1,edu spell no. 1: More FT education periods,0.6115
n_ftedstartm2,edu spell no. 2: Month started FT education period,0.015
n_ftedstarty42,edu spell no. 2: Year started FT education period,0.0148
n_ftedend2,edu spell no. 2: FT education period ended,0.0158
n_ft2endm2,edu spell no. 2: Month finished next FT education period,0.0065
n_ft2endy42,edu spell no. 2: Year finished next FT education period,0.0063
n_ftedmor2,edu spell no. 2: More FT education periods,0.0097
n_mstatch1,marst change 1: Legal marital status change,1.5943
n_statcm1,marst change 1: Month legal marital status changed,1.4798
n_statcy41,marst change 1: Year legal marital status changed,1.4796
n_divchk1,marst change 1: Divorce/CP dissolved date check,0.3289
n_divfin1,marst change 1: Divorce final check,0.0119
n_dvm1,marst change 1: Month divorce/CP dissolved,0.0053
n_dvy41,marst change 1: Year divorce/CP dissolved,0.0059
n_cmlstat1,marst change 1: Current legal marital status,1.6811
n_mstatch2,marst change 2: Legal marital status change,0.0667
n_statcm2,marst change 2: Month legal marital status changed,0.0639
n_statcy42,marst change 2: Year legal marital status changed,0.0635
n_divchk2,marst change 2: Divorce/CP dissolved date check,0.0091
n_divfin2,marst change 2: Divorce final check,0.0002
n_dvm2,marst change 2: Month divorce/CP dissolved,0.0002
n_dvy42,marst change 2: Year divorce/CP dissolved,0.0002
n_cmlstat2,marst change 2: Current legal marital status,0.071
n_mstatch3,marst change 3: Legal marital status change,0.0109
n_statcm3,marst change 3: Month legal marital status changed,0.0097
n_statcy43,marst change 3: Year legal marital status changed,0.0097
n_divchk3,marst change 3: Divorce/CP dissolved date check,0.0015
n_divfin3,marst change 3: Divorce final check,0.0002
n_dvm3,marst change 3: Month divorce/CP dissolved,0.0
n_dvy43,marst change 3: Year divorce/CP dissolved,0.0
n_cmlstat3,marst change 3: Current legal marital status,0.0109
n_mstatch4,marst change 4: Legal marital status change,0.0051
n_statcm4,marst change 4: Month legal marital status changed,0.004
n_statcy44,marst change 4: Year legal marital status changed,0.004
n_divchk4,marst change 4: Divorce/CP dissolved date check,0.0
n_divfin4,marst change 4: Divorce final check,0.0
n_dvm4,marst change 4: Month divorce/CP dissolved,0.0
n_dvy44,marst change 4: Year divorce/CP dissolved,0.0
n_cmlstat4,marst change 4: Current legal marital status,0.0047
n_matlvcod1,maternity leave no. 1: Maternity leave code,0.9489
n_matlvstartm1,maternity leave no. 1: Month started period of leave,0.9209
n_matlvstarty41,maternity leave no. 1: Year started period of leave,0.9209
n_matlvcurrstat1,maternity leave no. 1: If period ended,0.9489
n_matlleavendm1,maternity leave no. 1: Month ended period of leave,0.4734
n_matlleavendy41,maternity leave no. 1: Year ended period of leave,0.4755
n_matlvmore1,maternity leave no. 1: Other blocks of shared parental leave,0.0042
n_matlvcod2,maternity leave no. 2: Maternity leave code,0.0083
n_matlvstartm2,maternity leave no. 2: Month started period of leave,0.0083
n_matlvstarty42,maternity leave no. 2: Year started period of leave,0.0083
n_matlvcurrstat2,maternity leave no. 2: If period ended,0.0083
n_matlleavendm2,maternity leave no. 2: Month ended period of leave,0.0062
n_matlleavendy42,maternity leave no. 2: Year ended period of leave,0.0062
n_matlvmore2,maternity leave no. 2: Other blocks of shared parental leave,0.0052
n_lchlvfh1,natchild no. 1: Child resident - biological,14.7473
n_lchnofh1,natchild no. 1: PNO of resident biological child,6.4842
n_lchchkfh1,natchild no. 1: Date of birth check - resident biological child,5.9767
n_lchyd4fh1,natchild no. 1: Year biological child died,0.2847
n_lchsxfh1,"natchild no. 1: Sex of non-resident, deceased or stillborn biological child, or",8.6606
n_lchdoby1,natchild no. 1: Year of birth of non-resident or deceased biological child or bi,8.1109
n_lbchhgmis1,natchild no. 1: Child's other parent lives in household,0.406
n_lchalfh1,natchild no. 1: Child age last lived with resp,7.8148
n_bwtxpfh1,natchild no. 1: Child born when expected,2.4865
n_bwtelfh1,natchild no. 1: Child born early or late,1.0375
n_bwtwkfh1,natchild no. 1: Weeks early or late,1.029
n_bwtfh1,natchild no. 1: Birthweight,2.2638
n_bwtlbfh1,natchild no. 1: Birthweight in pounds,1.762
n_bwtozfh1,natchild no. 1: Birthweight in ounces,1.7535
n_bwtkfh1,natchild no. 1: Birthweight kilograms,0.4877
n_bwtg5fh1,natchild no. 1: Birthweight: more than 5.5lbs (2.5kg),0.2284
n_pregcesfh1,natchild no. 1: Cesarean delivery,2.4809
n_nbclmprbfh1,natchild no. 1: Problems calming child,0.1889
n_nbfussfh1,natchild no. 1: Amount of fussing or crying,0.1889
n_nbsleepfh1,natchild no. 1: Time for child to settle into sleep,0.1889
n_nbwakesfh1,natchild no. 1: Number of times child wakes at night,0.1889
n_nbrefeatfh1,natchild no. 1: Refuses to eat statement,0.1889
n_nbnoappfh1,natchild no. 1: No appetite statement,0.1889
n_reltopwcbfh1,natchild no. 1: Relationship to child's mother/father,0.9191
n_lchlvfh2,natchild no. 2: Child resident - biological,10.9188
n_lchnofh2,natchild no. 2: PNO of resident biological child,4.6348
n_lchchkfh2,natchild no. 2: Date of birth check - resident biological child,4.1922
n_lchyd4fh2,natchild no. 2: Year biological child died,0.1635
n_lchsxfh2,"natchild no. 2: Sex of non-resident, deceased or stillborn biological child, or",6.642
n_lchdoby2,natchild no. 2: Year of birth of non-resident or deceased biological child or bi,6.2389
n_lbchhgmis2,natchild no. 2: Child's other parent lives in household,0.3834
n_lchalfh2,natchild no. 2: Child age last lived with resp,5.9034
n_bwtxpfh2,natchild no. 2: Child born when expected,1.8071
n_bwtelfh2,natchild no. 2: Child born early or late,0.6682
n_bwtwkfh2,natchild no. 2: Weeks early or late,0.6625
n_bwtfh2,natchild no. 2: Birthweight,1.6323
n_bwtlbfh2,natchild no. 2: Birthweight in pounds,1.3419
n_bwtozfh2,natchild no. 2: Birthweight in ounces,1.3335
n_bwtkfh2,natchild no. 2: Birthweight kilograms,0.2876
n_bwtg5fh2,natchild no. 2: Birthweight: more than 5.5lbs (2.5kg),0.1607
n_pregcesfh2,natchild no. 2: Cesarean delivery,1.8043
n_nbclmprbfh2,natchild no. 2: Problems calming child,0.1212
n_nbfussfh2,natchild no. 2: Amount of fussing or crying,0.1184
n_nbsleepfh2,natchild no. 2: Time for child to settle into sleep,0.1184
n_nbwakesfh2,natchild no. 2: Number of times child wakes at night,0.1212
n_nbrefeatfh2,natchild no. 2: Refuses to eat statement,0.1184
n_nbnoappfh2,natchild no. 2: No appetite statement,0.1184
n_reltopwcbfh2,natchild no. 2: Relationship to child's mother/father,0.5949
n_lchlvfh3,natchild no. 3: Child resident - biological,4.0174
n_lchnofh3,natchild no. 3: PNO of resident biological child,1.5534
n_lchchkfh3,natchild no. 3: Date of birth check - resident biological child,1.4181
n_lchyd4fh3,natchild no. 3: Year biological child died,0.0677
n_lchsxfh3,"natchild no. 3: Sex of non-resident, deceased or stillborn biological child, or",2.5514
n_lchdoby3,natchild no. 3: Year of birth of non-resident or deceased biological child or bi,2.385
n_lbchhgmis3,natchild no. 3: Child's other parent lives in household,0.1156
n_lchalfh3,natchild no. 3: Child age last lived with resp,2.2779
n_bwtxpfh3,natchild no. 3: Child born when expected,0.5554
n_bwtelfh3,natchild no. 3: Child born early or late,0.1861
n_bwtwkfh3,natchild no. 3: Weeks early or late,0.1832
n_bwtfh3,natchild no. 3: Birthweight,0.5018
n_bwtlbfh3,natchild no. 3: Birthweight in pounds,0.4172
n_bwtozfh3,natchild no. 3: Birthweight in ounces,0.4116
n_bwtkfh3,natchild no. 3: Birthweight kilograms,0.0818
n_bwtg5fh3,natchild no. 3: Birthweight: more than 5.5lbs (2.5kg),0.062
n_pregcesfh3,natchild no. 3: Cesarean delivery,0.5638
n_nbclmprbfh3,natchild no. 3: Problems calming child,0.0169
n_nbfussfh3,natchild no. 3: Amount of fussing or crying,0.0169
n_nbsleepfh3,natchild no. 3: Time for child to settle into sleep,0.0169
n_nbwakesfh3,natchild no. 3: Number of times child wakes at night,0.0169
n_nbrefeatfh3,natchild no. 3: Refuses to eat statement,0.0169
n_nbnoappfh3,natchild no. 3: No appetite statement,0.0169
n_reltopwcbfh3,natchild no. 3: Relationship to child's mother/father,0.203
n_lchlvfh4,natchild no. 4: Child resident - biological,1.3194
n_lchnofh4,natchild no. 4: PNO of resident biological child,0.5554
n_lchchkfh4,natchild no. 4: Date of birth check - resident biological child,0.5216
n_lchyd4fh4,natchild no. 4: Year biological child died,0.0197
n_lchsxfh4,"natchild no. 4: Sex of non-resident, deceased or stillborn biological child, or",0.7837
n_lchdoby4,natchild no. 4: Year of birth of non-resident or deceased biological child or bi,0.7076
n_lbchhgmis4,natchild no. 4: Child's other parent lives in household,0.031
n_lchalfh4,natchild no. 4: Child age last lived with resp,0.6738
n_bwtxpfh4,natchild no. 4: Child born when expected,0.203
n_bwtelfh4,natchild no. 4: Child born early or late,0.0818
n_bwtwkfh4,natchild no. 4: Weeks early or late,0.0818
n_bwtfh4,natchild no. 4: Birthweight,0.1804
n_bwtlbfh4,natchild no. 4: Birthweight in pounds,0.1551
n_bwtozfh4,natchild no. 4: Birthweight in ounces,0.1551
n_bwtkfh4,natchild no. 4: Birthweight kilograms,0.0226
n_bwtg5fh4,natchild no. 4: Birthweight: more than 5.5lbs (2.5kg),0.0282
n_pregcesfh4,natchild no. 4: Cesarean delivery,0.2086
n_nbclmprbfh4,natchild no. 4: Problems calming child,0.0113
n_nbfussfh4,natchild no. 4: Amount of fussing or crying,0.0113
n_nbsleepfh4,natchild no. 4: Time for child to settle into sleep,0.0113
n_nbwakesfh4,natchild no. 4: Number of times child wakes at night,0.0113
n_nbrefeatfh4,natchild no. 4: Refuses to eat statement,0.0113
n_nbnoappfh4,natchild no. 4: No appetite statement,0.0113
n_reltopwcbfh4,natchild no. 4: Relationship to child's mother/father,0.0789
n_lchlvfh5,natchild no. 5: Child resident - biological,0.4342
n_lchnofh5,natchild no. 5: PNO of resident biological child,0.1635
n_lchchkfh5,natchild no. 5: Date of birth check - resident biological child,0.1551
n_lchyd4fh5,natchild no. 5: Year biological child died,0.0169
n_lchsxfh5,"natchild no. 5: Sex of non-resident, deceased or stillborn biological child, or",0.2735
n_lchdoby5,natchild no. 5: Year of birth of non-resident or deceased biological child or bi,0.2509
n_lbchhgmis5,natchild no. 5: Child's other parent lives in household,0.0056
n_lchalfh5,natchild no. 5: Child age last lived with resp,0.2368
n_bwtxpfh5,natchild no. 5: Child born when expected,0.0592
n_bwtelfh5,natchild no. 5: Child born early or late,0.0282
n_bwtwkfh5,natchild no. 5: Weeks early or late,0.0282
n_bwtfh5,natchild no. 5: Birthweight,0.0451
n_bwtlbfh5,natchild no. 5: Birthweight in pounds,0.0366
n_bwtozfh5,natchild no. 5: Birthweight in ounces,0.0366
n_bwtkfh5,natchild no. 5: Birthweight kilograms,0.0056
n_bwtg5fh5,natchild no. 5: Birthweight: more than 5.5lbs (2.5kg),0.0169
n_pregcesfh5,natchild no. 5: Cesarean delivery,0.0592
n_nbclmprbfh5,natchild no. 5: Problems calming child,0.0056
n_nbfussfh5,natchild no. 5: Amount of fussing or crying,0.0056
n_nbsleepfh5,natchild no. 5: Time for child to settle into sleep,0.0056
n_nbwakesfh5,natchild no. 5: Number of times child wakes at night,0.0056
n_nbrefeatfh5,natchild no. 5: Refuses to eat statement,0.0056
n_nbnoappfh5,natchild no. 5: No appetite statement,0.0056
n_reltopwcbfh5,natchild no. 5: Relationship to child's mother/father,0.0338
n_lchlvfh6,natchild no. 6: Child resident - biological,0.1692
n_lchnofh6,natchild no. 6: PNO of resident biological child,0.0677
n_lchchkfh6,natchild no. 6: Date of birth check - resident biological child,0.062
n_lchyd4fh6,natchild no. 6: Year biological child died,0.0113
n_lchsxfh6,"natchild no. 6: Sex of non-resident, deceased or stillborn biological child, or",0.1015
n_lchdoby6,natchild no. 6: Year of birth of non-resident or deceased biological child or bi,0.093
n_lbchhgmis6,natchild no. 6: Child's other parent lives in household,0.0028
n_lchalfh6,natchild no. 6: Child age last lived with resp,0.0874
n_bwtxpfh6,natchild no. 6: Child born when expected,0.0169
n_bwtelfh6,natchild no. 6: Child born early or late,0.0056
n_bwtwkfh6,natchild no. 6: Weeks early or late,0.0056
n_bwtfh6,natchild no. 6: Birthweight,0.0085
n_bwtlbfh6,natchild no. 6: Birthweight in pounds,0.0085
n_bwtozfh6,natchild no. 6: Birthweight in ounces,0.0085
n_bwtkfh6,natchild no. 6: Birthweight kilograms,0.0
n_bwtg5fh6,natchild no. 6: Birthweight: more than 5.5lbs (2.5kg),0.0056
n_pregcesfh6,natchild no. 6: Cesarean delivery,0.0169
n_nbclmprbfh6,natchild no. 6: Problems calming child,0.0028
n_nbfussfh6,natchild no. 6: Amount of fussing or crying,0.0028
n_nbsleepfh6,natchild no. 6: Time for child to settle into sleep,0.0028
n_nbwakesfh6,natchild no. 6: Number of times child wakes at night,0.0028
n_nbrefeatfh6,natchild no. 6: Refuses to eat statement,0.0028
n_nbnoappfh6,natchild no. 6: No appetite statement,0.0028
n_reltopwcbfh6,natchild no. 6: Relationship to child's mother/father,0.0113
n_lchlvfh7,natchild no. 7: Child resident - biological,0.0451
n_lchnofh7,natchild no. 7: PNO of resident biological child,0.0226
n_lchchkfh7,natchild no. 7: Date of birth check - resident biological child,0.0226
n_lchyd4fh7,natchild no. 7: Year biological child died,0.0056
n_lchsxfh7,"natchild no. 7: Sex of non-resident, deceased or stillborn biological child, or",0.0226
n_lchdoby7,natchild no. 7: Year of birth of non-resident or deceased biological child or bi,0.0169
n_lbchhgmis7,natchild no. 7: Child's other parent lives in household,0.0
n_lchalfh7,natchild no. 7: Child age last lived with resp,0.0169
n_bwtxpfh7,natchild no. 7: Child born when expected,0.0085
n_bwtelfh7,natchild no. 7: Child born early or late,0.0028
n_bwtwkfh7,natchild no. 7: Weeks early or late,0.0028
n_bwtfh7,natchild no. 7: Birthweight,0.0056
n_bwtlbfh7,natchild no. 7: Birthweight in pounds,0.0056
n_bwtozfh7,natchild no. 7: Birthweight in ounces,0.0056
n_bwtkfh7,natchild no. 7: Birthweight kilograms,0.0
n_bwtg5fh7,natchild no. 7: Birthweight: more than 5.5lbs (2.5kg),0.0028
n_pregcesfh7,natchild no. 7: Cesarean delivery,0.0085
n_nbclmprbfh7,natchild no. 7: Problems calming child,0.0028
n_nbfussfh7,natchild no. 7: Amount of fussing or crying,0.0028
n_nbsleepfh7,natchild no. 7: Time for child to settle into sleep,0.0028
n_nbwakesfh7,natchild no. 7: Number of times child wakes at night,0.0028
n_nbrefeatfh7,natchild no. 7: Refuses to eat statement,0.0028
n_nbnoappfh7,natchild no. 7: No appetite statement,0.0028
n_reltopwcbfh7,natchild no. 7: Relationship to child's mother/father,0.0
n_lchlvfh8,natchild no. 8: Child resident - biological,0.0085
n_lchnofh8,natchild no. 8: PNO of resident biological child,0.0028
n_lchchkfh8,natchild no. 8: Date of birth check - resident biological child,0.0028
n_lchyd4fh8,natchild no. 8: Year biological child died,0.0
n_lchsxfh8,"natchild no. 8: Sex of non-resident, deceased or stillborn biological child, or",0.0056
n_lchdoby8,natchild no. 8: Year of birth of non-resident or deceased biological child or bi,0.0028
n_lbchhgmis8,natchild no. 8: Child's other parent lives in household,0.0
n_lchalfh8,natchild no. 8: Child age last lived with resp,0.0028
n_bwtxpfh8,natchild no. 8: Child born when expected,0.0
n_bwtelfh8,natchild no. 8: Child born early or late,0.0
n_bwtwkfh8,natchild no. 8: Weeks early or late,0.0
n_bwtfh8,natchild no. 8: Birthweight,0.0
n_bwtlbfh8,natchild no. 8: Birthweight in pounds,0.0
n_bwtozfh8,natchild no. 8: Birthweight in ounces,0.0
n_bwtkfh8,natchild no. 8: Birthweight kilograms,0.0
n_bwtg5fh8,natchild no. 8: Birthweight: more than 5.5lbs (2.5kg),0.0
n_pregcesfh8,natchild no. 8: Cesarean delivery,0.0
n_nbclmprbfh8,natchild no. 8: Problems calming child,0.0
n_nbfussfh8,natchild no. 8: Amount of fussing or crying,0.0
n_nbsleepfh8,natchild no. 8: Time for child to settle into sleep,0.0
n_nbwakesfh8,natchild no. 8: Number of times child wakes at night,0.0
n_nbrefeatfh8,natchild no. 8: Refuses to eat statement,0.0
n_nbnoappfh8,natchild no. 8: No appetite statement,0.0
n_reltopwcbfh8,natchild no. 8: Relationship to child's mother/father,0.0
n_lchlvfh9,natchild no. 9: Child resident - biological,0.0
n_lchnofh9,natchild no. 9: PNO of resident biological child,0.0
n_lchchkfh9,natchild no. 9: Date of birth check - resident biological child,0.0
n_lchyd4fh9,natchild no. 9: Year biological child died,0.0
n_lchsxfh9,"natchild no. 9: Sex of non-resident, deceased or stillborn biological child, or",0.0
n_lchdoby9,natchild no. 9: Year of birth of non-resident or deceased biological child or bi,0.0
n_lbchhgmis9,natchild no. 9: Child's other parent lives in household,0.0
n_lchalfh9,natchild no. 9: Child age last lived with resp,0.0
n_bwtxpfh9,natchild no. 9: Child born when expected,0.0
n_bwtelfh9,natchild no. 9: Child born early or late,0.0
n_bwtwkfh9,natchild no. 9: Weeks early or late,0.0
n_bwtfh9,natchild no. 9: Birthweight,0.0
n_bwtlbfh9,natchild no. 9: Birthweight in pounds,0.0
n_bwtozfh9,natchild no. 9: Birthweight in ounces,0.0
n_bwtkfh9,natchild no. 9: Birthweight kilograms,0.0
n_bwtg5fh9,natchild no. 9: Birthweight: more than 5.5lbs (2.5kg),0.0
n_pregcesfh9,natchild no. 9: Cesarean delivery,0.0
n_nbclmprbfh9,natchild no. 9: Problems calming child,0.0
n_nbfussfh9,natchild no. 9: Amount of fussing or crying,0.0
n_nbsleepfh9,natchild no. 9: Time for child to settle into sleep,0.0
n_nbwakesfh9,natchild no. 9: Number of times child wakes at night,0.0
n_nbrefeatfh9,natchild no. 9: Refuses to eat statement,0.0
n_nbnoappfh9,natchild no. 9: No appetite statement,0.0
n_reltopwcbfh9,natchild no. 9: Relationship to child's mother/father,0.0
n_ncrrc_1,ncrrc no. 1: Age of child,0.0732
n_ncrrd_1,ncrrc no. 1: Child lives with,0.06
n_ncrrxxf_1,ncrrc no. 1: Child sex,0.0585
n_ncrrc_2,ncrrc no. 2: Age of child,0.0293
n_ncrrd_2,ncrrc no. 2: Child lives with,0.022
n_ncrrxxf_2,ncrrc no. 2: Child sex,0.022
n_ncrrc_3,ncrrc no. 3: Age of child,0.0088
n_ncrrd_3,ncrrc no. 3: Child lives with,0.0044
n_ncrrxxf_3,ncrrc no. 3: Child sex,0.0044
n_nonresch2id_1,"nonreschild no. 1: Identification number for each Step, Biological or Adopted ch",1.497
n_pwcparnam_1,nonreschild no. 1: Other parent code,0.062
n_nrclives_1,nonreschild no. 1: Non-res child mostly lives with,1.435
n_livedwithnrc_1,nonreschild no. 1: Child ever lived with Respondent,1.4209
n_mthslwc_1,nonreschild no. 1: Months since Respondent lived with child,0.5244
n_yrslwc_1,nonreschild no. 1: Years since Respondent lived with child,0.5582
n_nrcbirthc_1,nonreschild no. 1: Name on child's birth certificate,0.9416
n_seekidnrc_1,nonreschild no. 1: How often contact child outside HH,1.4096
n_seekidnrc1_1,nonreschild no. 1: How often remote contact child outside HH,1.4124
n_reltopwc_1,nonreschild no. 1: Relationship to child's mother/father,1.2658
n_pwcseparatem_1,nonreschild no. 1: Months since separated from child's parent,0.8148
n_pwcseparatey_1,nonreschild no. 1: Years since separated from child's parent,0.874
n_nonresch2id_2,"nonreschild no. 2: Identification number for each Step, Biological or Adopted ch",0.6033
n_pwcparnam_2,nonreschild no. 2: Other parent code,0.062
n_nrclives_2,nonreschild no. 2: Non-res child mostly lives with,0.5695
n_livedwithnrc_2,nonreschild no. 2: Child ever lived with Respondent,0.5667
n_mthslwc_2,nonreschild no. 2: Months since Respondent lived with child,0.2114
n_yrslwc_2,nonreschild no. 2: Years since Respondent lived with child,0.2284
n_nrcbirthc_2,nonreschild no. 2: Name on child's birth certificate,0.3721
n_seekidnrc_2,nonreschild no. 2: How often contact child outside HH,0.5582
n_seekidnrc1_2,nonreschild no. 2: How often remote contact child outside HH,0.5497
n_reltopwc_2,nonreschild no. 2: Relationship to child's mother/father,0.1015
n_pwcseparatem_2,nonreschild no. 2: Months since separated from child's parent,0.0479
n_pwcseparatey_2,nonreschild no. 2: Years since separated from child's parent,0.0536
n_nonresch2id_3,"nonreschild no. 3: Identification number for each Step, Biological or Adopted ch",0.172
n_pwcparnam_3,nonreschild no. 3: Other parent code,0.0592
n_nrclives_3,nonreschild no. 3: Non-res child mostly lives with,0.1579
n_livedwithnrc_3,nonreschild no. 3: Child ever lived with Respondent,0.1607
n_mthslwc_3,nonreschild no. 3: Months since Respondent lived with child,0.0536
n_yrslwc_3,nonreschild no. 3: Years since Respondent lived with child,0.0536
n_nrcbirthc_3,nonreschild no. 3: Name on child's birth certificate,0.093
n_seekidnrc_3,nonreschild no. 3: How often contact child outside HH,0.1607
n_seekidnrc1_3,nonreschild no. 3: How often remote contact child outside HH,0.1522
n_reltopwc_3,nonreschild no. 3: Relationship to child's mother/father,0.0254
n_pwcseparatem_3,nonreschild no. 3: Months since separated from child's parent,0.0056
n_pwcseparatey_3,nonreschild no. 3: Years since separated from child's parent,0.0056
n_nonresch2id_4,"nonreschild no. 4: Identification number for each Step, Biological or Adopted ch",0.0648
n_pwcparnam_4,nonreschild no. 4: Other parent code,0.0197
n_nrclives_4,nonreschild no. 4: Non-res child mostly lives with,0.0564
n_livedwithnrc_4,nonreschild no. 4: Child ever lived with Respondent,0.0564
n_mthslwc_4,nonreschild no. 4: Months since Respondent lived with child,0.0254
n_yrslwc_4,nonreschild no. 4: Years since Respondent lived with child,0.0254
n_nrcbirthc_4,nonreschild no. 4: Name on child's birth certificate,0.0395
n_seekidnrc_4,nonreschild no. 4: How often contact child outside HH,0.0536
n_seekidnrc1_4,nonreschild no. 4: How often remote contact child outside HH,0.0592
n_reltopwc_4,nonreschild no. 4: Relationship to child's mother/father,0.0028
n_pwcseparatem_4,nonreschild no. 4: Months since separated from child's parent,0.0028
n_pwcseparatey_4,nonreschild no. 4: Years since separated from child's parent,0.0028
n_nonresch2id_5,"nonreschild no. 5: Identification number for each Step, Biological or Adopted ch",0.0113
n_pwcparnam_5,nonreschild no. 5: Other parent code,0.0028
n_nrclives_5,nonreschild no. 5: Non-res child mostly lives with,0.0113
n_livedwithnrc_5,nonreschild no. 5: Child ever lived with Respondent,0.0113
n_mthslwc_5,nonreschild no. 5: Months since Respondent lived with child,0.0028
n_yrslwc_5,nonreschild no. 5: Years since Respondent lived with child,0.0028
n_nrcbirthc_5,nonreschild no. 5: Name on child's birth certificate,0.0113
n_seekidnrc_5,nonreschild no. 5: How often contact child outside HH,0.0113
n_seekidnrc1_5,nonreschild no. 5: How often remote contact child outside HH,0.0113
n_reltopwc_5,nonreschild no. 5: Relationship to child's mother/father,0.0028
n_pwcseparatem_5,nonreschild no. 5: Months since separated from child's parent,0.0028
n_pwcseparatey_5,nonreschild no. 5: Years since separated from child's parent,0.0028
n_nonresch2id_6,"nonreschild no. 6: Identification number for each Step, Biological or Adopted ch",0.0085
n_pwcparnam_6,nonreschild no. 6: Other parent code,0.0
n_nrclives_6,nonreschild no. 6: Non-res child mostly lives with,0.0085
n_livedwithnrc_6,nonreschild no. 6: Child ever lived with Respondent,0.0085
n_mthslwc_6,nonreschild no. 6: Months since Respondent lived with child,0.0028
n_yrslwc_6,nonreschild no. 6: Years since Respondent lived with child,0.0028
n_nrcbirthc_6,nonreschild no. 6: Name on child's birth certificate,0.0085
n_seekidnrc_6,nonreschild no. 6: How often contact child outside HH,0.0085
n_seekidnrc1_6,nonreschild no. 6: How often remote contact child outside HH,0.0085
n_reltopwc_6,nonreschild no. 6: Relationship to child's mother/father,0.0
n_pwcseparatem_6,nonreschild no. 6: Months since separated from child's parent,0.0
n_pwcseparatey_6,nonreschild no. 6: Years since separated from child's parent,0.0
n_nonresch2id_7,"nonreschild no. 7: Identification number for each Step, Biological or Adopted ch",0.0028
n_pwcparnam_7,nonreschild no. 7: Other parent code,0.0
n_nrclives_7,nonreschild no. 7: Non-res child mostly lives with,0.0028
n_livedwithnrc_7,nonreschild no. 7: Child ever lived with Respondent,0.0028
n_mthslwc_7,nonreschild no. 7: Months since Respondent lived with child,0.0
n_yrslwc_7,nonreschild no. 7: Years since Respondent lived with child,0.0
n_nrcbirthc_7,nonreschild no. 7: Name on child's birth certificate,0.0028
n_seekidnrc_7,nonreschild no. 7: How often contact child outside HH,0.0028
n_seekidnrc1_7,nonreschild no. 7: How often remote contact child outside HH,0.0028
n_reltopwc_7,nonreschild no. 7: Relationship to child's mother/father,0.0
n_pwcseparatem_7,nonreschild no. 7: Months since separated from child's parent,0.0
n_pwcseparatey_7,nonreschild no. 7: Years since separated from child's parent,0.0
n_nonresch2id_8,"nonreschild no. 8: Identification number for each Step, Biological or Adopted ch",0.0028
n_pwcparnam_8,nonreschild no. 8: Other parent code,0.0
n_nrclives_8,nonreschild no. 8: Non-res child mostly lives with,0.0028
n_livedwithnrc_8,nonreschild no. 8: Child ever lived with Respondent,0.0028
n_mthslwc_8,nonreschild no. 8: Months since Respondent lived with child,0.0
n_yrslwc_8,nonreschild no. 8: Years since Respondent lived with child,0.0
n_nrcbirthc_8,nonreschild no. 8: Name on child's birth certificate,0.0028
n_seekidnrc_8,nonreschild no. 8: How often contact child outside HH,0.0028
n_seekidnrc1_8,nonreschild no. 8: How often remote contact child outside HH,0.0028
n_reltopwc_8,nonreschild no. 8: Relationship to child's mother/father,0.0
n_pwcseparatem_8,nonreschild no. 8: Months since separated from child's parent,0.0
n_pwcseparatey_8,nonreschild no. 8: Years since separated from child's parent,0.0
n_nrcdoby_1,ncrrc no. 1: Non-resident child's DOB: year,1.3673
n_nrcsex_1,ncrrc no. 1: Non-resident child's sex,1.4378
n_reltonrc_1,ncrrc no. 1: Child's relationship to Respondent,1.5844
n_nrkidmis_1,ncrrc no. 1: More non-resident children under 16 check,0.936
n_nrcdoby_2,ncrrc no. 2: Non-resident child's DOB: year,0.5356
n_nrcsex_2,ncrrc no. 2: Non-resident child's sex,0.5779
n_reltonrc_2,ncrrc no. 2: Child's relationship to Respondent,0.6653
n_nrkidmis_2,ncrrc no. 2: More non-resident children under 16 check,0.4567
n_nrcdoby_3,ncrrc no. 3: Non-resident child's DOB: year,0.1494
n_nrcsex_3,ncrrc no. 3: Non-resident child's sex,0.1607
n_reltonrc_3,ncrrc no. 3: Child's relationship to Respondent,0.2058
n_nrkidmis_3,ncrrc no. 3: More non-resident children under 16 check,0.124
n_nrcdoby_4,ncrrc no. 4: Non-resident child's DOB: year,0.0592
n_nrcsex_4,ncrrc no. 4: Non-resident child's sex,0.062
n_reltonrc_4,ncrrc no. 4: Child's relationship to Respondent,0.093
n_nrkidmis_4,ncrrc no. 4: More non-resident children under 16 check,0.0705
n_nrcdoby_5,ncrrc no. 5: Non-resident child's DOB: year,0.0113
n_nrcsex_5,ncrrc no. 5: Non-resident child's sex,0.0085
n_reltonrc_5,ncrrc no. 5: Child's relationship to Respondent,0.0169
n_nrkidmis_5,ncrrc no. 5: More non-resident children under 16 check,0.0085
n_nrcdoby_6,ncrrc no. 6: Non-resident child's DOB: year,0.0056
n_nrcsex_6,ncrrc no. 6: Non-resident child's sex,0.0056
n_reltonrc_6,ncrrc no. 6: Child's relationship to Respondent,0.0113
n_nrkidmis_6,ncrrc no. 6: More non-resident children under 16 check,0.0056
n_nrcdoby_7,ncrrc no. 7: Non-resident child's DOB: year,0.0
n_nrcsex_7,ncrrc no. 7: Non-resident child's sex,0.0
n_reltonrc_7,ncrrc no. 7: Child's relationship to Respondent,0.0056
n_nrkidmis_7,ncrrc no. 7: More non-resident children under 16 check,0.0
n_nrcdoby_8,ncrrc no. 8: Non-resident child's DOB: year,0.0028
n_nrcsex_8,ncrrc no. 8: Non-resident child's sex,0.0028
n_reltonrc_8,ncrrc no. 8: Child's relationship to Respondent,0.0056
n_nrkidmis_8,ncrrc no. 8: More non-resident children under 16 check,0.0
n_nrcdoby_9,ncrrc no. 9: Non-resident child's DOB: year,0.0028
n_nrcsex_9,ncrrc no. 9: Non-resident child's sex,0.0028
n_reltonrc_9,ncrrc no. 9: Child's relationship to Respondent,0.0056
n_nrkidmis_9,ncrrc no. 9: More non-resident children under 16 check,0.0028
n_nrcdoby_10,ncrrc no. 10: Non-resident child's DOB: year,0.0028
n_nrcsex_10,ncrrc no. 10: Non-resident child's sex,0.0028
n_reltonrc_10,ncrrc no. 10: Child's relationship to Respondent,0.0028
n_nrkidmis_10,ncrrc no. 10: More non-resident children under 16 check,0.0028
n_psnumch,number of 10 yr olds answered parenting style of,2.578
n_pregm1,pregnancy 1: Month of pregnancy,1.2466
n_pregy41,pregnancy 1: Year of pregnancy,1.2565
n_pregft11,pregnancy 1: In vitro fertilisation treatment,0.0701
n_pregft31,pregnancy 1: Sperm donation,0.0701
n_pregft41,pregnancy 1: Egg donation,0.0701
n_pregft51,pregnancy 1: Artificial insemination,0.0701
n_pregft61,pregnancy 1: Other treatment,0.0701
n_pregft961,pregnancy 1: None of these,0.0701
n_pregspd1,pregnancy 1: Sperm donation,0.0045
n_pregout1,pregnancy 1: Outcome of pregnancy,2.1378
n_pregend1,pregnancy 1: How pregnancy ended,0.2694
n_endmnth1,pregnancy 1: Month pregnancy ended if not live birth,0.269
n_lchmulti1,pregnancy 1: Pregnancy resulted in multiple births,1.3532
n_pregm2,pregnancy 2: Month of pregnancy,0.089
n_pregy42,pregnancy 2: Year of pregnancy,0.0902
n_pregft12,pregnancy 2: In vitro fertilisation treatment,0.0052
n_pregft32,pregnancy 2: Sperm donation,0.0052
n_pregft42,pregnancy 2: Egg donation,0.0052
n_pregft52,pregnancy 2: Artificial insemination,0.0052
n_pregft62,pregnancy 2: Other treatment,0.0052
n_pregft962,pregnancy 2: None of these,0.0052
n_pregspd2,pregnancy 2: Sperm donation,0.0003
n_pregout2,pregnancy 2: Outcome of pregnancy,0.1141
n_pregend2,pregnancy 2: How pregnancy ended,0.0407
n_endmnth2,pregnancy 2: Month pregnancy ended if not live birth,0.0407
n_lchmulti2,pregnancy 2: Pregnancy resulted in multiple births,0.0273
n_pregm3,pregnancy 3: Month of pregnancy,0.0107
n_pregy43,pregnancy 3: Year of pregnancy,0.0107
n_pregft13,pregnancy 3: In vitro fertilisation treatment,0.0006
n_pregft33,pregnancy 3: Sperm donation,0.0006
n_pregft43,pregnancy 3: Egg donation,0.0006
n_pregft53,pregnancy 3: Artificial insemination,0.0006
n_pregft63,pregnancy 3: Other treatment,0.0006
n_pregft963,pregnancy 3: None of these,0.0006
n_pregspd3,pregnancy 3: Sperm donation,0.0
n_pregout3,pregnancy 3: Outcome of pregnancy,0.0129
n_pregend3,pregnancy 3: How pregnancy ended,0.0049
n_endmnth3,pregnancy 3: Month pregnancy ended if not live birth,0.0049
n_lchmulti3,pregnancy 3: Pregnancy resulted in multiple births,0.0034
n_pregm4,pregnancy 4: Month of pregnancy,0.0017
n_pregy44,pregnancy 4: Year of pregnancy,0.0017
n_pregft14,pregnancy 4: In vitro fertilisation treatment,0.0
n_pregft34,pregnancy 4: Sperm donation,0.0
n_pregft44,pregnancy 4: Egg donation,0.0
n_pregft54,pregnancy 4: Artificial insemination,0.0
n_pregft64,pregnancy 4: Other treatment,0.0
n_pregft964,pregnancy 4: None of these,0.0
n_pregspd4,pregnancy 4: Sperm donation,0.0
n_pregout4,pregnancy 4: Outcome of pregnancy,0.0034
n_pregend4,pregnancy 4: How pregnancy ended,0.0017
n_endmnth4,pregnancy 4: Month pregnancy ended if not live birth,0.0017
n_lchmulti4,pregnancy 4: Pregnancy resulted in multiple births,0.0004
n_opserv1,service no.1: Satisfaction with service use,13.4778
n_srvynot1,service no.1: Why not use service in last 12 months,4.2441
n_opserv2,service no.2: Satisfaction with service use,7.3801
n_srvynot2,service no.2: Why not use service in last 12 months,10.3157
n_opserv3,service no.3: Satisfaction with service use,0.5798
n_srvynot3,service no.3: Why not use service in last 12 months,17.1001
n_opserv4,service no.4: Satisfaction with service use,1.2304
n_srvynot4,service no.4: Why not use service in last 12 months,16.4662
n_opserv5,service no.5: Satisfaction with service use,1.2177
n_srvynot5,service no.5: Why not use service in last 12 months,16.5016
n_opserv6,service no.6: Satisfaction with service use,5.1238
n_srvynot6,service no.6: Why not use service in last 12 months,12.5867
n_opserv7,service no.7: Satisfaction with service use,0.7387
n_srvynot7,service no.7: Why not use service in last 12 months,16.9758
n_opserv8,service no.8: Satisfaction with service use,4.5414
n_srvynot8,service no.8: Why not use service in last 12 months,13.1806
n_opserv9,service no.9: Satisfaction with service use,1.2137
n_srvynot9,service no.9: Why not use service in last 12 months,16.5009
n_opserv10,service no.10: Satisfaction with service use,0.9705
n_srvynot10,service no.10: Why not use service in last 12 months,16.7387
n_lscyb41,stepchild no. 1: Year step-child joined resp HH,1.3166
n_lsclv1,stepchild no. 1: Step-child still lives in resp HH,1.4434
n_lscno1,stepchild no. 1: PNO of step-child in HH,0.3524
n_lchchkstep1,stepchild no. 1: Date of birth check - resident step-child,0.2819
n_lschhgmis1,stepchild no. 1: Child's other parent lives in household,0.0592
n_lscyd41,stepchild no. 1: Year of death - step-child,0.0085
n_lscsx1,stepchild no. 1: Sex of step-child,1.1249
n_lscal1,stepchild no. 1: Age of step-child when last lived with resp,0.967
n_lscby41,stepchild no. 1: Year of birth - step-child,0.874
n_reltopwcsfh1,stepchild no. 1: Relationship to child's mother/father,0.0085
n_lscyb42,stepchild no. 2: Year step-child joined resp HH,0.5892
n_lsclv2,stepchild no. 2: Step-child still lives in resp HH,0.6541
n_lscno2,stepchild no. 2: PNO of step-child in HH,0.1353
n_lchchkstep2,stepchild no. 2: Date of birth check - resident step-child,0.1043
n_lschhgmis2,stepchild no. 2: Child's other parent lives in household,0.0226
n_lscyd42,stepchild no. 2: Year of death - step-child,0.0028
n_lscsx2,stepchild no. 2: Sex of step-child,0.5328
n_lscal2,stepchild no. 2: Age of step-child when last lived with resp,0.4511
n_lscby42,stepchild no. 2: Year of birth - step-child,0.3806
n_reltopwcsfh2,stepchild no. 2: Relationship to child's mother/father,0.0
n_lscyb43,stepchild no. 3: Year step-child joined resp HH,0.1522
n_lsclv3,stepchild no. 3: Step-child still lives in resp HH,0.1748
n_lscno3,stepchild no. 3: PNO of step-child in HH,0.031
n_lchchkstep3,stepchild no. 3: Date of birth check - resident step-child,0.0197
n_lschhgmis3,stepchild no. 3: Child's other parent lives in household,0.0085
n_lscyd43,stepchild no. 3: Year of death - step-child,0.0
n_lscsx3,stepchild no. 3: Sex of step-child,0.1522
n_lscal3,stepchild no. 3: Age of step-child when last lived with resp,0.1128
n_lscby43,stepchild no. 3: Year of birth - step-child,0.0874
n_reltopwcsfh3,stepchild no. 3: Relationship to child's mother/father,0.0028
n_lscyb44,stepchild no. 4: Year step-child joined resp HH,0.0395
n_lsclv4,stepchild no. 4: Step-child still lives in resp HH,0.0507
n_lscno4,stepchild no. 4: PNO of step-child in HH,0.0056
n_lchchkstep4,stepchild no. 4: Date of birth check - resident step-child,0.0028
n_lschhgmis4,stepchild no. 4: Child's other parent lives in household,0.0028
n_lscyd44,stepchild no. 4: Year of death - step-child,0.0
n_lscsx4,stepchild no. 4: Sex of step-child,0.0479
n_lscal4,stepchild no. 4: Age of step-child when last lived with resp,0.0338
n_lscby44,stepchild no. 4: Year of birth - step-child,0.0338
n_reltopwcsfh4,stepchild no. 4: Relationship to child's mother/father,0.0
n_lscyb45,stepchild no. 5: Year step-child joined resp HH,0.0056
n_lsclv5,stepchild no. 5: Step-child still lives in resp HH,0.0085
n_lscno5,stepchild no. 5: PNO of step-child in HH,0.0028
n_lchchkstep5,stepchild no. 5: Date of birth check - resident step-child,0.0
n_lschhgmis5,stepchild no. 5: Child's other parent lives in household,0.0028
n_lscyd45,stepchild no. 5: Year of death - step-child,0.0
n_lscsx5,stepchild no. 5: Sex of step-child,0.0085
n_lscal5,stepchild no. 5: Age of step-child when last lived with resp,0.0028
n_lscby45,stepchild no. 5: Year of birth - step-child,0.0028
n_reltopwcsfh5,stepchild no. 5: Relationship to child's mother/father,0.0
n_trwho1,training spell 1: Training provider,16.3081
n_traindays1,training spell 1: No. of days on training course,15.988
n_trainhrs1,training spell 1: No. of hours per day training,16.0444
n_trainend1,training spell 1: Training ended,16.3221
n_trainpurp11,training spell 1:    Purpose of training: To help you get started in your job,16.2179
n_trainpurp21,training spell 1: Purpose of training: To improve your skills in your current jo,16.2179
n_trainpurp31,training spell 1: Purpose of training: To maintain professional status and/or me,16.2179
n_trainpurp41,training spell 1: Purpose of training: To prepare you for a job you might do in,16.2179
n_trainpurp51,training spell 1: Purpose of training: To help you get a promotion,16.2179
n_trainpurp71,training spell 1: Purpose of training: For hobbies or leisure,16.2179
n_trainqual1,training spell 1: Qualifications from training,16.2877
n_trwho2,training spell 2: Training provider,7.9385
n_traindays2,training spell 2: No. of days on training course,7.8171
n_trainhrs2,training spell 2: No. of hours per day training,7.8302
n_trainend2,training spell 2: Training ended,7.9528
n_trainpurp12,training spell 2:    Purpose of training: To help you get started in your job,7.8992
n_trainpurp22,training spell 2: Purpose of training: To improve your skills in your current jo,7.8992
n_trainpurp32,training spell 2: Purpose of training: To maintain professional status and/or me,7.8992
n_trainpurp42,training spell 2: Purpose of training: To prepare you for a job you might do in,7.8992
n_trainpurp52,training spell 2: Purpose of training: To help you get a promotion,7.8992
n_trainpurp72,training spell 2: Purpose of training: For hobbies or leisure,7.8992
n_trainqual2,training spell 2: Qualifications from training,7.9439
n_trwho3,training spell 3: Training provider,4.4756
n_traindays3,training spell 3: No. of days on training course,4.401
n_trainhrs3,training spell 3: No. of hours per day training,4.4091
n_trainend3,training spell 3: Training ended,4.4966
n_trainpurp13,training spell 3: Purpose of training: To help you get started in your job,4.4722
n_trainpurp23,training spell 3: Purpose of training: To improve your skills in your current jo,4.4722
n_trainpurp33,training spell 3: Purpose of training: To maintain professional status and/or me,4.4722
n_trainpurp43,training spell 3: Purpose of training: To prepare you for a job you might do in,4.4722
n_trainpurp53,training spell 3: Purpose of training: To help you get a promotion,4.4722
n_trainpurp73,training spell 3: Purpose of training: For hobbies or leisure,4.4722
n_trainqual3,training spell 3: Qualifications from training,4.4877
n_deviceo_code,Access to mobile technology via other devices,5.9696
n_hednto_code,Other reason not going to HE,0.0267
n_jbendoth_code,Job finished for other reasons,0.492
n_mreasono_code,mreason - reason for moving to the UK,0.2534
n_nxtendoth_code,Job finished for other reasons,0.1403
n_scrx_code,other reason sc refused,0.325
n_scux_code,other reason resp unable,0.721
n_stendoth_code,Job finished for other reasons,1.0716
n_wktecho_code,Technology use for work via other devices,1.6404
n_xpmvoth_code,Prospective move for other reasons,2.0785
n_yafutb,Young Adult: Future Plans 2nd mention,3.5325
n_doneproxy,Proxy interview done previously for this respondent,3.7827
n_iproxy,Able to do a proxy,2.3879
n_plieng,Interview conducted in English,2.3879
n_plitrans,Translated language,0.0097
n_prel,Rel between proxy and proxy informant,4.5248
n_preason,Reason for proxy,4.5193
n_pripn,PNO of proxy informant,4.5227
n_lprnt,Ever had/fathered children,4.4734
n_lnprnt,No. of children natural parent to,2.5773
n_ch1by4,DOB of eldest child: Year,2.4642
n_qualoc,UK or non-UK qualification,1.2472
n_qfvoc9,Vocational qualifications: NVQ/SVQ - Level 1 - 2,4.6279
n_qfvoc10,Vocational qualifications: NVQ/SVQ - Level 3 - 5,4.6279
n_pjulk4wk,Looked for work in last 4 weeks,1.7514
n_pjbptft,Part-time or full-time: current job,0.0977
n_pjsptft,S/emp: part-time or full-time,0.0275
n_prearn,Total earnings,1.9052
n_prearnw_w14,Total earnings weekly,0.0254
n_prearna_w14,Total earnings annually,0.0451
n_pbnft1,Income types received: NI Retirement/State Retirement (old age) Pension,4.3836
n_pbnft2,Income types received: Pension from previous employer(s),4.3836
n_pbnft13,Income types received: Universal Credit,3.6522
n_pbnft14,Personal Independence Payments,0.5876
n_pbnft15,Attendance Allowance,0.5876
n_pbnft4,Income types received: Job Seekers Allowance (Unemployment) and/or Income Suppor,4.3836
n_pbnft5,Income types received: Employment and Support Allowance,4.3836
n_pbnft6,Income types received: Child Benefit,4.3836
n_pbnft7,Income types received: Working Tax Credit (formerly Working Family Tax Credit an,4.3836
n_pbnft8,Income types received: Housing Benefit/Rent Rebate,4.3836
n_pbnft9,Income types received: Incapacity Benefit (Replaces Invalidity and NI Sickness B,4.3836
n_pbnft11,Income types received: Child Tax Credit,4.3836
n_pbnft12,Income types received: Pension Credit,4.3836
n_pbnft19,Scottish Child Payment,0.2796
n_pbnft10,Income types received: Any other state benefit,4.3836
n_pbnft96,Income types received: None of these,4.3836
n_netuse,Regularly uses internet,14.5302
n_prfitb,Total personal income,3.1447
n_prfitbw_w14,Total personal income weekly,0.0874
n_prfitba_w14,Total personal income annually,0.0733
n_ivprsnt,Anyone present during interview,59.6243
n_consentsms,Consent to send questions by text,95.101
n_detincothr1,Home landline,81.8516
n_detincothr2,Work phone number,81.8516
n_detincothr3,E-mail address,81.8516
n_detincothr4,All correct,81.8516
n_rhland_code,Participant landline given,45.1212
n_rphmobb_code,participant mobile given,39.1165
n_rphmob_code,Participant mobile given,33.6615
n_mobnrchk_code,participant mobile given after non-response check,2.3935
n_rphwrk_code,Participant work number given,12.4203
n_remail_code,Participant email given,18.0117
n_remail2_code,participant email second entry given,12.6321
n_rcotherd_code,Other contact details,0.216
n_ctconsconf1,Relation,64.4051
n_ctconsconf2,Name,64.4051
n_ctconsconf3,Address,64.4051
n_ctconsconf4,Postcode,64.4051
n_ctconsconf5,Telephone,64.4051
n_ctconsconf6,Alternative telephone,64.4051
n_ctconsconf7,Email,64.4051
n_ctconsconf8,No changes or corrections,64.4051
n_ctconsconf95,Stable contact refused,66.1131
n_ctadd1_code,stable contact address 1 given,40.9842
n_ctadd2_code,stable contact address 2 given,18.4942
n_cttown_code,stable contact town 1 given,13.9092
n_ctcnty_code,stable contact county given,31.6336
n_ctpcode_code,stable contact postcode given,38.7778
n_cttel1_code,stable contact phone 1 given,34.478
n_cttel2_code,stable contact phone 2 given,17.3327
n_ctemail_code,stable contact email given,11.703
n_ideviceused,Device used for first accessing individual interview,99.5693
n_indmode,mode this individual was given final ind outcome in,99.2326
n_intdatd_if,"Interview date: Day, imputation flag",99.9996
n_intdatm_if,"Interview date: Month, imputation flag",99.9996
n_intdaty_if,"Interview date: Year, imputation flag",99.9996
n_doby_if,DOB Year imputation flag,99.9996
n_age_if,Imputation flag for age_dv,99.9996
n_ppsex,Partner's sex,62.2879
n_fnpid,Natural father: PIDP,9.2965
n_mnpid,Natural mother: PIDP,13.9361
n_pn1pid,Natural parent 1: PIDP,14.7705
n_pn1pno,Natural parent 1: PNO,100.0
n_pn1sex,Natural parent 1: Sex,14.7699
n_pn2pid,Natural parent 2: PIDP,8.4642
n_pn2pno,Natural parent 2: PNO,100.0
n_pn2sex,Natural parent 2: Sex,8.4641
n_pns1pid,Nat/step/adopt parent 1: PIDP,14.887
n_pns1pno,Nat/step/adopt parent 1: PNO,100.0
n_pns1sex,Nat/step/adopt parent 1: Sex,14.8864
n_pns2pid,Nat/step/adopt parent 2: PIDP,9.7607
n_pns2pno,Nat/step/adopt parent 2: PNO,100.0
n_pns2sex,Nat/step/adopt parent 2: Sex,9.7605
n_grfpid,Grandfather: PIDP,0.2061
n_grmpid,Grandmother: PIDP,0.4177
n_jlsoc20_cc,"Last job: SOC 2020, condensed",3.313
n_pasoc20_cc,"Father's SOC 2020, resp aged 14, condensed",7.8407
n_masoc20_cc,"Mother's SOC 2020, resp aged 14, condensed",6.2086
n_yasoc20_cc,"young adult: job like: SOC 2020, condensed",2.878
n_j1soc20_cc,"First job: SOC 2020, condensed",8.936
n_jbsoc20_cc,"Current job: SOC 2020, condensed",28.165
n_gigemptyp1,"providing a driving or taxi service, for a fee",5.6531
n_gigemptyp2,providing delivery or courier services,5.6531
n_gigemptyp3,"providing professional work, such as consultancy, legal advice, accounting",5.6531
n_gigemptyp4,"providing creative or it work, such as writing, graphic design, or web dev",5.6531
n_gigemptyp5,"Providing administrative work, such as data entry or click work",5.6531
n_gigemptyp6,"providing skilled manual work, such as plumbing, building, electrical maint",5.6531
n_gigemptyp7,"providing personal services, such as cleaning, moving, or diy tasks",5.6531
n_gigemptyp8,"selling good or crafts that i have made (e.g. via etsy, etc.)",5.6531
n_gigemptyp9,selling goods that i have bought to resell,5.6531
n_gigemptyp10,Renting out a place (my home or another property I own) for a short-term,5.6531
n_gigemptyp96,none of these types,5.6531
n_gigemptyp97,other type of job,5.6531
n_owwah,Other work at home,0.0
n_julksoc00_1_cc,"Job 1 searching for: SOC 2000, condensed",3.7625
n_julksoc00_2_cc,"Job 2 searching for: SOC 2000, condensed",1.168
n_julksoc00_3_cc,"Job 3 searching for: SOC 2000, condensed",0.189
n_julksoc10_1_cc,"Job 1 searching for: SOC 2010, condensed",3.7657
n_julksoc10_2_cc,"Job 2 searching for: SOC 2010, condensed",1.2407
n_julksoc10_3_cc,"Job 3 searching for: SOC 2010, condensed",0.189
n_julksoc20_1_cc,"Job 1 searching for: SOC 2020, condensed",3.7657
n_julksoc20_2_cc,"Job 2 searching for: SOC 2020, condensed",1.2417
n_julksoc20_3_cc,"Job 3 searching for: SOC 2020, condensed",0.189
n_j2pay_if,imputation flag jb2pay_dv,95.4641
n_fimngrs_tc,fimngrs_dv includes top coded component (EUL version only) (EUL version only),99.9915
n_fimngrs_dv,total monthly personal income gross,99.9278
n_fimnlabgrs_tc,fimnlabgrs_dv includes top coded component (EUL version only) (EUL version only),99.9915
n_fimnlabgrs_dv,total monthly labour income gross,99.8665
n_fimnlabnet_tc,fimnlabnet_dv includes top coded component (EUL version only) (EUL version only),99.9915
n_fimnlabnet_dv,amount income component 1: net labour income,99.8665
n_fiyrinvinc_tc,fiyrinvinc_dv includes top coded component (EUL version only) (EUL version only),99.9915
n_fiyrinvinc_dv,"income from savings and investments, annual",99.9915
n_fibenothr_tc,fibenothr_dv includes top coded component (EUL version only) (EUL version only),99.9915
n_fibenothr_dv,Total income from benefits and other sources,95.4641
n_paygu_dv,usual gross pay per month: current job,46.6101
n_payg_dv,gross pay per month in current job: last payment,41.4492
n_paynu_dv,usual net pay per month: current job,46.6101
n_payn_dv,net pay per month in current job: last payment,41.4492
n_seearngrs_dv,self employment earnings - gross,6.8618
n_seearnnet_dv,self employment earnings - net,6.8618
n_j2pay_dv,pay in second job,95.4641
n_j2paynet_dv,amount income component 1c: net earnings second job,95.4641
n_ff_ivlolw,fed forward interview outcome prev wave,97.044
n_ff_jbsemp,fed-forward job status: employed or self employed,50.4912
n_ff_jbmngr,fed-forward job status: managerial duties,46.46
n_ff_jbsize,fed-forward job status: number employed at workplace,46.3
n_ff_jbstat,respondent employment status at previous interview,90.0033
n_ff_emplw,whether in paid employment at previous wave,90.0834
n_ff_bentype01,fed-forward: received ni retirement/state retirement (old age) pension,91.1151
n_ff_bentype02,"fed-forward: received pension, previous employer",91.1151
n_ff_bentype03,fed-forward: received pension from a spouse's previous employer,91.1151
n_ff_bentype04,fed-forward: received private pension/annuity,91.1151
n_ff_bentype05,fed-forward: received widow's or war widow's pension,91.1151
n_ff_bentype06,fed-forward: received widowed mother's allowance / widowed parent's allowance,91.1151
n_ff_bentype07,fed-forward: received pension credit (incl. guarantee credit & saving credit),91.1151
n_ff_bentype08,fed-forward: received severe disablement allowance,91.1151
n_ff_bentype09,fed-forward: received industrial injury disablement allowance,91.1151
n_ff_bentype11,fed-forward: received attendance allowance,91.1151
n_ff_bentype12,fed-forward: received carer's allowance (was invalid care allowance),91.1151
n_ff_bentype13,fed-forward: received war disablement pension,91.1151
n_ff_bentype14,fed-forward: received incapacity benefit,91.1151
n_ff_bentype15,fed-forward: received income support,91.1151
n_ff_bentype16,fed-forward: received job seeker's allowance,91.1151
n_ff_bentype17,fed-forward: received national insurance credits,91.1151
n_ff_bentype18,fed-forward: received child benefit (incl. lone-parent child benefit payments),91.1151
n_ff_bentype19,fed-forward: received child tax credit,91.1151
n_ff_bentype20,fed-forward: received working tax credit (incl. disabled person's tax credit),91.1151
n_ff_bentype21,fed-forward: received maternity allowance,91.1151
n_ff_bentype22,fed-forward: received housing benefit,91.1151
n_ff_bentype23,fed-forward: received council tax benefit,91.1151
n_ff_bentype24,fed-forward: received educational grant (not student loan or tuition fee loan),91.1151
n_ff_bentype25,fed-forward: received trade union / friendly society payment,91.1151
n_ff_bentype26,fed-forward: received maintenance or alimony,91.1151
n_ff_bentype27,fed-forward: received payments from a family member not living here,91.1151
n_ff_bentype28,fed-forward: received rent from boarders or lodgers (not family members) living,91.1151
n_ff_bentype29,fed-forward: received rent from any other property,91.1151
n_ff_bentype30,fed-forward: received foster allowance / guardian allowance,91.1151
n_ff_bentype31,fed-forward: received rent rebate,91.1151
n_ff_bentype32,fed-forward: received rate rebate,91.1151
n_ff_bentype33,fed-forward: received employment and support allowance,91.1151
n_ff_bentype34,fed-forward: received return to work credit,91.1151
n_ff_bentype35,fed-forward: received sickness and accident insurance,91.1151
n_ff_bentype36,fed-forward: received in-work credit for lone parents,91.1151
n_ff_bentype38,fed-forward: any other regular payment,91.1151
n_ff_bentype39,fed-forward: any other state benefit,90.5352
n_ff_bentype40,fed-forward: universal credit,79.9464
n_ff_bentype41,fed-forward: personal independence payments,79.9464
n_ff_ivintlang,Interview language previous interview,91.0445
n_ff_yr2uk4,fed-forward year to uk,10.7684
n_ff_oprlg,fed-forward whether belong to a religion,80.854
n_ff_oprlg0,fed-forward religion brought up in: e/s/w,35.8928
n_ff_oprlg1,Religion affiliation,44.5489
n_ff_oprlg0ni,Religious affiliation / Northern Ireland,1.085
n_ff_ukborn,fed-forward born in the uk,72.1789
n_ff_bentype42,fed-forward: student loan and/or tuition fee loan,83.8144
n_ff_bentype46,fed-forward: scottish child payment,83.8144
n_sex_dv,"Sex, derived",99.9984
n_age_dv,"Age, derived from dob_dv and intdat_dv",99.9935
n_intdatd_dv,"Interview date: Day, derived",99.9996
n_intdatm_dv,"Interview date: Month, derived",99.9996
n_intdaty_dv,"Interview date: Year, derived",99.9996
n_doby_dv,"DOB: Year, derived",99.9935
n_pensioner_dv,Whether R is of pensionable age,99.9923
n_marstat_dv,Harmonised de facto marital status,99.7136
n_npn_dv,Number of R's natural parents in hh,100.0
n_npns_dv,Number of R's nat/step/adopt parents in hh,100.0
n_ngrp_dv,Number of R's grandparents in hh,100.0
n_nnsib_dv,Number of R's natural siblings in hh,100.0
n_nnssib_dv,Number of R's nat/step/adopt siblings in hh,100.0
n_npensioner_dv,Total # of pensionable age in hh,99.9171
n_j1nssec8_dv,own first job: NSSEC 8 classes,7.4055
n_panssec8_dv,"Father's job: NSSEC 8 classes, resp aged 14",3.2037
n_manssec8_dv,"Mother's job: NSSEC 8 classes, resp aged 14",2.4594
n_nisced11_dv,"Newest Highest education qualification, short ISCED 2011",97.0435
n_yanssec8_dv,young adult: job like: NSSEC 8 classes,3.0964
n_scdata_dv,Self-completion module completed,100.0
n_ethn_dv,Ethnic group (derived from multiple sources),99.572
n_fimnmisc_dv,amount income component 2: miscellaneous income,99.9915
n_fimnprben_dv,amount income component 3: private benefit income,99.9915
n_fimninvnet_dv,amount income component 5: investment income,99.9915
n_fimnpen_dv,amount income component 6: pension income,99.9915
n_fimnsben_dv,amount income component 7: social benefit income,99.9915
n_fimnnet_dv,total net personal income - no deductions,99.9278
n_addrmov_dv,Participant changes address postcode since last wave,88.0947
n_distmov_dv,Distance participant moved since last wave (km),4.9372
n_country,Country of residence,99.9494
n_gor_dv,Government Office Region,99.9494
n_urban_dv,"Urban or rural area, derived",99.8216
n_hhresp_dv,Household response status,100.0
n_xtra5min_dv,Received extra 5 mins EMB questions? cross-sectional,95.4724
n_xtra5minosm_dv,Received extra 5 mins EMB questions? longitudinal,95.4724
n_agegr5_dv,Age group (age_dv): 5 year intervals,99.9935
n_agegr10_dv,Age group (age_dv): 10 year intervals,99.9935
n_agegr13_dv,Age group (age_dv): 13 categories,99.9935
n_livesp_dv,Lives with spouse in hh,100.0
n_cohab_dv,Lives with cohabitee in hh,100.0
n_single_dv,Single in hh,100.0
n_mastat_dv,De facto marital status,99.7654
n_hhtype_dv,"Composition of household, LFS-version",100.0
n_buno_dv,benefit unit number,100.0
n_depchl_dv,Whether dependent child - official definition,100.0
n_nchild_dv,Number of own children in household,100.0
n_ndepchl_dv,Number of own dependent children in household,84.9898
n_adresp15_dv,PNO of person responsible for child under 16,0.0016
n_respm16_dv,whether natural/adoptive/step mother of child under 16,100.0
n_respf16_dv,whether natural/adoptive/step/foster father of child under 16,100.0
n_rach16_dv,Whether responsible for child under 16,99.9984
n_hrpno,Household reference person: PNO,99.9994
n_ppid,partner's person identifier: PIDP,62.2894
n_ppno,partner's person number: PNO,100.0
n_sppid,Spouse's person identifier: PIDP,51.1286
n_sppno,Spouse's person number: PNO,100.0
n_fnpno,Natural father: PNO,100.0
n_fnspid,Nat/step/adopt father: PIDP,10.4523
n_fnspno,Nat/step/adopt father: PNO,100.0
n_mnpno,Natural mother: PNO,100.0
n_mnspid,Nat/step/adopt mother: PIDP,14.1872
n_mnspno,Nat/step/adopt mother: PNO,100.0
n_grfpno,Grandfather: PNO,100.0
n_grmpno,Grandmother: PNO,100.0
n_qfhigh_dv,Highest educational qualification,85.5357
n_nqfhigh_dv,Newly reported highest educational qualification,16.192
n_qfhighfl_dv,Eligibility flag for QFHIGH in UKHLS format,100.0
n_hiqual_dv,Highest qualification ever reported,98.4437
n_nhiqual_dv,"Highest new qualification, UKHLS & BHPS samples",16.2606
n_isced11_dv,"Highest education qualification, short ISCED 2011",97.6616
n_nnmpsp_dv,No. non-employment spells since last interview,83.9182
n_nmpsp_dv,No. employment spells since last interview,83.9012
n_nunmpsp_dv,No. unemployment spells since last interview,83.8893
n_jbft_dv,Full or part-time employee,52.4378
n_jbsoc00_cc,"Current job: SOC 2000, condensed",54.4043
n_jbsoc10_cc,"Current job: SOC 2010, condensed",32.0651
n_jbsic07_cc,"Current job: SIC 2007, condensed",53.5503
n_jbiindb_dv,"Current job: Industrial classification (CNEF), two digits",97.4073
n_jbes2000,Current job: Employment Status 2000,55.8248
n_jbseg_dv,Current job: Socio-economic Group,54.3724
n_jbrgsc_dv,Current job: Registrar General's Social Class,54.3724
n_jbnssec_dv,Current job: NS-SEC (detailed),54.3724
n_jbnssec8_dv,Current job: Eight Class NS-SEC,54.3724
n_jbnssec5_dv,Current job: Five Class NS-SEC,54.3724
n_jbnssec3_dv,Current job: Three Class NS-SEC,54.3724
n_jbisco88_cc,Current job: ISCO88 (condensed 3 digits version),53.6616
n_jlsoc00_cc,"Last job: SOC 2000, condensed",1.0987
n_jlsoc10_cc,"Last job: SOC 2010, condensed",0.9519
n_jlsic07_cc,"Last job: SIC 2007, condensed",1.0793
n_jliindb_dv,"Last job: Industrial classification (CNEF), two digits",30.3509
n_jles2000,Last job: Employment Status 2000,1.1703
n_jlseg_dv,Last job: Socio-economic Group,1.0973
n_jlrgsc_dv,Last job: Registrar General's Social Class,1.0973
n_jlnssec_dv,Last job: NS-SEC,1.0973
n_jlnssec8_dv,Last job: Eight Class NS-SEC,1.0973
n_jlnssec5_dv,Last job: Five Class NS-SEC,1.0973
n_jlnssec3_dv,Last job: Three Class NS-SEC,1.0973
n_jlisco88_cc,Last job: ISCO88 (condensed 3 digits version),1.0781
n_pasoc90_cc,"Father's SOC 1990, resp aged 14, condensed",3.2056
n_pasoc00_cc,"Father's SOC 2000, resp aged 14, condensed",3.2039
n_pasoc10_cc,"Father's SOC 2010, resp aged 14, condensed",3.2098
n_masoc90_cc,"Mother's SOC 1990, resp aged 14, condensed",2.4596
n_masoc00_cc,"Mother's SOC 2000, resp aged 14, condensed",2.4596
n_masoc10_cc,"Mother's SOC 2010, resp aged 14, condensed",2.4606
n_j1soc90_cc,"First job: SOC 1990, condensed",7.4049
n_j1soc00_cc,"First job: SOC 2000, condensed",7.4055
n_j1soc10_cc,"First job: SOC 2010, condensed",7.4063
n_yasoc90_cc,"young adult: job like: SOC 1990, condensed",3.0973
n_yasoc00_cc,"young adult: job like: SOC 2000, condensed",3.0973
n_yasoc10_cc,"young adult: job like: SOC 2010, condensed",3.0982
n_scflag_dv,flag for self-completion record,100.0
n_payu_dv,usual pay per month if different from last,2.8291
n_paygu_if,imputation flag var - paygu_dv,95.4641
n_paynu_if,imputation flag var - paynu_dv,95.4641
n_seearngrs_if,imputation flag var - seearngrs_dv,95.4641
n_fiyrinvinc_if,imputation flag var fiyrinvinc_dv,95.4641
n_fibenothr_if,share of c_fibenothr_dv imputed,95.4643
n_fimnlabgrs_if,imputation flag fimnlabgrs_dv,99.9913
n_fimngrs_if,imputation flag fimngrs_dv,99.9913
