unit_id,la_name,tribe_label,size,Derived age at interview,English is not first language,Religion,Highest qualification,Total monthly personal income (gross),Social class (NS-SEC 8),Number of own children in household,Has children,Gender,Household size,Monthly net pay (take-home),Mental health score (SF-12 MCS),Physical health score (SF-12 PCS),Buckner Neighbourhood Cohesion Index,Standard of local services: Public transport,Standard of local services: Shopping,Standard of local services: Leisure,Minutes spent travelling to work,Environmental habit: public transport use,Miles driven in last 12 months,Has use of a car or van,Work location,Main mode of transport to work,Employment status,cluster_level,group
E09000001,City of London,Employed 1,4213,42.9,,None/Not applicable,2.1,2730.4,4.2,0.0,0.0,Male,2.2,1759.6,46.2,52.7,3.3,2.5,2.2,2.6,21.4,3.8,3397.6,Yes,Employer premises,-8.0,Employed: 100%,LA,Employed
E09000001,City of London,Employed 2,1603,40.2,,None/Not applicable,2.1,3016.5,4.0,1.5,0.9,Male,4.2,1853.9,46.0,53.2,3.5,2.7,2.2,2.6,19.5,4.0,4395.0,Yes,Employer premises,-8.0,Employed: 100%,LA,Employed
E09000001,City of London,Retired 1,1643,77.4,,Christian,2.9,1926.0,0.0,0.0,0.0,Female,1.7,23.8,50.4,40.6,3.7,2.7,2.3,2.6,-5.0,3.9,1847.3,Yes,-8.0,-8.0,Retired: 100%,LA,Retired
E09000001,City of London,Retired 2,370,67.4,,None/Not applicable,2.3,1833.8,4.6,0.0,0.0,Male,1.9,927.5,51.2,46.7,3.6,2.8,2.3,2.5,12.4,3.8,3546.6,Yes,Employer premises,-8.0,Retired: 100%,LA,Retired
E09000001,City of London,Unemployed 1,310,30.9,Yes,None/Not applicable,2.7,488.7,1.9,0.4,0.2,Male,3.5,552.5,38.3,49.6,3.2,2.4,2.3,2.7,8.5,3.4,555.2,No,Employer premises,-8.0,Unemployed: 100%,LA,Unemployed
E09000001,City of London,Unemployed 2,155,54.6,,None/Not applicable,3.1,1036.3,0.9,0.1,0.1,Male,1.7,634.0,41.3,42.7,3.4,2.3,2.2,2.7,1.7,3.5,700.3,No,Employer premises,-8.0,Unemployed: 100%,LA,Unemployed
E09000001,City of London,Student,334,24.1,,None/Not applicable,3.0,1172.8,3.0,0.0,0.0,Male,3.4,521.4,44.9,55.8,3.3,2.4,2.2,2.6,10.0,3.6,958.5,No,Employer premises,-8.0,Student / training: 100%,LA,Student
E09000001,City of London,On leave,225,39.7,,None/Not applicable,2.9,1248.2,1.3,1.5,0.8,Female,3.9,644.2,42.7,50.1,3.4,2.7,2.2,2.7,5.5,3.9,1564.9,Yes,Employer premises,-8.0,On leave: 100%,LA,On leave
E09000001,City of London,Inactive,406,46.9,,None/Not applicable,3.3,1384.6,1.3,0.3,0.2,Male,2.4,216.1,36.4,36.6,3.3,2.6,2.3,2.8,-0.2,3.9,1008.1,No,-8.0,-8.0,Inactive: 100%,LA,Inactive
E09000002,Barking and Dagenham,Employed 1,36754,42.0,Yes,None/Not applicable,2.6,2953.3,4.3,1.7,1.0,Male,4.0,1824.5,46.6,52.6,3.5,2.6,2.2,2.6,19.8,4.0,3889.6,Yes,Employer premises,-8.0,Employed: 100%,LA,Employed
E09000002,Barking and Dagenham,Employed 2,26046,55.3,Yes,None/Not applicable,3.2,2660.4,4.9,0.0,0.0,Male,2.7,1622.6,48.6,50.0,3.5,2.7,2.2,2.6,19.1,3.9,3876.4,Yes,Employer premises,-8.0,Employed: 100%,LA,Employed
E09000002,Barking and Dagenham,Employed 3,20734,28.6,Yes,None/Not applicable,2.6,1999.2,4.6,0.0,0.0,Male,3.1,1461.5,44.8,54.1,3.3,2.4,2.2,2.6,22.3,3.6,1991.3,Yes,Employer premises,-8.0,Employed: 100%,LA,Employed
E09000002,Barking and Dagenham,Retired 1,376,76.2,,Other,4.5,3640.0,0.2,0.0,0.0,Female,1.8,62.7,46.7,33.7,3.6,2.3,2.1,2.8,-5.6,2.8,405.1,No,-8.0,-8.0,Retired: 100%,LA,Retired
E09000002,Barking and Dagenham,Retired 2,4966,70.8,,Christian,2.1,2359.4,0.3,0.0,0.0,Male,1.9,264.0,50.2,44.7,3.7,2.8,2.3,2.6,-3.2,3.8,2916.9,Yes,-8.0,-8.0,Retired: 100%,LA,Retired
E09000002,Barking and Dagenham,Retired 3,16092,78.5,,Christian,4.8,1365.3,0.0,0.0,0.0,Female,1.9,2.4,48.8,37.4,3.7,2.6,2.3,2.7,-4.7,4.0,895.1,Yes,-8.0,-8.0,Retired: 100%,LA,Retired
E09000002,Barking and Dagenham,Retired 4,260,61.9,,None/Not applicable,3.9,1591.4,1.0,1.2,1.0,Male,3.5,454.3,49.7,39.2,3.8,3.0,1.9,2.4,-0.4,3.6,2817.7,Yes,-8.0,-8.0,Retired: 100%,LA,Retired
E09000002,Barking and Dagenham,Retired 5,2018,66.8,,None/Not applicable,3.8,1367.9,5.7,0.0,0.0,Male,2.2,815.3,50.4,45.6,3.6,2.8,2.3,2.6,15.4,3.9,3271.5,Yes,Employer premises,-8.0,Retired: 100%,LA,Retired
E09000002,Barking and Dagenham,Unemployed 1,3461,39.7,Yes,None/Not applicable,3.8,1027.8,1.4,1.8,1.0,Female,4.0,343.8,42.0,43.8,3.4,2.4,2.2,2.6,6.2,3.5,624.7,No,Employer premises,-8.0,Unemployed: 100%,LA,Unemployed
E09000002,Barking and Dagenham,Unemployed 2,7417,41.3,,None/Not applicable,3.8,676.8,1.1,0.0,0.0,Male,3.6,252.4,41.1,45.9,3.4,2.3,2.2,2.7,1.7,3.4,503.7,No,Employer premises,-8.0,Unemployed: 100%,LA,Unemployed
E09000002,Barking and Dagenham,Student,6967,23.1,,None/Not applicable,3.4,933.6,2.7,0.1,0.0,Male,3.9,445.8,45.4,54.7,3.3,2.3,2.2,2.7,7.4,3.5,728.0,No,Employer premises,-8.0,Student / training: 100%,LA,Student
E09000002,Barking and Dagenham,On leave,7044,42.8,,None/Not applicable,3.7,1151.6,0.9,1.6,0.7,Female,4.2,275.9,43.6,47.2,3.5,2.5,2.2,2.7,1.4,3.7,1041.2,Yes,Employer premises,-8.0,On leave: 100%,LA,On leave
E09000002,Barking and Dagenham,Inactive 1,7334,49.4,,None/Not applicable,4.2,1219.3,0.7,0.0,0.0,Female,2.4,146.9,36.2,34.0,3.4,2.6,2.2,2.8,-1.4,4.1,779.1,No,-8.0,-8.0,Inactive: 100%,LA,Inactive
E09000002,Barking and Dagenham,Inactive 2,2842,41.1,,None/Not applicable,3.8,1635.1,1.2,1.6,0.9,Female,4.2,302.5,37.1,36.5,3.4,2.6,2.2,2.8,-0.1,3.9,996.2,No,Employer premises,-8.0,Inactive: 100%,LA,Inactive
E09000003,Barnet,Employed 1,33298,29.4,Yes,None/Not applicable,2.2,2098.6,4.5,0.0,0.0,Male,2.4,1578.8,44.3,54.6,3.2,2.4,2.2,2.6,22.8,3.7,2520.2,Yes,Employer premises,-8.0,Employed: 100%,LA,Employed
E09000003,Barnet,Employed 2,34293,42.6,No,None/Not applicable,3.2,1996.3,5.4,1.7,1.0,Male,4.0,1179.1,46.5,52.0,3.6,2.6,2.2,2.6,13.8,4.1,3579.1,Yes,Employer premises,-8.0,Employed: 100%,LA,Employed
E09000003,Barnet,Employed 3,30746,53.7,Yes,None/Not applicable,1.5,4169.5,3.0,0.0,0.0,Male,2.5,2220.3,48.4,52.2,3.5,2.6,2.2,2.6,21.7,3.8,5204.0,Yes,Employer premises,-8.0,Employed: 100%,LA,Employed
E09000003,Barnet,Employed 4,38574,43.7,Yes,None/Not applicable,1.4,4157.6,2.8,1.7,1.0,Male,3.9,2461.3,47.1,53.9,3.6,2.7,2.2,2.5,23.0,3.9,4888.2,Yes,Employer premises,-8.0,Employed: 100%,LA,Employed
E09000003,Barnet,Employed 5,1035,51.3,,Other,2.2,2879.8,4.0,0.6,0.3,Female,2.8,1506.9,46.7,48.8,3.6,2.3,2.2,2.4,16.9,3.6,3837.6,Yes,Employer premises,-8.0,Employed: 100%,LA,Employed
E09000003,Barnet,Employed 6,31781,57.4,,None/Not applicable,3.7,1947.8,5.8,0.0,0.0,Male,2.6,1222.7,49.0,49.3,3.5,2.7,2.2,2.6,15.6,3.9,3470.8,Yes,Employer premises,-8.0,Employed: 100%,LA,Employed
E09000003,Barnet,Employed 7,11551,32.0,,Muslim/Islam,2.5,1707.7,3.8,0.3,0.1,Male,6.0,926.5,45.8,52.2,3.5,2.5,2.2,2.7,17.7,3.5,1303.3,Yes,Employer premises,-8.0,Employed: 100%,LA,Employed
E09000003,Barnet,Retired 1,19251,74.8,,Christian,1.8,2453.7,0.2,0.0,0.0,Male,1.9,148.5,50.6,43.3,3.7,2.7,2.3,2.6,-4.6,3.9,2698.1,Yes,-8.0,-8.0,Retired: 100%,LA,Retired
E09000003,Barnet,Retired 2,7457,68.5,,None/Not applicable,2.9,1574.9,5.1,0.0,0.0,Male,2.2,859.0,49.7,46.9,3.6,2.8,2.3,2.6,14.0,3.9,3597.8,Yes,Employer premises,-8.0,Retired: 100%,LA,Retired
E09000003,Barnet,Retired 3,660,76.8,,Other,4.0,2728.9,0.2,0.0,0.0,Female,1.7,46.2,47.1,35.6,3.7,2.4,2.2,2.8,-5.5,3.3,750.8,No,-8.0,-8.0,Retired: 100%,LA,Retired
E09000003,Barnet,Retired 4,33500,79.8,,Christian,4.6,1337.0,0.0,0.0,0.0,Female,2.0,4.6,49.3,38.0,3.7,2.5,2.2,2.7,-4.6,4.0,876.4,Yes,-8.0,-8.0,Retired: 100%,LA,Retired
E09000003,Barnet,Retired 5,559,65.8,,None/Not applicable,2.9,1876.2,0.9,1.2,1.0,Male,3.8,742.6,49.1,45.2,4.0,2.8,1.9,2.3,0.4,3.5,4189.0,Yes,-8.0,-8.0,Retired: 100%,LA,Retired
E09000003,Barnet,Unemployed 1,5327,41.8,Yes,Muslim/Islam,3.0,1001.1,1.6,1.9,1.0,Female,4.1,513.9,42.0,44.6,3.4,2.6,2.2,2.6,3.1,3.6,1001.9,Yes,Employer premises,-8.0,Unemployed: 100%,LA,Unemployed
E09000003,Barnet,Unemployed 2,11554,43.5,,None/Not applicable,3.5,651.6,1.4,0.0,0.0,Male,3.5,360.8,41.3,46.1,3.3,2.3,2.2,2.7,2.4,3.4,614.1,No,Employer premises,-8.0,Unemployed: 100%,LA,Unemployed
E09000003,Barnet,Student,11446,24.0,,None/Not applicable,3.1,1067.6,2.8,0.1,0.0,Male,3.7,471.2,44.6,54.8,3.3,2.3,2.2,2.7,9.4,3.5,699.1,No,Employer premises,-8.0,Student / training: 100%,LA,Student
E09000003,Barnet,On leave,11084,44.3,,None/Not applicable,3.1,1047.4,1.0,1.5,0.7,Female,4.1,319.0,43.7,47.9,3.5,2.6,2.2,2.7,1.0,3.8,1239.0,Yes,Employer premises,-8.0,On leave: 100%,LA,On leave
E09000003,Barnet,Inactive,14481,47.9,,None/Not applicable,3.5,1336.8,1.1,0.4,0.2,Female,2.9,261.3,36.6,35.6,3.3,2.6,2.2,2.8,0.5,3.9,1011.5,Yes,-8.0,-8.0,Inactive: 100%,LA,Inactive
E09000004,Bexley,Employed 1,599,49.2,,Other,2.7,2771.8,4.3,0.6,0.4,Female,2.9,1498.4,45.1,47.6,3.5,2.7,2.1,2.4,17.2,3.7,3727.8,Yes,Employer premises,-8.0,Employed: 100%,LA,Employed
E09000004,Bexley,Employed 2,25442,57.2,,None/Not applicable,4.0,1914.8,5.8,0.0,0.0,Female,2.7,1225.7,48.8,49.4,3.5,2.7,2.3,2.6,15.5,4.0,3724.8,Yes,Employer premises,-8.0,Employed: 100%,LA,Employed
E09000004,Bexley,Employed 3,18553,51.3,Yes,None/Not applicable,1.7,4135.2,3.0,0.0,0.0,Male,2.5,2346.4,48.0,52.8,3.5,2.7,2.3,2.6,24.3,3.9,5311.8,Yes,Employer premises,-8.0,Employed: 100%,LA,Employed
E09000004,Bexley,Employed 4,24544,42.9,Yes,None/Not applicable,1.7,4197.0,2.8,1.7,1.0,Male,3.9,2579.3,46.7,54.3,3.6,2.8,2.3,2.5,24.9,4.0,5126.4,Yes,Employer premises,-8.0,Employed: 100%,LA,Employed
E09000004,Bexley,Employed 5,18827,27.2,Yes,None/Not applicable,2.9,1709.7,5.0,0.0,0.0,Male,3.1,1292.2,44.6,54.2,3.3,2.5,2.2,2.6,21.4,3.7,2119.9,Yes,Employer premises,-8.0,Employed: 100%,LA,Employed
E09000004,Bexley,Employed 6,26614,41.8,No,None/Not applicable,3.6,2057.9,5.6,1.7,1.0,Male,4.0,1303.8,46.4,52.4,3.6,2.7,2.2,2.6,15.5,4.1,3670.5,Yes,Employer premises,-8.0,Employed: 100%,LA,Employed
E09000004,Bexley,Retired 1,418,63.8,,None/Not applicable,3.4,1858.2,0.9,1.2,1.0,Male,3.6,652.3,48.9,41.8,4.0,2.9,1.8,2.3,0.0,3.7,4313.9,Yes,-8.0,-8.0,Retired: 100%,LA,Retired
E09000004,Bexley,Retired 2,30752,79.7,,Christian,4.7,1334.9,0.0,0.0,0.0,Female,1.9,2.5,49.6,38.3,3.7,2.6,2.3,2.7,-4.8,4.0,980.4,Yes,-8.0,-8.0,Retired: 100%,LA,Retired
E09000004,Bexley,Retired 3,4608,67.2,,None/Not applicable,3.7,1454.1,5.6,0.0,0.0,Male,2.2,821.0,50.4,45.6,3.6,2.9,2.3,2.6,15.0,3.9,3663.6,Yes,Employer premises,-8.0,Retired: 100%,LA,Retired
E09000004,Bexley,Retired 4,449,77.1,,Other,4.2,2619.4,0.2,0.0,0.0,Female,1.7,43.1,47.4,35.6,3.7,2.5,2.1,2.7,-5.2,3.5,766.4,Yes,-8.0,-8.0,Retired: 100%,LA,Retired
E09000004,Bexley,Retired 5,10006,72.7,,Christian,2.1,2484.3,0.3,0.0,0.0,Male,1.9,251.0,51.1,44.4,3.7,2.8,2.3,2.6,-3.5,3.9,3041.0,Yes,-8.0,-8.0,Retired: 100%,LA,Retired
E09000004,Bexley,Unemployed,9056,41.0,Yes,None/Not applicable,3.7,740.2,1.4,0.5,0.3,Female,3.4,402.7,41.0,45.7,3.3,2.4,2.2,2.7,3.5,3.6,818.9,No,Employer premises,-8.0,Unemployed: 100%,LA,Unemployed
E09000004,Bexley,Student,7708,22.7,,None/Not applicable,3.3,965.0,3.1,0.1,0.0,Female,3.7,459.4,43.9,56.0,3.3,2.4,2.2,2.7,9.1,3.5,909.7,No,Employer premises,-8.0,Student / training: 100%,LA,Student
E09000004,Bexley,On leave,6737,43.8,,None/Not applicable,3.6,1090.2,1.2,1.5,0.7,Female,4.0,341.7,43.7,48.1,3.5,2.7,2.2,2.7,1.6,3.9,1379.0,Yes,Employer premises,-8.0,On leave: 100%,LA,On leave
E09000004,Bexley,Inactive,9057,48.1,,None/Not applicable,4.0,1343.5,1.0,0.4,0.2,Female,2.9,247.0,36.2,35.0,3.4,2.7,2.3,2.8,-0.1,4.1,888.8,No,-8.0,-8.0,Inactive: 100%,LA,Inactive
E09000005,Brent,Employed 1,9305,34.9,,Muslim/Islam,2.4,1673.9,2.1,0.6,0.2,Male,6.5,800.4,45.6,51.3,3.5,2.4,2.2,2.7,13.7,3.5,1115.1,Yes,Employer premises,-8.0,Employed: 100%,LA,Employed
E09000005,Brent,Employed 2,29242,57.8,,None/Not applicable,3.6,2067.2,5.8,0.0,0.0,Male,2.9,1336.1,49.1,49.3,3.5,2.4,2.1,2.6,19.6,3.7,2481.0,Yes,Employer premises,-8.0,Employed: 100%,LA,Employed
E09000005,Brent,Employed 3,28427,40.6,Yes,None/Not applicable,1.5,2645.1,2.9,0.0,0.0,Female,2.2,1846.1,46.1,53.6,3.3,2.4,2.2,2.6,23.7,3.6,3134.0,Yes,Employer premises,-8.0,Employed: 100%,LA,Employed
E09000005,Brent,Employed 4,13311,50.1,,None/Not applicable,1.7,7045.6,3.1,0.8,0.5,Male,3.5,3549.8,49.6,52.9,3.5,2.5,2.1,2.5,26.4,3.5,5362.1,Yes,Employer premises,-8.0,Employed: 100%,LA,Employed
E09000005,Brent,Employed 5,22625,44.2,No,None/Not applicable,3.6,1954.6,5.9,1.7,1.0,Male,4.2,1122.7,47.2,50.9,3.6,2.5,2.2,2.6,15.3,4.0,2963.5,Yes,Employer premises,-8.0,Employed: 100%,LA,Employed
E09000005,Brent,Employed 6,26708,42.7,Yes,None/Not applicable,1.5,2786.1,3.3,1.7,1.0,Male,3.9,1814.5,46.5,52.7,3.5,2.5,2.2,2.5,21.3,3.9,3556.3,Yes,Employer premises,-8.0,Employed: 100%,LA,Employed
E09000005,Brent,Employed 7,1005,52.5,,Other,2.4,2919.7,4.1,0.5,0.3,Female,2.8,1240.0,47.8,49.3,3.6,2.1,2.1,2.4,17.2,3.6,4264.5,Yes,Employer premises,-8.0,Employed: 100%,LA,Employed
E09000005,Brent,Employed 8,18931,28.6,,None/Not applicable,3.0,1636.9,6.5,0.0,0.0,Male,3.5,1286.3,45.0,53.2,3.3,2.4,2.1,2.6,22.2,3.6,1724.6,Yes,Employer premises,-8.0,Employed: 100%,LA,Employed
E09000005,Brent,Retired 1,19777,79.5,,Christian,4.7,1345.4,0.0,0.0,0.0,Female,1.8,1.8,49.3,38.3,3.6,2.5,2.2,2.7,-4.5,4.0,692.8,Yes,-8.0,-8.0,Retired: 100%,LA,Retired
E09000005,Brent,Retired 2,11127,74.9,,Christian,1.9,2399.3,0.2,0.0,0.0,Male,1.9,164.7,50.6,42.7,3.7,2.6,2.2,2.6,-3.7,3.7,2251.0,Yes,-8.0,-8.0,Retired: 100%,LA,Retired
E09000005,Brent,Retired 3,692,69.7,,Muslim/Islam,4.0,1059.0,0.8,1.2,1.0,Male,4.0,355.6,51.9,40.6,4.2,2.2,1.6,2.3,-1.4,3.2,1525.3,No,-8.0,-8.0,Retired: 100%,LA,Retired
E09000005,Brent,Retired 4,4297,76.9,,Muslim/Islam,4.2,1555.6,0.1,0.0,0.0,Female,5.3,10.6,48.1,36.3,3.8,2.0,1.9,2.7,-3.9,3.6,423.5,Yes,-8.0,-8.0,Retired: 100%,LA,Retired
E09000005,Brent,Retired 5,4339,70.1,,None/Not applicable,2.9,1396.2,5.5,0.0,0.0,Male,2.4,990.1,48.7,47.6,3.5,2.6,2.2,2.6,17.7,3.8,2897.8,Yes,Employer premises,-8.0,Retired: 100%,LA,Retired
E09000005,Brent,Unemployed 1,12812,45.7,,Muslim/Islam,3.6,635.6,1.2,0.0,0.0,Male,4.0,259.2,42.4,45.8,3.4,2.2,2.1,2.7,0.9,3.4,539.4,No,Employer premises,-8.0,Unemployed: 100%,LA,Unemployed
E09000005,Brent,Unemployed 2,5211,41.8,Yes,Muslim/Islam,3.2,902.4,1.7,2.0,1.0,Female,4.4,498.4,43.5,43.4,3.4,2.4,2.1,2.5,4.3,3.5,839.6,No,Employer premises,-8.0,Unemployed: 100%,LA,Unemployed
E09000005,Brent,Student,10599,24.3,,Muslim/Islam,3.2,1035.5,2.6,0.1,0.1,Male,3.9,434.7,46.3,53.9,3.3,2.2,2.1,2.7,8.2,3.5,615.6,No,Employer premises,-8.0,Student / training: 100%,LA,Student
E09000005,Brent,On leave,9680,44.6,,Muslim/Islam,3.4,1019.4,0.8,1.5,0.7,Female,4.4,239.0,44.3,47.0,3.5,2.4,2.1,2.7,-0.1,3.7,803.9,Yes,Employer premises,-8.0,On leave: 100%,LA,On leave
E09000005,Brent,Inactive 1,2626,41.7,,None/Not applicable,3.3,1709.2,1.8,1.7,1.0,Female,4.0,570.8,39.0,37.3,3.4,2.8,2.3,2.9,4.3,3.8,1382.8,Yes,Employer premises,-8.0,Inactive: 100%,LA,Inactive
E09000005,Brent,Inactive 2,10375,49.8,,None/Not applicable,3.8,1231.4,0.9,0.0,0.0,Female,2.9,186.7,36.5,35.0,3.4,2.4,2.1,2.7,0.7,3.9,743.8,No,Employer premises,-8.0,Inactive: 100%,LA,Inactive
E09000006,Bromley,Employed 1,32763,57.4,,None/Not applicable,3.9,1953.0,5.8,0.0,0.0,Female,2.6,1210.1,48.9,49.5,3.5,2.8,2.3,2.6,15.6,4.0,3860.9,Yes,Employer premises,-8.0,Employed: 100%,LA,Employed
E09000006,Bromley,Employed 2,908,50.8,,Other,2.4,2893.8,4.1,0.5,0.3,Female,2.8,1583.7,45.9,48.0,3.5,2.6,2.2,2.4,16.2,3.7,3666.9,Yes,Employer premises,-8.0,Employed: 100%,LA,Employed
E09000006,Bromley,Employed 3,29856,52.2,Yes,None/Not applicable,1.6,4110.6,3.0,0.0,0.0,Male,2.4,2305.6,48.0,52.7,3.5,2.7,2.3,2.6,22.7,3.9,5372.3,Yes,Employer premises,-8.0,Employed: 100%,LA,Employed
E09000006,Bromley,Employed 4,31797,42.4,No,None/Not applicable,3.4,2051.8,5.5,1.7,1.0,Female,4.0,1296.7,46.4,52.4,3.6,2.7,2.2,2.6,15.2,4.1,3836.6,Yes,Employer premises,-8.0,Employed: 100%,LA,Employed
E09000006,Bromley,Employed 5,35436,43.8,Yes,None/Not applicable,1.5,4207.2,2.8,1.6,1.0,Male,3.9,2554.2,46.9,54.4,3.6,2.8,2.3,2.5,24.6,4.0,5093.7,Yes,Employer premises,-8.0,Employed: 100%,LA,Employed
E09000006,Bromley,Employed 6,24732,27.9,Yes,None/Not applicable,2.6,1824.6,4.8,0.0,0.0,Male,2.9,1366.5,44.3,54.4,3.2,2.5,2.2,2.6,22.1,3.7,2236.3,Yes,Employer premises,-8.0,Employed: 100%,LA,Employed
E09000006,Bromley,Retired 1,39898,79.7,,Christian,4.6,1347.4,0.0,0.0,0.0,Female,1.8,3.8,49.7,38.7,3.7,2.6,2.3,2.7,-4.9,4.0,988.9,Yes,-8.0,-8.0,Retired: 100%,LA,Retired
E09000006,Bromley,Retired 2,17385,73.5,,Christian,1.9,2557.6,0.2,0.0,0.0,Male,1.9,205.4,50.9,44.6,3.7,2.8,2.3,2.6,-4.1,3.9,3113.9,Yes,-8.0,-8.0,Retired: 100%,LA,Retired
E09000006,Bromley,Retired 3,7142,67.4,,None/Not applicable,3.3,1475.8,5.3,0.0,0.0,Female,2.1,856.1,50.8,46.5,3.6,2.9,2.3,2.6,13.8,4.0,3650.5,Yes,Employer premises,-8.0,Retired: 100%,LA,Retired
E09000006,Bromley,Retired 4,566,63.4,,None/Not applicable,2.7,2195.8,1.0,1.1,1.0,Male,3.6,882.2,49.5,44.4,3.9,3.1,2.0,2.3,1.5,3.8,5385.9,Yes,-8.0,-8.0,Retired: 100%,LA,Retired
E09000006,Bromley,Retired 5,602,76.8,,Other,3.9,2322.0,0.1,0.0,0.0,Female,1.7,32.0,47.9,36.8,3.6,2.5,2.2,2.7,-5.2,3.6,857.3,Yes,-8.0,-8.0,Retired: 100%,LA,Retired
E09000006,Bromley,Unemployed,11000,41.8,Yes,None/Not applicable,3.5,752.6,1.4,0.5,0.3,Female,3.3,435.6,40.7,45.8,3.3,2.4,2.2,2.7,3.0,3.6,886.1,No,Employer premises,-8.0,Unemployed: 100%,LA,Unemployed
E09000006,Bromley,Student,8365,23.2,,None/Not applicable,3.2,990.3,3.1,0.1,0.0,Male,3.6,506.9,44.2,55.9,3.3,2.4,2.2,2.7,9.4,3.5,974.2,No,Employer premises,-8.0,Student / training: 100%,LA,Student
E09000006,Bromley,On leave,8627,44.7,,None/Not applicable,3.3,1071.7,1.2,1.4,0.7,Female,3.9,351.1,43.6,48.4,3.5,2.7,2.3,2.7,1.6,3.9,1509.9,Yes,Employer premises,-8.0,On leave: 100%,LA,On leave
E09000006,Bromley,Inactive,11801,49.0,,None/Not applicable,3.8,1342.2,1.1,0.4,0.2,Female,2.7,268.0,36.1,35.0,3.4,2.7,2.3,2.8,0.1,4.0,983.3,No,-8.0,-8.0,Inactive: 100%,LA,Inactive
E09000007,Camden,Employed 1,8369,31.6,,Muslim/Islam,2.1,1815.2,2.7,0.2,0.1,Male,5.9,840.6,45.3,52.5,3.4,2.5,2.2,2.7,18.9,3.4,1014.8,Yes,Employer premises,-8.0,Employed: 100%,LA,Employed
E09000007,Camden,Employed 2,20632,42.0,Yes,None/Not applicable,1.4,4017.4,2.9,1.6,1.0,Male,3.8,2411.3,46.6,53.9,3.5,2.7,2.2,2.5,23.3,4.0,4908.9,Yes,Employer premises,-8.0,Employed: 100%,LA,Employed
E09000007,Camden,Employed 3,23004,56.2,,None/Not applicable,3.5,1923.1,5.8,0.0,0.0,Male,2.4,1263.6,48.7,49.2,3.5,2.7,2.2,2.6,16.2,3.9,3462.7,Yes,Employer premises,-8.0,Employed: 100%,LA,Employed
E09000007,Camden,Employed 4,17539,53.2,Yes,None/Not applicable,1.5,4810.5,3.0,0.0,0.0,Male,2.3,2468.4,48.4,52.0,3.4,2.6,2.3,2.6,22.5,3.7,5416.8,Yes,Employer premises,-8.0,Employed: 100%,LA,Employed
E09000007,Camden,Employed 5,18326,41.1,No,None/Not applicable,3.1,1995.5,5.5,1.7,1.0,Male,3.9,1226.9,45.4,52.1,3.5,2.6,2.2,2.6,15.1,4.0,3608.1,Yes,Employer premises,-8.0,Employed: 100%,LA,Employed
E09000007,Camden,Employed 6,27719,32.6,Yes,None/Not applicable,1.5,2591.5,2.9,0.0,0.0,Male,2.0,1917.9,44.0,55.0,3.1,2.4,2.2,2.6,24.8,3.5,2876.4,Yes,Employer premises,-8.0,Employed: 100%,LA,Employed
E09000007,Camden,Employed 7,700,49.9,,Other,2.1,2992.5,4.0,0.4,0.2,Female,2.4,1630.4,46.0,48.6,3.5,2.4,2.2,2.4,18.3,3.6,4364.3,Yes,Employer premises,-8.0,Employed: 100%,LA,Employed
E09000007,Camden,Employed 8,17875,29.2,,None/Not applicable,3.0,1674.0,6.5,0.0,0.0,Male,3.0,1292.5,44.2,53.2,3.3,2.5,2.1,2.6,21.9,3.7,1810.0,Yes,Employer premises,-8.0,Employed: 100%,LA,Employed
E09000007,Camden,Retired 1,19427,79.4,,Christian,4.5,1381.3,0.0,0.0,0.0,Female,1.8,1.6,49.2,37.1,3.7,2.6,2.2,2.7,-4.6,4.0,849.3,Yes,-8.0,-8.0,Retired: 100%,LA,Retired
E09000007,Camden,Retired 2,12976,74.3,,Christian,1.8,2419.4,0.1,0.0,0.0,Male,1.8,124.4,50.2,42.9,3.7,2.7,2.3,2.6,-4.8,3.9,2658.5,Yes,-8.0,-8.0,Retired: 100%,LA,Retired
E09000007,Camden,Retired 3,4342,67.6,,None/Not applicable,2.7,1631.7,5.1,0.0,0.0,Male,2.1,877.6,50.1,47.0,3.6,2.8,2.3,2.6,15.2,3.9,3429.0,Yes,Employer premises,-8.0,Retired: 100%,LA,Retired
E09000007,Camden,Retired 4,169,59.8,,None/Not applicable,2.9,1697.1,1.4,1.3,1.0,Male,3.6,950.6,48.4,41.9,3.8,3.3,1.9,2.3,3.2,3.6,3521.3,Yes,-8.0,-8.0,Retired: 100%,LA,Retired
E09000007,Camden,Unemployed 1,10240,41.0,,None/Not applicable,3.3,671.8,1.4,0.0,0.0,Male,3.2,388.3,40.2,46.3,3.3,2.3,2.2,2.7,3.1,3.3,544.9,No,Employer premises,-8.0,Unemployed: 100%,LA,Unemployed
E09000007,Camden,Unemployed 2,3103,39.6,Yes,None/Not applicable,3.0,1027.2,1.4,1.8,1.0,Female,3.9,538.1,40.4,44.3,3.4,2.5,2.2,2.6,3.0,3.5,787.3,No,Employer premises,-8.0,Unemployed: 100%,LA,Unemployed
E09000007,Camden,Student,9365,24.4,,None/Not applicable,3.0,1044.6,2.6,0.1,0.0,Male,3.6,510.4,44.3,55.3,3.3,2.3,2.2,2.7,9.7,3.5,725.7,No,Employer premises,-8.0,Student / training: 100%,LA,Student
E09000007,Camden,On leave,7022,41.7,,None/Not applicable,3.0,1189.4,1.2,1.4,0.7,Female,3.9,419.8,42.8,47.9,3.4,2.6,2.3,2.7,3.0,3.8,1430.4,Yes,Employer premises,-8.0,On leave: 100%,LA,On leave
E09000007,Camden,Inactive 1,2290,41.0,,None/Not applicable,3.4,1680.9,1.2,1.6,1.0,Female,3.9,316.1,36.4,35.3,3.4,2.6,2.3,2.9,0.6,3.7,1221.4,Yes,Employer premises,-8.0,Inactive: 100%,LA,Inactive
E09000007,Camden,Inactive 2,11290,48.0,,None/Not applicable,3.5,1242.2,1.1,0.0,0.0,Female,2.4,179.4,35.4,36.0,3.3,2.5,2.2,2.7,-0.4,3.9,889.7,No,-8.0,-8.0,Inactive: 100%,LA,Inactive
E09000008,Croydon,Employed 1,38076,43.3,Yes,None/Not applicable,1.5,4065.9,2.8,1.7,1.0,Male,3.9,2495.7,46.9,53.7,3.5,2.7,2.2,2.5,24.7,3.9,4396.7,Yes,Employer premises,-8.0,Employed: 100%,LA,Employed
E09000008,Croydon,Employed 2,37074,57.3,,None/Not applicable,3.8,1945.8,5.9,0.0,0.0,Female,2.7,1275.0,49.1,49.3,3.5,2.6,2.2,2.6,18.1,3.8,3025.0,Yes,Employer premises,-8.0,Employed: 100%,LA,Employed
E09000008,Croydon,Employed 3,1251,52.2,,Other,2.4,3061.8,4.1,0.4,0.3,Female,2.7,1454.9,46.8,48.6,3.6,2.4,2.2,2.4,19.8,3.7,4196.6,Yes,Employer premises,-8.0,Employed: 100%,LA,Employed
E09000008,Croydon,Employed 4,35501,43.0,No,None/Not applicable,3.4,2015.3,5.7,1.7,1.0,Male,4.0,1236.8,46.7,51.6,3.6,2.6,2.2,2.6,15.9,4.0,3085.7,Yes,Employer premises,-8.0,Employed: 100%,LA,Employed
E09000008,Croydon,Employed 5,32380,52.0,Yes,None/Not applicable,1.6,4076.7,2.9,0.0,0.0,Female,2.4,2323.1,48.3,52.3,3.4,2.6,2.2,2.6,24.8,3.7,4628.7,Yes,Employer premises,-8.0,Employed: 100%,LA,Employed
E09000008,Croydon,Employed 6,32148,28.1,Yes,None/Not applicable,2.6,1728.2,4.7,0.0,0.0,Male,3.1,1334.8,44.8,54.1,3.3,2.4,2.2,2.6,22.1,3.6,1883.0,Yes,Employer premises,-8.0,Employed: 100%,LA,Employed
E09000008,Croydon,Retired 1,15471,73.8,,Christian,1.9,2431.1,0.3,0.0,0.0,Male,1.9,232.3,50.8,43.7,3.7,2.7,2.2,2.6,-3.5,3.8,2672.2,Yes,-8.0,-8.0,Retired: 100%,LA,Retired
E09000008,Croydon,Retired 2,34354,79.4,,Christian,4.7,1344.3,0.0,0.0,0.0,Female,1.9,3.7,49.8,38.7,3.7,2.5,2.2,2.7,-4.7,3.9,898.1,Yes,-8.0,-8.0,Retired: 100%,LA,Retired
E09000008,Croydon,Retired 3,689,65.2,,None/Not applicable,3.4,1609.6,1.2,1.2,1.0,Male,3.8,706.2,51.1,44.0,4.0,2.7,1.8,2.4,1.5,3.5,3324.6,Yes,-8.0,-8.0,Retired: 100%,LA,Retired
E09000008,Croydon,Retired 4,881,76.1,,Other,4.3,3759.9,0.1,0.0,0.0,Female,1.8,35.9,46.7,34.7,3.7,2.3,2.1,2.8,-6.0,2.8,506.8,No,-8.0,-8.0,Retired: 100%,LA,Retired
E09000008,Croydon,Retired 5,6358,68.0,,None/Not applicable,3.4,1477.2,5.4,0.0,0.0,Male,2.2,890.8,50.6,45.9,3.6,2.8,2.3,2.6,14.9,3.9,3442.9,Yes,Employer premises,-8.0,Retired: 100%,LA,Retired
E09000008,Croydon,Unemployed 1,5003,40.7,Yes,None/Not applicable,3.3,964.0,1.6,1.8,1.0,Female,4.0,420.7,41.5,44.3,3.4,2.5,2.2,2.5,5.0,3.6,798.1,No,Employer premises,-8.0,Unemployed: 100%,LA,Unemployed
E09000008,Croydon,Unemployed 2,11841,43.5,,None/Not applicable,3.6,651.1,1.3,0.0,0.0,Male,3.4,341.7,41.7,46.3,3.4,2.3,2.2,2.7,2.3,3.5,628.9,No,Employer premises,-8.0,Unemployed: 100%,LA,Unemployed
E09000008,Croydon,Student,11187,23.7,,None/Not applicable,3.3,984.9,2.8,0.1,0.1,Female,3.8,482.7,45.5,54.6,3.3,2.3,2.1,2.7,8.6,3.5,708.7,No,Employer premises,-8.0,Student / training: 100%,LA,Student
E09000008,Croydon,On leave,10695,43.6,,None/Not applicable,3.4,1110.3,1.0,1.5,0.7,Female,4.1,322.1,44.1,47.8,3.5,2.5,2.2,2.7,1.7,3.8,1119.3,Yes,Employer premises,-8.0,On leave: 100%,LA,On leave
E09000008,Croydon,Inactive 1,3634,42.3,,None/Not applicable,3.6,1591.9,1.5,1.5,0.9,Female,4.3,398.1,39.0,37.2,3.4,2.6,2.2,2.8,1.6,3.8,1042.7,Yes,Employer premises,-8.0,Inactive: 100%,LA,Inactive
E09000008,Croydon,Inactive 2,11226,50.8,,None/Not applicable,3.9,1277.9,1.1,0.0,0.0,Female,2.4,238.4,36.6,34.5,3.4,2.6,2.2,2.7,1.0,4.0,927.0,No,Employer premises,-8.0,Inactive: 100%,LA,Inactive
E09000009,Ealing,Employed 1,28864,29.7,Yes,None/Not applicable,2.2,2117.4,4.5,0.0,0.0,Male,2.4,1603.8,44.2,54.7,3.2,2.4,2.2,2.6,23.5,3.6,2422.7,Yes,Employer premises,-8.0,Employed: 100%,LA,Employed
E09000009,Ealing,Employed 2,1022,52.2,,Other,2.2,3040.7,4.0,0.5,0.3,Female,2.8,1370.0,47.8,49.6,3.6,2.2,2.2,2.4,18.9,3.7,4333.5,Yes,Employer premises,-8.0,Employed: 100%,LA,Employed
E09000009,Ealing,Employed 3,26298,54.1,Yes,None/Not applicable,1.6,4146.4,3.0,0.0,0.0,Male,2.6,2305.8,48.5,51.9,3.4,2.6,2.2,2.6,23.9,3.7,4938.5,Yes,Employer premises,-8.0,Employed: 100%,LA,Employed
E09000009,Ealing,Employed 4,30075,57.4,,None/Not applicable,3.7,1992.0,5.9,0.0,0.0,Male,2.8,1326.6,48.9,49.4,3.5,2.5,2.2,2.6,18.7,3.8,2743.8,Yes,Employer premises,-8.0,Employed: 100%,LA,Employed
E09000009,Ealing,Employed 5,31843,43.8,Yes,None/Not applicable,1.4,4169.1,2.8,1.7,1.0,Male,3.9,2501.6,47.2,53.6,3.5,2.6,2.2,2.5,24.3,3.9,4611.7,Yes,Employer premises,-8.0,Employed: 100%,LA,Employed
E09000009,Ealing,Employed 6,32073,43.4,No,None/Not applicable,3.2,1986.2,5.5,1.8,1.0,Male,4.1,1203.0,46.6,51.3,3.6,2.6,2.2,2.6,15.3,4.0,3270.3,Yes,Employer premises,-8.0,Employed: 100%,LA,Employed
E09000009,Ealing,Employed 7,12166,32.2,,Muslim/Islam,2.7,1575.5,4.0,0.2,0.1,Male,6.1,957.0,46.0,51.7,3.6,2.6,2.1,2.6,16.7,3.5,1208.0,Yes,Employer premises,-8.0,Employed: 100%,LA,Employed
E09000009,Ealing,Retired 1,14397,75.4,,Christian,1.9,2466.6,0.2,0.0,0.0,Male,1.9,139.6,50.5,42.8,3.7,2.6,2.2,2.6,-4.1,3.8,2379.8,Yes,-8.0,-8.0,Retired: 100%,LA,Retired
E09000009,Ealing,Retired 2,23885,79.5,,Christian,4.6,1319.7,0.0,0.0,0.0,Female,2.3,2.4,49.3,38.4,3.7,2.5,2.2,2.7,-4.5,4.0,746.0,Yes,-8.0,-8.0,Retired: 100%,LA,Retired
E09000009,Ealing,Retired 3,5899,69.4,,None/Not applicable,3.0,1454.8,5.4,0.0,0.0,Male,2.3,975.3,49.4,47.2,3.5,2.7,2.2,2.6,17.0,3.8,3107.2,Yes,Employer premises,-8.0,Retired: 100%,LA,Retired
E09000009,Ealing,Retired 4,616,76.4,,Other,4.1,3335.1,0.1,0.0,0.0,Female,1.8,19.3,47.5,34.7,3.7,2.3,2.0,2.7,-5.7,2.8,464.8,No,-8.0,-8.0,Retired: 100%,LA,Retired
E09000009,Ealing,Retired 5,662,68.2,,Muslim/Islam,3.7,1286.7,0.7,1.2,1.0,Male,3.9,504.9,50.6,41.5,4.2,2.3,1.6,2.2,-1.1,3.0,2296.8,No,-8.0,-8.0,Retired: 100%,LA,Retired
E09000009,Ealing,Unemployed 1,5059,41.8,Yes,Muslim/Islam,3.2,918.1,1.7,2.0,1.0,Female,4.3,477.2,43.1,43.9,3.4,2.5,2.2,2.5,3.1,3.6,872.6,No,Employer premises,-8.0,Unemployed: 100%,LA,Unemployed
E09000009,Ealing,Unemployed 2,11805,45.9,,Muslim/Islam,3.6,626.8,1.2,0.0,0.0,Male,3.9,300.0,42.3,46.1,3.4,2.2,2.2,2.7,1.5,3.4,583.9,No,Employer premises,-8.0,Unemployed: 100%,LA,Unemployed
E09000009,Ealing,Student,9769,24.2,,Muslim/Islam,3.1,1065.5,2.8,0.1,0.1,Male,3.8,453.4,45.3,54.4,3.3,2.3,2.1,2.7,9.1,3.5,747.9,No,Employer premises,-8.0,Student / training: 100%,LA,Student
E09000009,Ealing,On leave,10046,44.8,,Muslim/Islam,3.3,991.8,0.8,1.5,0.7,Female,4.4,245.9,44.1,47.5,3.6,2.5,2.1,2.6,-0.1,3.8,1007.1,Yes,Employer premises,-8.0,On leave: 100%,LA,On leave
E09000009,Ealing,Inactive,12673,48.5,,None/Not applicable,3.6,1337.8,1.2,0.3,0.2,Female,3.1,282.4,37.1,35.8,3.4,2.5,2.2,2.7,1.5,3.9,919.9,Yes,Employer premises,-8.0,Inactive: 100%,LA,Inactive
E09000010,Enfield,Employed 1,44888,42.4,No,None/Not applicable,3.0,2058.2,4.9,1.7,1.0,Female,4.0,1330.5,46.6,52.2,3.5,2.7,2.2,2.6,16.2,4.0,3410.0,Yes,Employer premises,-8.0,Employed: 100%,LA,Employed
E09000010,Enfield,Employed 2,31537,28.6,Yes,None/Not applicable,2.5,1899.2,4.5,0.0,0.0,Male,3.0,1413.1,44.7,54.2,3.2,2.4,2.2,2.6,22.5,3.6,2157.4,Yes,Employer premises,-8.0,Employed: 100%,LA,Employed
E09000010,Enfield,Employed 3,927,51.2,,Other,2.5,2916.9,3.9,0.5,0.3,Female,2.7,1406.9,45.9,48.4,3.5,2.4,2.2,2.4,16.2,3.6,4186.0,Yes,Employer premises,-8.0,Employed: 100%,LA,Employed
E09000010,Enfield,Employed 4,31908,46.1,Yes,None/Not applicable,1.4,5372.4,2.7,1.1,0.7,Male,3.5,2947.8,47.6,54.0,3.5,2.7,2.2,2.5,26.9,3.8,5031.7,Yes,Employer premises,-8.0,Employed: 100%,LA,Employed
E09000010,Enfield,Employed 5,41255,57.0,,None/Not applicable,3.3,2191.8,5.1,0.0,0.0,Female,2.6,1348.1,49.0,49.7,3.5,2.7,2.3,2.6,17.8,3.9,3677.8,Yes,Employer premises,-8.0,Employed: 100%,LA,Employed
E09000010,Enfield,Retired 1,30684,79.6,,Christian,4.7,1336.6,0.0,0.0,0.0,Female,1.9,2.2,49.4,38.0,3.7,2.6,2.3,2.7,-4.7,4.0,889.2,Yes,-8.0,-8.0,Retired: 100%,LA,Retired
E09000010,Enfield,Retired 2,5264,67.7,,None/Not applicable,3.4,1440.7,5.4,0.0,0.0,Male,2.2,852.3,50.2,45.8,3.6,2.8,2.3,2.6,14.8,3.9,3447.6,Yes,Employer premises,-8.0,Retired: 100%,LA,Retired
E09000010,Enfield,Retired 3,12682,73.4,,Christian,2.0,2391.4,0.2,0.0,0.0,Male,1.9,225.3,50.7,43.9,3.7,2.7,2.3,2.6,-3.8,3.9,2818.1,Yes,-8.0,-8.0,Retired: 100%,LA,Retired
E09000010,Enfield,Retired 4,699,76.4,,Other,4.4,3595.9,0.2,0.0,0.0,Female,1.8,43.9,46.2,34.4,3.7,2.4,2.1,2.8,-5.4,2.9,497.0,No,-8.0,-8.0,Retired: 100%,LA,Retired
E09000010,Enfield,Retired 5,568,65.8,,None/Not applicable,3.3,1693.1,0.9,1.2,1.0,Male,3.8,695.7,50.6,44.2,3.9,2.7,1.9,2.4,0.5,3.6,3835.4,Yes,-8.0,-8.0,Retired: 100%,LA,Retired
E09000010,Enfield,Unemployed 1,5246,41.0,Yes,None/Not applicable,3.4,1081.3,1.6,1.9,1.0,Female,4.0,439.2,42.6,44.5,3.4,2.5,2.2,2.6,6.1,3.5,905.0,No,Employer premises,-8.0,Unemployed: 100%,LA,Unemployed
E09000010,Enfield,Unemployed 2,11448,43.0,,None/Not applicable,3.7,664.7,1.2,0.0,0.0,Female,3.5,298.3,41.4,46.4,3.3,2.3,2.2,2.7,1.4,3.5,604.2,No,Employer premises,-8.0,Unemployed: 100%,LA,Unemployed
E09000010,Enfield,Student,11386,23.4,,None/Not applicable,3.4,1061.3,2.8,0.1,0.0,Male,3.7,463.9,45.1,54.4,3.3,2.2,2.2,2.7,8.4,3.4,656.2,No,Employer premises,-8.0,Student / training: 100%,LA,Student
E09000010,Enfield,On leave,10476,43.4,,None/Not applicable,3.4,1124.3,0.9,1.6,0.7,Female,4.1,301.0,43.6,47.7,3.5,2.6,2.2,2.7,1.4,3.8,1221.3,Yes,Employer premises,-8.0,On leave: 100%,LA,On leave
E09000010,Enfield,Inactive 1,10943,49.7,,None/Not applicable,4.1,1228.7,0.9,0.0,0.0,Female,2.5,200.6,36.6,34.6,3.4,2.6,2.2,2.7,0.2,4.0,843.1,No,Employer premises,-8.0,Inactive: 100%,LA,Inactive
E09000010,Enfield,Inactive 2,3805,41.0,,None/Not applicable,3.5,1784.2,1.2,1.6,0.9,Female,4.0,385.1,37.3,36.9,3.4,2.7,2.3,2.9,0.8,3.9,1119.3,Yes,Employer premises,-8.0,Inactive: 100%,LA,Inactive
E09000011,Greenwich,Employed 1,5224,34.9,,Muslim/Islam,2.5,1688.8,2.6,0.7,0.2,Male,6.4,930.4,47.0,51.4,3.5,2.5,2.2,2.7,14.4,3.6,1099.6,Yes,Employer premises,-8.0,Employed: 100%,LA,Employed
E09000011,Greenwich,Employed 2,22829,41.8,Yes,None/Not applicable,1.6,2843.6,3.2,1.7,1.0,Female,3.8,1919.6,46.3,53.5,3.5,2.7,2.2,2.5,22.2,4.0,4205.1,Yes,Employer premises,-8.0,Employed: 100%,LA,Employed
E09000011,Greenwich,Employed 3,15967,55.5,,None/Not applicable,1.8,2892.9,3.5,0.0,0.0,Female,2.4,1726.6,48.4,51.0,3.5,2.6,2.2,2.5,21.1,3.8,4546.5,Yes,Employer premises,-8.0,Employed: 100%,LA,Employed
E09000011,Greenwich,Employed 4,752,50.4,,Other,2.5,2966.6,4.0,0.4,0.3,Female,2.6,1452.2,45.8,47.8,3.6,2.5,2.2,2.5,19.5,3.6,4562.8,Yes,Employer premises,-8.0,Employed: 100%,LA,Employed
E09000011,Greenwich,Employed 5,15362,31.2,Yes,None/Not applicable,1.7,2675.7,2.8,0.0,0.0,Male,2.0,1954.0,44.4,55.0,3.2,2.4,2.2,2.6,25.6,3.6,2845.2,Yes,Employer premises,-8.0,Employed: 100%,LA,Employed
E09000011,Greenwich,Employed 6,19742,56.2,,None/Not applicable,4.1,1958.7,6.2,0.0,0.0,Male,2.7,1319.7,49.0,49.4,3.5,2.6,2.2,2.7,17.6,3.8,3004.3,Yes,Employer premises,-8.0,Employed: 100%,LA,Employed
E09000011,Greenwich,Employed 7,10462,47.3,Yes,None/Not applicable,1.6,7124.9,2.8,1.0,0.6,Male,3.4,3801.6,48.7,54.5,3.5,2.6,2.2,2.5,27.3,3.7,5482.0,Yes,Employer premises,-8.0,Employed: 100%,LA,Employed
E09000011,Greenwich,Employed 8,14404,28.2,,None/Not applicable,3.1,1595.0,6.5,0.0,0.0,Male,3.2,1231.1,45.1,53.8,3.3,2.4,2.1,2.6,22.3,3.7,1654.7,Yes,Employer premises,-8.0,Employed: 100%,LA,Employed
E09000011,Greenwich,Employed 9,18520,42.7,No,None/Not applicable,3.7,2043.9,6.0,1.7,1.0,Male,4.0,1244.6,46.6,51.6,3.5,2.6,2.2,2.6,16.4,4.0,3295.4,Yes,Employer premises,-8.0,Employed: 100%,LA,Employed
E09000011,Greenwich,Retired 1,20250,78.9,,Christian,4.7,1381.2,0.0,0.0,0.0,Female,1.8,2.0,49.4,37.9,3.7,2.5,2.2,2.7,-4.7,3.9,863.4,Yes,-8.0,-8.0,Retired: 100%,LA,Retired
E09000011,Greenwich,Retired 2,3390,67.2,,None/Not applicable,3.3,1478.9,5.4,0.0,0.0,Male,2.2,912.2,50.0,46.2,3.6,2.8,2.3,2.6,16.2,3.9,3487.4,Yes,Employer premises,-8.0,Retired: 100%,LA,Retired
E09000011,Greenwich,Retired 3,8805,72.5,,Christian,1.9,2396.1,0.3,0.0,0.0,Male,1.9,243.4,50.8,44.2,3.7,2.7,2.3,2.6,-3.2,3.9,2892.6,Yes,-8.0,-8.0,Retired: 100%,LA,Retired
E09000011,Greenwich,Retired 4,367,63.8,,None/Not applicable,3.5,1608.4,1.5,1.3,1.0,Male,3.6,730.9,51.3,41.1,3.8,2.9,2.0,2.3,2.9,3.9,3223.0,Yes,-8.0,-8.0,Retired: 100%,LA,Retired
E09000011,Greenwich,Retired 5,500,75.4,,Other,4.4,3538.1,0.2,0.0,0.0,Female,1.7,69.8,46.6,36.7,3.7,2.2,2.1,2.7,-5.6,2.8,519.8,No,-8.0,-8.0,Retired: 100%,LA,Retired
E09000011,Greenwich,Unemployed 1,3667,40.5,Yes,None/Not applicable,3.4,1009.5,1.5,1.8,1.0,Female,4.0,451.1,41.9,44.4,3.4,2.4,2.2,2.6,5.8,3.5,762.8,No,Employer premises,-8.0,Unemployed: 100%,LA,Unemployed
E09000011,Greenwich,Unemployed 2,9609,42.7,,None/Not applicable,3.6,673.4,1.3,0.0,0.0,Male,3.4,322.3,41.2,46.4,3.3,2.3,2.2,2.7,2.1,3.4,578.7,No,Employer premises,-8.0,Unemployed: 100%,LA,Unemployed
E09000011,Greenwich,Student,7757,24.2,,None/Not applicable,3.2,1026.1,2.7,0.1,0.1,Male,3.7,519.2,45.5,55.0,3.3,2.2,2.1,2.7,8.7,3.5,848.4,No,Employer premises,-8.0,Student / training: 100%,LA,Student
E09000011,Greenwich,On leave,7836,42.7,,None/Not applicable,3.4,1194.0,1.0,1.5,0.7,Female,4.1,349.3,43.6,47.6,3.5,2.5,2.2,2.7,2.5,3.7,1145.7,Yes,Employer premises,-8.0,On leave: 100%,LA,On leave
E09000011,Greenwich,Inactive 1,2983,41.7,,None/Not applicable,3.7,1547.1,1.2,1.5,0.9,Female,4.2,300.0,37.4,36.0,3.4,2.6,2.3,2.8,0.0,3.8,1038.0,No,Employer premises,-8.0,Inactive: 100%,LA,Inactive
E09000011,Greenwich,Inactive 2,9680,50.0,,None/Not applicable,4.0,1267.5,0.8,0.0,0.0,Female,2.3,168.0,35.9,34.3,3.3,2.6,2.2,2.7,-0.8,4.0,724.9,No,-8.0,-8.0,Inactive: 100%,LA,Inactive
E09000012,Hackney,Employed 1,22855,31.3,Yes,None/Not applicable,1.5,2713.9,2.9,0.0,0.0,Male,2.0,2030.0,44.2,55.3,3.1,2.3,2.2,2.6,25.6,3.6,2796.5,Yes,Employer premises,-8.0,Employed: 100%,LA,Employed
E09000012,Hackney,Employed 2,16998,42.5,No,None/Not applicable,3.7,2026.9,5.9,1.7,1.0,Male,3.9,1182.6,46.5,51.7,3.5,2.5,2.2,2.6,15.6,4.0,3019.7,Yes,Employer premises,-8.0,Employed: 100%,LA,Employed
E09000012,Hackney,Employed 3,18227,54.9,,None/Not applicable,4.1,1969.5,6.2,0.0,0.0,Male,2.7,1329.2,49.4,49.7,3.4,2.5,2.2,2.7,17.9,3.7,2675.0,Yes,Employer premises,-8.0,Employed: 100%,LA,Employed
E09000012,Hackney,Employed 4,22879,41.0,Yes,None/Not applicable,1.5,2823.7,3.4,1.7,1.0,Female,3.7,1872.8,46.2,53.4,3.5,2.6,2.2,2.5,22.0,4.0,3940.9,Yes,Employer premises,-8.0,Employed: 100%,LA,Employed
E09000012,Hackney,Employed 5,16133,54.7,,None/Not applicable,1.6,2529.6,3.8,0.0,0.0,Male,2.2,1515.9,47.9,50.7,3.4,2.5,2.2,2.5,20.2,3.6,3781.5,Yes,Employer premises,-8.0,Employed: 100%,LA,Employed
E09000012,Hackney,Employed 6,10028,46.4,Yes,None/Not applicable,1.6,7111.5,2.9,0.7,0.5,Male,3.0,3723.3,48.9,54.4,3.4,2.5,2.2,2.5,25.2,3.6,4948.4,Yes,Employer premises,-8.0,Employed: 100%,LA,Employed
E09000012,Hackney,Employed 7,18130,29.5,,None/Not applicable,2.9,1671.2,6.5,0.0,0.0,Male,3.1,1287.3,44.3,53.4,3.3,2.4,2.1,2.7,23.3,3.7,1632.3,Yes,Employer premises,-8.0,Employed: 100%,LA,Employed
E09000012,Hackney,Employed 8,6996,33.1,,Muslim/Islam,2.3,1671.5,2.3,0.4,0.1,Male,6.3,657.5,46.1,51.8,3.4,2.5,2.3,2.7,15.9,3.3,815.8,Yes,Employer premises,-8.0,Employed: 100%,LA,Employed
E09000012,Hackney,Employed 9,722,50.1,,Other,2.5,2943.7,3.9,0.4,0.2,Male,2.4,1318.5,45.8,47.5,3.6,2.3,2.1,2.4,16.3,3.6,4618.6,Yes,Employer premises,-8.0,Employed: 100%,LA,Employed
E09000012,Hackney,Retired 1,15708,78.9,,Christian,4.6,1418.9,0.1,0.0,0.0,Female,1.8,2.0,49.5,37.4,3.7,2.5,2.2,2.7,-4.5,3.9,665.1,Yes,-8.0,-8.0,Retired: 100%,LA,Retired
E09000012,Hackney,Retired 2,218,62.3,,Muslim/Islam,3.1,1282.2,2.4,1.4,1.0,Male,3.8,1026.4,52.5,43.1,3.9,3.2,2.0,2.2,8.7,4.0,2476.6,No,Employer premises,-8.0,Retired: 100%,LA,Retired
E09000012,Hackney,Retired 3,7605,69.7,,None/Not applicable,2.2,2044.3,2.0,0.0,0.0,Male,1.9,450.0,49.8,44.9,3.6,2.7,2.2,2.6,3.9,3.8,2950.4,Yes,-8.0,-8.0,Retired: 100%,LA,Retired
E09000012,Hackney,Retired 4,458,75.0,,Other,4.5,3833.4,0.2,0.0,0.0,Female,1.7,67.7,46.8,35.8,3.7,2.2,2.0,2.7,-5.7,2.6,311.1,No,-8.0,-8.0,Retired: 100%,LA,Retired
E09000012,Hackney,Unemployed 1,11447,43.3,,None/Not applicable,3.6,707.5,1.2,0.0,0.0,Male,3.3,336.3,40.8,46.4,3.3,2.2,2.1,2.6,1.9,3.3,464.1,No,Employer premises,-8.0,Unemployed: 100%,LA,Unemployed
E09000012,Hackney,Unemployed 2,4263,40.5,Yes,None/Not applicable,3.3,1064.7,1.5,1.8,1.0,Female,3.9,448.3,42.1,44.1,3.4,2.4,2.2,2.5,5.7,3.5,783.6,No,Employer premises,-8.0,Unemployed: 100%,LA,Unemployed
E09000012,Hackney,Student,8160,25.2,,None/Not applicable,3.2,1075.9,2.5,0.1,0.1,Female,3.6,529.9,45.7,54.8,3.3,2.2,2.1,2.7,9.8,3.5,820.5,No,Employer premises,-8.0,Student / training: 100%,LA,Student
E09000012,Hackney,On leave,8672,40.6,,None/Not applicable,3.1,1298.1,1.1,1.6,0.7,Female,4.0,375.5,43.4,48.0,3.4,2.5,2.3,2.8,3.4,3.7,1134.1,Yes,Employer premises,-8.0,On leave: 100%,LA,On leave
E09000012,Hackney,Inactive 1,12180,48.2,,None/Not applicable,3.8,1264.5,0.8,0.0,0.0,Female,2.4,147.9,35.8,35.5,3.3,2.5,2.2,2.8,-0.8,4.0,799.3,No,-8.0,-8.0,Inactive: 100%,LA,Inactive
E09000012,Hackney,Inactive 2,2834,41.4,,None/Not applicable,3.6,1676.6,1.3,1.6,1.0,Female,3.9,289.2,38.0,35.1,3.3,2.6,2.3,2.9,-0.3,3.6,1125.6,No,Employer premises,-8.0,Inactive: 100%,LA,Inactive
E09000013,Hammersmith and Fulham,Employed 1,13842,56.7,,None/Not applicable,1.5,2635.2,3.4,0.0,0.0,Female,2.0,1551.9,48.6,51.1,3.5,2.6,2.2,2.5,19.0,3.7,4462.7,Yes,Employer premises,-8.0,Employed: 100%,LA,Employed
E09000013,Hammersmith and Fulham,Employed 2,14949,42.1,Yes,None/Not applicable,1.4,2985.8,3.1,1.7,1.0,Female,3.8,1946.0,46.3,54.1,3.5,2.7,2.2,2.5,21.6,4.0,4586.7,Yes,Employer premises,-8.0,Employed: 100%,LA,Employed
E09000013,Hammersmith and Fulham,Employed 3,13405,56.6,,None/Not applicable,3.7,2070.5,6.2,0.0,0.0,Male,2.5,1363.2,49.2,49.7,3.5,2.6,2.2,2.6,19.0,3.8,2618.3,Yes,Employer premises,-8.0,Employed: 100%,LA,Employed
E09000013,Hammersmith and Fulham,Employed 4,19236,31.0,Yes,None/Not applicable,1.5,2878.5,2.9,0.0,0.0,Male,1.9,2071.3,44.2,55.9,3.1,2.3,2.2,2.5,26.1,3.5,2981.6,Yes,Employer premises,-8.0,Employed: 100%,LA,Employed
E09000013,Hammersmith and Fulham,Employed 5,10568,42.4,No,None/Not applicable,3.3,2088.0,5.9,1.7,1.0,Female,3.8,1225.6,46.3,51.9,3.5,2.6,2.2,2.6,15.5,4.0,3422.4,Yes,Employer premises,-8.0,Employed: 100%,LA,Employed
E09000013,Hammersmith and Fulham,Employed 6,541,54.4,,Other,2.2,2858.3,4.2,0.3,0.2,Female,2.0,1572.0,49.4,47.6,3.6,2.2,2.2,2.4,20.8,3.6,3547.6,Yes,Employer premises,-8.0,Employed: 100%,LA,Employed
E09000013,Hammersmith and Fulham,Employed 7,12254,29.6,,None/Not applicable,2.8,1706.3,6.6,0.0,0.0,Male,2.9,1303.9,44.8,53.8,3.3,2.4,2.1,2.6,22.5,3.7,1652.4,Yes,Employer premises,-8.0,Employed: 100%,LA,Employed
E09000013,Hammersmith and Fulham,Employed 8,5226,33.1,,Muslim/Islam,1.9,1905.2,2.8,0.1,0.0,Male,5.7,963.8,46.4,53.0,3.4,2.5,2.2,2.7,23.6,3.3,759.5,Yes,Employer premises,-8.0,Employed: 100%,LA,Employed
E09000013,Hammersmith and Fulham,Employed 9,7945,47.9,Yes,None/Not applicable,1.5,7206.5,2.9,0.6,0.4,Male,2.9,3814.3,49.2,54.3,3.5,2.5,2.2,2.5,25.9,3.6,5625.7,Yes,Employer premises,-8.0,Employed: 100%,LA,Employed
E09000013,Hammersmith and Fulham,Retired 1,3292,68.8,,None/Not applicable,2.6,1517.7,5.1,0.0,0.0,Female,2.0,939.1,50.0,47.7,3.6,2.7,2.2,2.6,19.0,3.8,3265.9,Yes,Employer premises,-8.0,Retired: 100%,LA,Retired
E09000013,Hammersmith and Fulham,Retired 2,6872,74.8,,Christian,1.7,2460.1,0.2,0.0,0.0,Female,1.7,159.9,50.7,43.8,3.7,2.6,2.2,2.6,-3.2,3.8,2645.9,Yes,-8.0,-8.0,Retired: 100%,LA,Retired
E09000013,Hammersmith and Fulham,Retired 3,10447,80.0,,Christian,4.6,1369.6,0.0,0.0,0.0,Female,1.8,4.1,50.1,38.0,3.7,2.5,2.2,2.7,-4.3,3.9,672.2,Yes,-8.0,-8.0,Retired: 100%,LA,Retired
E09000013,Hammersmith and Fulham,Retired 4,158,62.6,,None/Not applicable,2.4,1810.4,1.9,1.3,1.0,Male,3.8,1197.1,49.8,47.3,3.9,3.2,2.0,2.2,7.0,4.0,4256.0,Yes,Employer premises,-8.0,Retired: 100%,LA,Retired
E09000013,Hammersmith and Fulham,Unemployed 1,2095,40.3,Yes,None/Not applicable,2.9,1040.1,1.3,1.8,1.0,Female,3.8,705.5,40.9,45.9,3.4,2.4,2.2,2.5,3.1,3.6,760.7,No,Employer premises,-8.0,Unemployed: 100%,LA,Unemployed
E09000013,Hammersmith and Fulham,Unemployed 2,6376,43.1,,None/Not applicable,3.2,674.2,1.4,0.0,0.0,Male,2.9,490.0,41.1,47.4,3.3,2.2,2.1,2.6,4.8,3.3,641.6,No,Employer premises,-8.0,Unemployed: 100%,LA,Unemployed
E09000013,Hammersmith and Fulham,Student,4753,25.4,,None/Not applicable,2.9,1182.4,2.5,0.1,0.1,Male,3.2,577.2,45.2,55.6,3.2,2.3,2.1,2.7,9.9,3.6,782.5,No,Employer premises,-8.0,Student / training: 100%,LA,Student
E09000013,Hammersmith and Fulham,On leave,4681,42.9,,None/Not applicable,2.9,1215.0,1.1,1.4,0.7,Female,3.8,392.5,43.0,48.3,3.4,2.5,2.3,2.7,2.7,3.7,1265.7,Yes,Employer premises,-8.0,On leave: 100%,LA,On leave
E09000013,Hammersmith and Fulham,Inactive 1,1375,43.1,,None/Not applicable,3.2,1741.0,1.5,1.6,1.0,Female,3.8,344.6,38.0,36.6,3.4,2.7,2.3,2.9,1.1,3.6,1707.1,Yes,-8.0,-8.0,Inactive: 100%,LA,Inactive
E09000013,Hammersmith and Fulham,Inactive 2,6662,48.7,,None/Not applicable,3.4,1296.8,1.0,0.0,0.0,Female,2.3,170.7,36.5,37.0,3.3,2.5,2.2,2.7,-0.0,4.0,950.7,No,-8.0,-8.0,Inactive: 100%,LA,Inactive
E09000014,Haringey,Employed 1,6317,35.1,,Muslim/Islam,2.4,1693.1,2.3,0.5,0.2,Male,6.2,756.5,45.9,52.0,3.4,2.5,2.3,2.6,14.5,3.5,972.6,Yes,Employer premises,-8.0,Employed: 100%,LA,Employed
E09000014,Haringey,Employed 2,20545,31.5,Yes,None/Not applicable,1.5,2840.9,2.9,0.0,0.0,Male,1.9,2055.4,44.3,55.4,3.1,2.3,2.2,2.6,25.7,3.6,2847.6,Yes,Employer premises,-8.0,Employed: 100%,LA,Employed
E09000014,Haringey,Employed 3,16051,29.0,,None/Not applicable,2.9,1640.0,6.5,0.0,0.0,Male,3.1,1265.5,44.5,53.6,3.3,2.4,2.1,2.6,22.2,3.6,1599.7,Yes,Employer premises,-8.0,Employed: 100%,LA,Employed
E09000014,Haringey,Employed 4,21996,55.4,,None/Not applicable,1.6,3867.3,3.3,0.0,0.0,Male,2.4,2080.7,48.5,51.4,3.4,2.6,2.2,2.5,20.9,3.7,4977.1,Yes,Employer premises,-8.0,Employed: 100%,LA,Employed
E09000014,Haringey,Employed 5,21642,42.9,No,None/Not applicable,3.2,2043.4,5.6,1.7,1.0,Male,3.9,1203.0,46.6,51.9,3.5,2.6,2.2,2.6,15.5,4.0,3388.1,Yes,Employer premises,-8.0,Employed: 100%,LA,Employed
E09000014,Haringey,Employed 6,23891,43.0,Yes,None/Not applicable,1.4,4127.6,2.9,1.6,1.0,Male,3.8,2481.3,46.5,54.1,3.5,2.6,2.2,2.5,23.9,4.0,4636.3,Yes,Employer premises,-8.0,Employed: 100%,LA,Employed
E09000014,Haringey,Employed 7,21865,56.1,,None/Not applicable,3.8,1980.3,6.0,0.0,0.0,Male,2.6,1292.3,49.1,49.5,3.5,2.6,2.2,2.6,18.0,3.8,2929.2,Yes,Employer premises,-8.0,Employed: 100%,LA,Employed
E09000014,Haringey,Employed 8,769,52.6,,Other,2.4,2924.5,4.0,0.4,0.3,Female,2.4,1387.5,47.0,48.0,3.6,2.4,2.2,2.5,18.4,3.7,4228.2,Yes,Employer premises,-8.0,Employed: 100%,LA,Employed
E09000014,Haringey,Retired 1,4057,68.4,,None/Not applicable,2.9,1507.3,5.3,0.0,0.0,Female,2.1,903.6,50.3,46.7,3.6,2.7,2.3,2.6,16.6,3.9,3423.1,Yes,Employer premises,-8.0,Retired: 100%,LA,Retired
E09000014,Haringey,Retired 2,306,64.1,,None/Not applicable,3.1,1836.2,1.5,1.2,1.0,Male,3.7,770.9,50.3,44.4,3.9,3.0,2.0,2.3,3.2,4.1,4139.7,Yes,-8.0,-8.0,Retired: 100%,LA,Retired
E09000014,Haringey,Retired 3,9495,73.9,,Christian,1.8,2390.3,0.3,0.0,0.0,Male,1.8,198.3,50.6,43.7,3.7,2.7,2.2,2.6,-3.3,3.8,2706.4,Yes,-8.0,-8.0,Retired: 100%,LA,Retired
E09000014,Haringey,Retired 4,577,74.9,,Other,4.2,3584.2,0.4,0.0,0.0,Female,1.7,90.7,46.6,35.6,3.6,2.3,2.0,2.7,-5.8,2.7,435.6,No,-8.0,-8.0,Retired: 100%,LA,Retired
E09000014,Haringey,Retired 5,16798,79.0,,Christian,4.7,1358.1,0.0,0.0,0.0,Female,1.9,2.6,49.4,37.7,3.7,2.6,2.2,2.7,-4.6,4.0,762.2,Yes,-8.0,-8.0,Retired: 100%,LA,Retired
E09000014,Haringey,Unemployed 1,7495,49.6,,None/Not applicable,4.2,1087.3,0.1,0.4,0.2,Female,3.6,85.3,42.1,44.0,3.4,2.2,2.1,2.6,-3.5,3.3,338.3,No,-8.0,-8.0,Unemployed: 100%,LA,Unemployed
E09000014,Haringey,Unemployed 2,6347,36.5,Yes,None/Not applicable,2.6,446.4,2.7,0.5,0.3,Male,3.4,704.1,40.2,47.9,3.3,2.3,2.2,2.6,10.1,3.5,1078.4,No,Employer premises,-8.0,Unemployed: 100%,LA,Unemployed
E09000014,Haringey,Student,8227,25.0,,Christian,3.2,1106.8,2.5,0.1,0.1,Male,3.5,533.6,45.9,54.3,3.3,2.2,2.1,2.7,9.0,3.5,635.4,No,Employer premises,-8.0,Student / training: 100%,LA,Student
E09000014,Haringey,On leave,7793,42.9,,None/Not applicable,3.2,1220.0,0.9,1.5,0.7,Female,3.9,320.7,42.9,47.4,3.5,2.5,2.2,2.7,1.9,3.7,1168.8,Yes,Employer premises,-8.0,On leave: 100%,LA,On leave
E09000014,Haringey,Inactive 1,2596,42.1,,None/Not applicable,3.4,1742.6,1.2,1.6,1.0,Female,3.9,320.5,37.8,36.0,3.3,2.7,2.3,2.9,0.3,3.8,1145.9,Yes,Employer premises,-8.0,Inactive: 100%,LA,Inactive
E09000014,Haringey,Inactive 2,10867,48.7,,None/Not applicable,3.8,1234.1,0.9,0.0,0.0,Female,2.5,172.7,36.2,35.8,3.3,2.5,2.2,2.8,-0.2,4.0,914.2,No,-8.0,-8.0,Inactive: 100%,LA,Inactive
E09000015,Harrow,Employed 1,25399,44.2,Yes,None/Not applicable,1.4,4100.3,2.8,1.7,1.0,Male,3.9,2438.8,47.6,53.1,3.6,2.6,2.2,2.5,23.6,3.9,4423.9,Yes,Employer premises,-8.0,Employed: 100%,LA,Employed
E09000015,Harrow,Employed 2,8914,31.8,,Muslim/Islam,2.7,1560.4,4.3,0.3,0.1,Male,6.3,966.3,45.8,51.7,3.6,2.6,2.1,2.7,16.6,3.6,1299.1,Yes,Employer premises,-8.0,Employed: 100%,LA,Employed
E09000015,Harrow,Employed 3,19858,58.1,,None/Not applicable,3.8,1948.6,5.9,0.0,0.0,Male,2.9,1263.0,48.8,49.1,3.5,2.5,2.2,2.6,17.4,3.8,2775.3,Yes,Employer premises,-8.0,Employed: 100%,LA,Employed
E09000015,Harrow,Employed 4,16531,29.2,Yes,None/Not applicable,2.2,2044.9,4.5,0.0,0.0,Male,2.5,1554.7,44.6,54.5,3.2,2.4,2.2,2.6,22.9,3.6,2388.2,Yes,Employer premises,-8.0,Employed: 100%,LA,Employed
E09000015,Harrow,Employed 5,806,51.6,,Other,2.2,3194.5,4.0,0.6,0.4,Female,3.1,1402.4,48.5,50.1,3.6,2.0,2.1,2.3,17.0,3.8,4635.4,Yes,Employer premises,-8.0,Employed: 100%,LA,Employed
E09000015,Harrow,Employed 6,17514,54.7,,None/Not applicable,1.6,4064.1,3.0,0.0,0.0,Male,2.9,2251.0,48.9,51.6,3.5,2.6,2.2,2.6,23.6,3.7,4711.9,Yes,Employer premises,-8.0,Employed: 100%,LA,Employed
E09000015,Harrow,Employed 7,23648,43.3,No,None/Not applicable,3.3,1937.6,5.6,1.8,1.0,Male,4.2,1176.5,46.8,51.1,3.6,2.6,2.1,2.6,14.8,4.0,3260.6,Yes,Employer premises,-8.0,Employed: 100%,LA,Employed
E09000015,Harrow,Retired 1,10904,76.1,,Christian,1.8,2599.2,0.1,0.0,0.0,Male,1.9,147.4,50.5,42.9,3.7,2.7,2.3,2.6,-4.4,3.9,2457.6,Yes,-8.0,-8.0,Retired: 100%,LA,Retired
E09000015,Harrow,Retired 2,3988,76.1,,Muslim/Islam,4.3,1174.3,0.1,0.0,0.0,Female,5.4,4.3,48.5,37.4,3.8,2.3,2.0,2.7,-4.4,3.8,488.0,Yes,-8.0,-8.0,Retired: 100%,LA,Retired
E09000015,Harrow,Retired 3,18755,80.0,,Christian,4.6,1326.6,0.0,0.0,0.0,Female,1.8,6.9,49.4,38.7,3.7,2.5,2.2,2.7,-4.7,4.0,895.8,Yes,-8.0,-8.0,Retired: 100%,LA,Retired
E09000015,Harrow,Retired 4,4343,69.1,,None/Not applicable,2.9,1507.9,5.2,0.0,0.0,Male,2.3,1028.6,49.9,47.3,3.6,2.7,2.2,2.6,16.4,3.8,3154.8,Yes,Employer premises,-8.0,Retired: 100%,LA,Retired
E09000015,Harrow,Retired 5,480,77.7,,Other,4.1,3087.5,0.1,0.0,0.0,Female,1.9,32.6,47.8,33.8,3.7,2.3,2.1,2.8,-5.8,2.9,468.1,No,-8.0,-8.0,Retired: 100%,LA,Retired
E09000015,Harrow,Retired 6,671,69.3,,Muslim/Islam,3.8,1162.7,0.5,1.1,1.0,Male,4.0,443.7,50.7,41.2,4.3,2.2,1.5,2.2,-2.4,2.8,2039.3,No,-8.0,-8.0,Retired: 100%,LA,Retired
E09000015,Harrow,Unemployed 1,4994,56.9,,Muslim/Islam,4.4,666.1,1.0,0.1,0.1,Female,4.3,212.6,43.7,42.4,3.5,2.2,2.1,2.6,-0.5,3.5,603.1,No,-8.0,-8.0,Unemployed: 100%,LA,Unemployed
E09000015,Harrow,Unemployed 2,6676,34.5,Yes,Muslim/Islam,2.8,670.1,1.8,1.0,0.5,Male,4.1,445.3,42.9,47.0,3.4,2.4,2.2,2.6,3.8,3.5,738.0,No,Employer premises,-8.0,Unemployed: 100%,LA,Unemployed
E09000015,Harrow,Student,7777,23.4,,Muslim/Islam,3.1,1023.3,2.8,0.1,0.1,Male,4.0,400.2,45.4,54.3,3.4,2.3,2.1,2.7,8.3,3.5,648.4,No,Employer premises,-8.0,Student / training: 100%,LA,Student
E09000015,Harrow,On leave,7064,45.6,,Muslim/Islam,3.4,933.5,0.8,1.5,0.7,Female,4.5,251.2,45.0,47.0,3.6,2.5,2.1,2.6,-0.2,3.8,877.9,Yes,Employer premises,-8.0,On leave: 100%,LA,On leave
E09000015,Harrow,Inactive,7702,48.6,,None/Not applicable,3.6,1296.9,1.2,0.4,0.2,Female,3.3,337.0,37.0,35.7,3.4,2.6,2.2,2.7,1.7,3.9,874.8,Yes,Employer premises,-8.0,Inactive: 100%,LA,Inactive
E09000016,Havering,Employed 1,17554,26.7,Yes,None/Not applicable,3.2,1639.5,5.4,0.0,0.0,Male,3.2,1221.2,44.2,54.0,3.3,2.5,2.2,2.6,20.5,3.8,1998.2,Yes,Employer premises,-8.0,Employed: 100%,LA,Employed
E09000016,Havering,Employed 2,27299,41.9,No,None/Not applicable,3.6,2017.1,5.6,1.7,1.0,Male,3.9,1285.8,46.5,52.3,3.6,2.7,2.2,2.6,15.4,4.1,3684.0,Yes,Employer premises,-8.0,Employed: 100%,LA,Employed
E09000016,Havering,Employed 3,26372,57.6,,None/Not applicable,4.1,1937.4,5.8,0.0,0.0,Female,2.7,1205.0,48.9,49.4,3.6,2.8,2.3,2.6,14.8,4.0,3747.3,Yes,Employer premises,-8.0,Employed: 100%,LA,Employed
E09000016,Havering,Employed 4,24821,42.8,Yes,None/Not applicable,1.8,4213.1,2.8,1.7,1.0,Male,3.9,2558.4,46.7,54.4,3.6,2.8,2.3,2.5,24.3,4.0,5271.4,Yes,Employer premises,-8.0,Employed: 100%,LA,Employed
E09000016,Havering,Employed 5,573,49.5,,Other,2.8,2720.8,4.3,0.5,0.3,Female,2.9,1426.2,44.5,48.0,3.5,2.7,2.2,2.4,15.8,3.5,3399.6,Yes,Employer premises,-8.0,Employed: 100%,LA,Employed
E09000016,Havering,Employed 6,19448,49.1,Yes,None/Not applicable,1.7,3936.6,2.9,0.0,0.0,Male,2.4,2283.9,47.5,53.1,3.5,2.7,2.3,2.6,23.9,3.8,5198.3,Yes,Employer premises,-8.0,Employed: 100%,LA,Employed
E09000016,Havering,Retired 1,35712,79.7,,Christian,4.8,1329.2,0.0,0.0,0.0,Female,1.8,3.0,49.5,37.9,3.7,2.6,2.3,2.7,-4.8,4.0,974.4,Yes,-8.0,-8.0,Retired: 100%,LA,Retired
E09000016,Havering,Retired 2,10328,72.5,,Christian,2.2,2504.9,0.3,0.0,0.0,Male,1.9,262.4,50.9,44.7,3.7,2.8,2.3,2.6,-3.5,3.9,3087.2,Yes,-8.0,-8.0,Retired: 100%,LA,Retired
E09000016,Havering,Retired 3,487,77.5,,Other,4.2,2317.4,0.1,0.0,0.0,Female,1.7,40.8,47.2,35.4,3.7,2.5,2.2,2.8,-5.1,3.7,564.5,Yes,-8.0,-8.0,Retired: 100%,LA,Retired
E09000016,Havering,Retired 4,462,63.6,,None/Not applicable,3.3,1968.0,0.8,1.2,1.0,Male,3.5,618.2,48.7,41.0,3.9,3.0,1.9,2.4,-0.6,3.8,4802.4,Yes,-8.0,-8.0,Retired: 100%,LA,Retired
E09000016,Havering,Retired 5,5015,67.5,,None/Not applicable,3.8,1406.4,5.7,0.0,0.0,Male,2.2,770.6,50.5,46.1,3.6,2.9,2.3,2.6,14.0,4.0,3535.7,Yes,Employer premises,-8.0,Retired: 100%,LA,Retired
E09000016,Havering,Unemployed,9243,40.7,Yes,None/Not applicable,3.8,722.7,1.4,0.5,0.3,Female,3.5,377.4,40.9,45.8,3.3,2.5,2.3,2.7,3.0,3.7,779.2,No,Employer premises,-8.0,Unemployed: 100%,LA,Unemployed
E09000016,Havering,Student,7744,22.4,,None/Not applicable,3.4,944.5,3.1,0.1,0.0,Female,3.7,452.0,43.6,56.0,3.3,2.4,2.2,2.7,8.7,3.5,911.0,No,Employer premises,-8.0,Student / training: 100%,LA,Student
E09000016,Havering,On leave,7051,44.2,,None/Not applicable,3.7,1059.5,1.1,1.5,0.7,Female,4.0,311.9,43.7,48.2,3.5,2.7,2.3,2.7,1.2,3.9,1363.9,Yes,Employer premises,-8.0,On leave: 100%,LA,On leave
E09000016,Havering,Inactive,10015,47.9,,None/Not applicable,4.1,1357.1,1.0,0.4,0.2,Female,2.8,247.4,36.3,35.1,3.4,2.7,2.3,2.8,-0.3,4.1,849.3,No,-8.0,-8.0,Inactive: 100%,LA,Inactive
E09000017,Hillingdon,Employed 1,17340,55.9,,None/Not applicable,1.8,3001.1,3.4,0.0,0.0,Female,2.6,1795.1,48.4,50.9,3.5,2.7,2.3,2.6,21.2,3.9,4890.8,Yes,Employer premises,-8.0,Employed: 100%,LA,Employed
E09000017,Hillingdon,Employed 2,6140,34.6,,Muslim/Islam,2.5,1784.3,2.8,0.8,0.2,Male,6.5,939.4,45.9,50.7,3.6,2.5,2.2,2.7,14.8,3.6,1438.7,Yes,Employer premises,-8.0,Employed: 100%,LA,Employed
E09000017,Hillingdon,Employed 3,13815,30.4,Yes,None/Not applicable,1.9,2536.1,2.9,0.0,0.0,Male,2.1,1851.9,44.6,54.5,3.2,2.4,2.3,2.6,25.1,3.6,2950.0,Yes,Employer premises,-8.0,Employed: 100%,LA,Employed
E09000017,Hillingdon,Employed 4,23920,42.3,Yes,None/Not applicable,1.6,2863.1,3.0,1.6,1.0,Female,3.8,1920.8,46.2,53.4,3.5,2.7,2.2,2.5,22.4,4.0,4600.8,Yes,Employer premises,-8.0,Employed: 100%,LA,Employed
E09000017,Hillingdon,Employed 5,11691,47.8,Yes,None/Not applicable,1.6,7135.8,2.8,1.1,0.7,Male,3.6,3822.5,49.0,54.2,3.6,2.6,2.2,2.5,28.2,3.7,5555.9,Yes,Employer premises,-8.0,Employed: 100%,LA,Employed
E09000017,Hillingdon,Employed 6,12750,27.7,,None/Not applicable,3.2,1569.1,6.7,0.0,0.0,Male,3.5,1199.8,44.5,53.6,3.3,2.5,2.1,2.6,21.0,3.7,1793.8,Yes,Employer premises,-8.0,Employed: 100%,LA,Employed
E09000017,Hillingdon,Employed 7,22008,57.2,,None/Not applicable,4.1,1974.6,6.0,0.0,0.0,Male,2.7,1291.8,48.8,49.3,3.5,2.7,2.2,2.7,16.9,3.9,3299.5,Yes,Employer premises,-8.0,Employed: 100%,LA,Employed
E09000017,Hillingdon,Employed 8,23000,42.8,No,None/Not applicable,3.6,2025.2,5.9,1.7,1.0,Male,4.0,1220.4,46.7,51.7,3.6,2.6,2.2,2.6,15.3,4.1,3470.3,Yes,Employer premises,-8.0,Employed: 100%,LA,Employed
E09000017,Hillingdon,Employed 9,704,50.1,,Other,2.3,2873.2,4.1,0.5,0.3,Female,2.9,1499.0,46.5,49.3,3.6,2.4,2.1,2.4,18.2,3.7,4002.6,Yes,Employer premises,-8.0,Employed: 100%,LA,Employed
E09000017,Hillingdon,Retired 1,27081,79.4,,Christian,4.7,1332.1,0.0,0.0,0.0,Female,2.0,3.3,49.3,38.2,3.7,2.6,2.2,2.7,-4.8,4.0,937.9,Yes,-8.0,-8.0,Retired: 100%,LA,Retired
E09000017,Hillingdon,Retired 2,492,76.8,,Other,4.1,2623.6,0.2,0.0,0.0,Female,1.8,75.5,47.8,34.8,3.7,2.4,2.1,2.7,-5.3,3.4,764.4,No,-8.0,-8.0,Retired: 100%,LA,Retired
E09000017,Hillingdon,Retired 3,11575,74.1,,Christian,1.9,2545.2,0.2,0.0,0.0,Male,2.0,199.7,50.7,43.5,3.7,2.7,2.3,2.6,-4.1,3.9,2828.5,Yes,-8.0,-8.0,Retired: 100%,LA,Retired
E09000017,Hillingdon,Retired 4,4696,67.7,,None/Not applicable,3.3,1449.7,5.4,0.0,0.0,Male,2.2,919.3,50.4,46.6,3.6,2.8,2.3,2.6,15.4,3.9,3434.0,Yes,Employer premises,-8.0,Retired: 100%,LA,Retired
E09000017,Hillingdon,Retired 5,480,65.2,,None/Not applicable,3.4,1659.6,0.7,1.2,1.0,Male,3.8,658.0,49.1,42.1,4.0,2.7,1.7,2.3,-0.5,3.3,3851.6,Yes,-8.0,-8.0,Retired: 100%,LA,Retired
E09000017,Hillingdon,Unemployed 1,3925,40.8,Yes,Muslim/Islam,3.4,951.3,1.6,1.9,1.0,Female,4.2,456.2,41.9,43.7,3.4,2.5,2.2,2.6,3.7,3.6,794.4,No,Employer premises,-8.0,Unemployed: 100%,LA,Unemployed
E09000017,Hillingdon,Unemployed 2,9105,43.2,,None/Not applicable,3.7,627.8,1.2,0.0,0.0,Male,3.7,303.4,42.0,46.4,3.4,2.3,2.2,2.7,1.4,3.4,652.7,No,Employer premises,-8.0,Unemployed: 100%,LA,Unemployed
E09000017,Hillingdon,Student,9334,23.4,,None/Not applicable,3.2,1002.5,2.9,0.1,0.1,Male,3.8,464.4,44.6,54.8,3.3,2.3,2.2,2.7,8.8,3.5,768.4,No,Employer premises,-8.0,Student / training: 100%,LA,Student
E09000017,Hillingdon,On leave,8231,44.4,,None/Not applicable,3.5,1032.3,1.0,1.5,0.7,Female,4.3,300.7,44.2,47.4,3.5,2.6,2.2,2.6,0.7,3.8,1068.6,Yes,Employer premises,-8.0,On leave: 100%,LA,On leave
E09000017,Hillingdon,Inactive,10678,47.7,,None/Not applicable,3.8,1307.7,1.1,0.4,0.2,Female,3.0,273.1,36.2,35.3,3.4,2.6,2.2,2.8,0.9,4.0,828.1,No,-8.0,-8.0,Inactive: 100%,LA,Inactive
E09000018,Hounslow,Employed 1,9644,32.0,,Muslim/Islam,2.7,1567.8,4.2,0.3,0.1,Male,6.2,956.4,46.0,51.5,3.6,2.6,2.1,2.7,16.3,3.6,1219.2,Yes,Employer premises,-8.0,Employed: 100%,LA,Employed
E09000018,Hounslow,Employed 2,18985,53.1,,None/Not applicable,1.6,4221.9,3.0,0.0,0.0,Male,2.5,2409.5,48.4,52.2,3.4,2.6,2.2,2.6,24.6,3.7,4869.6,Yes,Employer premises,-8.0,Employed: 100%,LA,Employed
E09000018,Hounslow,Employed 3,24011,43.0,No,None/Not applicable,3.3,1988.2,5.6,1.8,1.0,Male,4.1,1198.4,46.3,51.4,3.5,2.6,2.2,2.6,15.3,4.0,3357.3,Yes,Employer premises,-8.0,Employed: 100%,LA,Employed
E09000018,Hounslow,Employed 4,22739,56.9,,None/Not applicable,3.8,1974.8,6.0,0.0,0.0,Male,2.7,1333.2,48.8,49.2,3.5,2.5,2.2,2.6,18.0,3.8,2896.2,Yes,Employer premises,-8.0,Employed: 100%,LA,Employed
E09000018,Hounslow,Employed 5,24878,43.5,Yes,None/Not applicable,1.5,4092.0,2.8,1.7,1.0,Male,3.9,2458.2,47.2,53.4,3.5,2.6,2.2,2.5,23.9,3.9,4577.2,Yes,Employer premises,-8.0,Employed: 100%,LA,Employed
E09000018,Hounslow,Employed 6,745,51.7,,Other,2.3,2979.3,4.0,0.5,0.3,Female,2.9,1417.2,46.6,49.3,3.5,2.4,2.2,2.4,18.6,3.7,4272.1,Yes,Employer premises,-8.0,Employed: 100%,LA,Employed
E09000018,Hounslow,Employed 7,22281,29.7,Yes,None/Not applicable,2.3,2051.3,4.6,0.0,0.0,Male,2.4,1557.7,44.5,54.7,3.2,2.4,2.2,2.6,23.1,3.6,2428.4,Yes,Employer premises,-8.0,Employed: 100%,LA,Employed
E09000018,Hounslow,Retired 1,9148,74.7,,Christian,1.8,2538.7,0.2,0.0,0.0,Male,1.8,175.0,50.2,43.7,3.7,2.7,2.2,2.6,-3.9,3.8,2608.0,Yes,-8.0,-8.0,Retired: 100%,LA,Retired
E09000018,Hounslow,Retired 2,17495,79.2,,Christian,4.6,1359.8,0.0,0.0,0.0,Female,1.8,2.4,49.0,38.2,3.7,2.5,2.2,2.7,-4.7,4.0,827.9,Yes,-8.0,-8.0,Retired: 100%,LA,Retired
E09000018,Hounslow,Retired 3,4102,68.6,,None/Not applicable,3.1,1430.1,5.4,0.0,0.0,Male,2.2,982.2,50.0,46.9,3.6,2.7,2.3,2.6,16.8,3.8,3310.8,Yes,Employer premises,-8.0,Retired: 100%,LA,Retired
E09000018,Hounslow,Retired 4,471,67.1,,Muslim/Islam,3.8,1188.2,0.8,1.2,1.0,Male,3.9,530.1,50.2,40.0,4.2,2.5,1.7,2.2,-0.5,3.1,2301.4,No,-8.0,-8.0,Retired: 100%,LA,Retired
E09000018,Hounslow,Retired 5,2606,76.1,,Muslim/Islam,4.3,1457.1,0.1,0.0,0.0,Female,5.2,21.3,48.0,36.8,3.8,2.1,1.9,2.7,-4.0,3.7,586.0,Yes,-8.0,-8.0,Retired: 100%,LA,Retired
E09000018,Hounslow,Unemployed 1,3940,41.2,,Muslim/Islam,3.3,871.7,1.7,2.0,1.0,Female,4.3,483.9,42.3,43.2,3.4,2.4,2.2,2.5,3.7,3.6,752.8,No,Employer premises,-8.0,Unemployed: 100%,LA,Unemployed
E09000018,Hounslow,Unemployed 2,9326,44.5,,Muslim/Islam,3.6,632.1,1.2,0.0,0.0,Male,3.8,289.6,42.2,45.8,3.4,2.3,2.2,2.7,1.5,3.4,513.7,No,Employer premises,-8.0,Unemployed: 100%,LA,Unemployed
E09000018,Hounslow,Student,7458,23.8,,Muslim/Islam,3.1,1019.5,2.8,0.1,0.1,Male,3.9,448.9,45.4,54.5,3.3,2.3,2.2,2.7,8.2,3.5,760.1,No,Employer premises,-8.0,Student / training: 100%,LA,Student
E09000018,Hounslow,On leave,7798,44.5,,Muslim/Islam,3.5,1021.4,0.9,1.5,0.7,Female,4.4,260.1,44.0,47.1,3.5,2.5,2.2,2.7,0.2,3.8,933.9,Yes,Employer premises,-8.0,On leave: 100%,LA,On leave
E09000018,Hounslow,Inactive 1,2207,42.4,,None/Not applicable,3.4,1839.8,1.6,1.6,1.0,Female,3.9,482.9,37.5,36.8,3.4,2.6,2.3,2.8,4.2,3.8,1641.5,Yes,Employer premises,-8.0,Inactive: 100%,LA,Inactive
E09000018,Hounslow,Inactive 2,7816,49.7,,None/Not applicable,3.8,1140.6,1.0,0.0,0.0,Female,2.8,182.9,36.2,35.4,3.4,2.6,2.2,2.7,-0.2,3.9,676.8,No,-8.0,-8.0,Inactive: 100%,LA,Inactive
E09000019,Islington,Employed 1,7846,30.3,,Muslim/Islam,2.3,1723.1,2.7,0.2,0.1,Male,6.0,852.2,45.3,52.1,3.4,2.4,2.2,2.7,18.5,3.4,899.1,Yes,Employer premises,-8.0,Employed: 100%,LA,Employed
E09000019,Islington,Employed 2,20069,28.9,,None/Not applicable,3.0,1643.6,6.5,0.0,0.0,Male,2.9,1261.3,44.0,53.6,3.3,2.5,2.1,2.7,22.5,3.7,1613.1,Yes,Employer premises,-8.0,Employed: 100%,LA,Employed
E09000019,Islington,Employed 3,8841,44.2,Yes,None/Not applicable,1.4,6391.5,2.8,0.0,0.0,Male,2.1,3400.3,47.0,54.2,3.3,2.3,2.2,2.5,25.1,3.5,4808.0,Yes,Employer premises,-8.0,Employed: 100%,LA,Employed
E09000019,Islington,Employed 4,17587,39.7,Yes,None/Not applicable,1.4,2547.4,3.4,1.6,1.0,Female,3.7,1727.2,45.5,53.7,3.5,2.7,2.2,2.5,21.1,4.0,4188.2,Yes,Employer premises,-8.0,Employed: 100%,LA,Employed
E09000019,Islington,Employed 5,14702,55.7,,None/Not applicable,4.0,1999.6,6.1,0.0,0.0,Male,2.4,1328.9,48.9,49.0,3.4,2.7,2.2,2.7,16.6,3.8,3126.7,Yes,Employer premises,-8.0,Employed: 100%,LA,Employed
E09000019,Islington,Employed 6,25608,30.6,Yes,None/Not applicable,1.5,2522.1,2.9,0.0,0.0,Male,2.0,1902.4,44.1,55.4,3.1,2.4,2.3,2.6,26.3,3.6,2826.4,Yes,Employer premises,-8.0,Employed: 100%,LA,Employed
E09000019,Islington,Employed 7,13965,40.2,No,None/Not applicable,3.5,2045.0,5.9,1.7,1.0,Female,3.8,1219.7,45.7,51.6,3.5,2.6,2.2,2.6,15.8,4.1,3315.2,Yes,Employer premises,-8.0,Employed: 100%,LA,Employed
E09000019,Islington,Employed 8,603,48.4,,Other,2.1,2925.0,3.8,0.4,0.2,Female,2.5,1628.7,46.8,48.4,3.5,2.3,2.1,2.4,18.9,3.6,4014.1,Yes,Employer premises,-8.0,Employed: 100%,LA,Employed
E09000019,Islington,Employed 9,6668,43.6,,None/Not applicable,1.5,6305.1,2.8,1.7,1.0,Male,3.9,3402.0,48.0,54.5,3.5,2.7,2.2,2.5,26.2,3.9,5909.8,Yes,Employer premises,-8.0,Employed: 100%,LA,Employed
E09000019,Islington,Employed 10,13707,55.2,,None/Not applicable,1.6,2446.1,3.7,0.0,0.0,Female,2.3,1515.2,47.7,50.1,3.4,2.6,2.3,2.6,19.4,3.8,4155.4,Yes,Employer premises,-8.0,Employed: 100%,LA,Employed
E09000019,Islington,Retired 1,15102,78.9,,Christian,4.7,1397.9,0.0,0.0,0.0,Female,1.7,2.3,49.0,36.7,3.7,2.5,2.2,2.7,-4.5,3.9,739.2,Yes,-8.0,-8.0,Retired: 100%,LA,Retired
E09000019,Islington,Retired 2,7670,72.5,,Christian,1.8,2470.8,0.2,0.0,0.0,Male,1.8,193.9,49.9,43.2,3.7,2.7,2.3,2.6,-3.8,3.8,2893.0,Yes,-8.0,-8.0,Retired: 100%,LA,Retired
E09000019,Islington,Retired 3,165,59.2,,None/Not applicable,3.4,1569.3,1.4,1.3,1.0,Male,3.4,809.4,48.8,39.0,3.8,3.3,1.9,2.3,2.8,3.8,3217.3,Yes,-8.0,-8.0,Retired: 100%,LA,Retired
E09000019,Islington,Retired 4,2842,67.0,,None/Not applicable,3.0,1492.1,5.3,0.0,0.0,Male,2.0,878.6,50.1,46.3,3.6,2.8,2.3,2.6,16.0,3.8,3390.3,Yes,Employer premises,-8.0,Retired: 100%,LA,Retired
E09000019,Islington,Unemployed 1,3322,38.0,Yes,None/Not applicable,3.2,1049.8,1.4,1.8,1.0,Female,3.8,546.8,40.6,44.5,3.4,2.5,2.3,2.6,4.7,3.5,708.0,No,Employer premises,-8.0,Unemployed: 100%,LA,Unemployed
E09000019,Islington,Unemployed 2,10709,39.9,,None/Not applicable,3.4,669.1,1.4,0.0,0.0,Male,3.2,395.5,40.1,47.0,3.3,2.3,2.2,2.7,3.9,3.3,471.5,No,Employer premises,-8.0,Unemployed: 100%,LA,Unemployed
E09000019,Islington,Student,9083,24.0,,None/Not applicable,3.1,1041.9,2.6,0.1,0.0,Female,3.6,517.3,44.2,55.0,3.3,2.3,2.2,2.7,9.8,3.5,812.6,No,Employer premises,-8.0,Student / training: 100%,LA,Student
E09000019,Islington,On leave,7519,39.6,,None/Not applicable,3.1,1287.4,1.4,1.5,0.7,Female,3.8,486.7,43.0,48.6,3.4,2.6,2.3,2.7,5.2,3.8,1441.6,Yes,Employer premises,-8.0,On leave: 100%,LA,On leave
E09000019,Islington,Inactive 1,2522,40.0,,None/Not applicable,3.6,1702.1,1.1,1.7,1.0,Female,3.8,271.7,36.1,35.1,3.4,2.5,2.3,2.9,-0.4,3.7,951.6,Yes,Employer premises,-8.0,Inactive: 100%,LA,Inactive
E09000019,Islington,Inactive 2,12214,46.5,,None/Not applicable,3.8,1250.8,0.8,0.0,0.0,Female,2.3,165.6,35.6,36.0,3.3,2.6,2.2,2.8,-0.8,4.0,697.4,No,-8.0,-8.0,Inactive: 100%,LA,Inactive
E09000020,Kensington and Chelsea,Employed 1,52993,45.9,Yes,None/Not applicable,2.1,2781.7,4.2,0.0,0.0,Male,2.1,1720.8,47.1,52.8,3.3,2.5,2.2,2.6,20.8,3.7,3445.5,Yes,Employer premises,-8.0,Employed: 100%,LA,Employed
E09000020,Kensington and Chelsea,Employed 2,26082,41.9,Yes,None/Not applicable,2.1,2953.9,4.0,1.5,0.9,Male,4.1,1733.5,46.6,53.3,3.5,2.6,2.2,2.5,19.3,3.9,3947.9,Yes,Employer premises,-8.0,Employed: 100%,LA,Employed
E09000020,Kensington and Chelsea,Retired 1,9084,75.0,,Christian,1.6,2482.1,0.2,0.0,0.0,Female,1.6,147.3,51.0,44.5,3.7,2.7,2.2,2.6,-3.6,3.8,2786.7,Yes,-8.0,-8.0,Retired: 100%,LA,Retired
E09000020,Kensington and Chelsea,Retired 2,4348,69.6,,None/Not applicable,2.5,1539.5,5.1,0.0,0.0,Female,2.0,868.1,50.6,48.0,3.6,2.7,2.2,2.5,14.7,3.9,3510.8,Yes,Employer premises,-8.0,Retired: 100%,LA,Retired
E09000020,Kensington and Chelsea,Retired 3,143,63.8,,Christian,2.3,1741.2,1.6,1.3,1.0,Male,4.0,980.7,48.0,47.6,3.8,3.4,2.0,2.2,4.5,3.9,4846.9,Yes,-8.0,-8.0,Retired: 100%,LA,Retired
E09000020,Kensington and Chelsea,Retired 4,10917,80.7,,Christian,4.4,1395.8,0.0,0.0,0.0,Female,1.6,5.4,50.3,38.6,3.7,2.5,2.2,2.7,-4.3,3.9,731.2,Yes,-8.0,-8.0,Retired: 100%,LA,Retired
E09000020,Kensington and Chelsea,Retired 5,300,76.6,,Other,3.9,2872.1,0.1,0.0,0.0,Female,1.4,21.6,48.0,37.4,3.8,2.3,2.1,2.6,-5.3,3.3,523.5,No,-8.0,-8.0,Retired: 100%,LA,Retired
E09000020,Kensington and Chelsea,Unemployed 1,1847,40.9,Yes,None/Not applicable,2.8,954.3,1.3,1.7,1.0,Female,4.1,674.4,41.7,45.8,3.4,2.5,2.2,2.5,1.3,3.5,863.5,No,Employer premises,-8.0,Unemployed: 100%,LA,Unemployed
E09000020,Kensington and Chelsea,Unemployed 2,4956,44.0,,None/Not applicable,3.0,681.8,1.4,0.0,0.0,Male,2.7,489.8,41.4,47.1,3.3,2.2,2.2,2.7,4.7,3.3,650.4,No,Employer premises,-8.0,Unemployed: 100%,LA,Unemployed
E09000020,Kensington and Chelsea,Student,4333,25.8,,None/Not applicable,2.7,1215.8,2.5,0.1,0.1,Male,3.1,577.3,45.2,55.8,3.2,2.3,2.1,2.7,9.8,3.6,796.5,No,Employer premises,-8.0,Student / training: 100%,LA,Student
E09000020,Kensington and Chelsea,On leave,4741,44.9,,None/Not applicable,2.8,1113.0,1.0,1.4,0.7,Female,3.9,336.0,42.9,48.5,3.5,2.6,2.2,2.7,0.9,3.8,1374.3,Yes,Employer premises,-8.0,On leave: 100%,LA,On leave
E09000020,Kensington and Chelsea,Inactive 1,5266,52.3,,None/Not applicable,3.3,1325.6,1.1,0.0,0.0,Female,2.0,184.4,36.1,35.5,3.3,2.5,2.2,2.7,-0.5,3.9,1148.2,No,-8.0,-8.0,Inactive: 100%,LA,Inactive
E09000020,Kensington and Chelsea,Inactive 2,1309,42.9,,None/Not applicable,3.2,1570.0,1.5,1.4,0.9,Female,4.2,295.5,37.8,37.7,3.4,2.6,2.3,2.8,0.3,3.7,1704.0,Yes,-8.0,-8.0,Inactive: 100%,LA,Inactive
E09000021,Kingston upon Thames,Employed 1,483,50.4,,Other,2.2,3056.6,3.8,0.5,0.3,Female,2.8,1550.7,46.0,49.4,3.5,2.5,2.3,2.4,17.6,3.8,3972.3,Yes,Employer premises,-8.0,Employed: 100%,LA,Employed
E09000021,Kingston upon Thames,Employed 2,16796,42.5,No,None/Not applicable,3.1,1986.3,5.3,1.7,1.0,Male,4.0,1276.6,46.4,52.4,3.6,2.7,2.2,2.6,15.0,4.1,3838.9,Yes,Employer premises,-8.0,Employed: 100%,LA,Employed
E09000021,Kingston upon Thames,Employed 3,10840,28.0,,None/Not applicable,3.0,1611.7,5.7,0.0,0.0,Male,3.9,1174.8,44.6,53.6,3.3,2.5,2.2,2.6,20.1,3.7,1795.9,Yes,Employer premises,-8.0,Employed: 100%,LA,Employed
E09000021,Kingston upon Thames,Employed 4,13575,31.5,Yes,None/Not applicable,1.5,2743.3,3.1,0.0,0.0,Female,1.9,1960.3,44.3,55.2,3.1,2.4,2.2,2.6,25.3,3.6,3010.5,Yes,Employer premises,-8.0,Employed: 100%,LA,Employed
E09000021,Kingston upon Thames,Employed 5,14176,55.6,Yes,None/Not applicable,1.6,4128.0,3.0,0.0,0.0,Male,2.7,2248.6,48.8,51.8,3.5,2.7,2.3,2.6,22.3,3.8,5487.7,Yes,Employer premises,-8.0,Employed: 100%,LA,Employed
E09000021,Kingston upon Thames,Employed 6,15580,56.5,,None/Not applicable,3.8,1963.0,5.9,0.0,0.0,Male,2.5,1294.7,48.8,49.6,3.5,2.7,2.2,2.6,16.4,3.9,3602.3,Yes,Employer premises,-8.0,Employed: 100%,LA,Employed
E09000021,Kingston upon Thames,Employed 7,18063,43.4,Yes,None/Not applicable,1.4,4324.0,2.7,1.7,1.0,Male,4.0,2556.3,47.0,54.2,3.6,2.8,2.3,2.5,24.8,4.0,5056.0,Yes,Employer premises,-8.0,Employed: 100%,LA,Employed
E09000021,Kingston upon Thames,Retired 1,15130,79.7,,Christian,4.6,1348.9,0.0,0.0,0.0,Female,1.9,3.7,49.6,38.5,3.7,2.6,2.2,2.7,-4.8,4.0,973.2,Yes,-8.0,-8.0,Retired: 100%,LA,Retired
E09000021,Kingston upon Thames,Retired 2,8569,74.2,,Christian,1.8,2499.0,0.2,0.0,0.0,Male,1.9,163.7,50.5,43.9,3.7,2.7,2.3,2.6,-4.3,3.9,2910.2,Yes,-8.0,-8.0,Retired: 100%,LA,Retired
E09000021,Kingston upon Thames,Retired 3,256,75.7,,Other,3.6,2257.0,0.2,0.0,0.0,Female,1.7,78.4,48.3,37.3,3.7,2.3,2.1,2.7,-4.9,3.5,873.4,Yes,-8.0,-8.0,Retired: 100%,LA,Retired
E09000021,Kingston upon Thames,Retired 4,3355,68.1,,None/Not applicable,3.0,1532.1,5.1,0.0,0.0,Male,2.1,896.9,50.6,46.6,3.6,2.8,2.3,2.6,14.7,3.9,3445.7,Yes,Employer premises,-8.0,Retired: 100%,LA,Retired
E09000021,Kingston upon Thames,Retired 5,235,65.1,,None/Not applicable,2.8,1973.6,0.8,1.1,1.0,Male,3.8,818.0,48.9,44.8,4.1,2.7,1.8,2.3,0.5,3.4,4483.4,Yes,-8.0,-8.0,Retired: 100%,LA,Retired
E09000021,Kingston upon Thames,Unemployed,6909,41.5,Yes,None/Not applicable,3.3,706.6,1.5,0.5,0.3,Female,3.6,445.4,41.1,46.4,3.4,2.4,2.2,2.7,2.7,3.5,764.8,No,Employer premises,-8.0,Unemployed: 100%,LA,Unemployed
E09000021,Kingston upon Thames,Student,5440,23.6,,None/Not applicable,3.1,1055.5,2.9,0.1,0.0,Female,3.6,509.2,43.7,55.8,3.3,2.4,2.2,2.7,10.1,3.5,845.7,No,Employer premises,-8.0,Student / training: 100%,LA,Student
E09000021,Kingston upon Thames,On leave,4520,44.2,,None/Not applicable,3.1,1032.9,1.2,1.4,0.7,Female,4.0,363.2,44.2,48.6,3.5,2.6,2.2,2.7,1.7,3.9,1434.9,Yes,Employer premises,-8.0,On leave: 100%,LA,On leave
E09000021,Kingston upon Thames,Inactive,6160,47.3,,None/Not applicable,3.5,1292.8,1.2,0.3,0.2,Female,2.8,283.7,35.9,36.3,3.3,2.6,2.3,2.8,0.8,4.0,901.2,No,-8.0,-8.0,Inactive: 100%,LA,Inactive
E09000022,Lambeth,Employed 1,34834,31.2,Yes,None/Not applicable,1.5,2771.2,2.9,0.0,0.0,Male,2.0,2057.8,44.3,55.4,3.1,2.3,2.3,2.6,26.2,3.6,2769.4,Yes,Employer premises,-8.0,Employed: 100%,LA,Employed
E09000022,Lambeth,Employed 2,22711,55.8,,None/Not applicable,4.0,1992.1,6.2,0.0,0.0,Male,2.6,1362.4,49.3,49.7,3.4,2.6,2.2,2.7,19.1,3.7,2600.3,Yes,Employer premises,-8.0,Employed: 100%,LA,Employed
E09000022,Lambeth,Employed 3,28645,40.7,Yes,None/Not applicable,1.4,2977.9,3.2,1.6,1.0,Female,3.7,1976.9,45.7,54.0,3.4,2.6,2.2,2.5,22.6,4.0,4256.0,Yes,Employer premises,-8.0,Employed: 100%,LA,Employed
E09000022,Lambeth,Employed 4,21359,41.8,No,None/Not applicable,3.4,2107.2,5.9,1.7,1.0,Female,3.8,1259.2,46.4,51.4,3.5,2.5,2.2,2.6,16.6,4.0,2953.8,Yes,Employer premises,-8.0,Employed: 100%,LA,Employed
E09000022,Lambeth,Employed 5,9680,33.2,,Muslim/Islam,2.4,1657.5,3.0,0.4,0.1,Male,6.1,874.2,45.9,52.0,3.4,2.6,2.2,2.7,18.8,3.4,822.0,Yes,Employer premises,-8.0,Employed: 100%,LA,Employed
E09000022,Lambeth,Employed 6,13552,46.8,Yes,None/Not applicable,1.5,7135.4,2.8,0.6,0.4,Male,2.9,3743.8,49.2,54.3,3.4,2.5,2.2,2.5,25.6,3.7,5185.3,Yes,Employer premises,-8.0,Employed: 100%,LA,Employed
E09000022,Lambeth,Employed 7,942,50.7,,Other,2.4,3016.6,3.7,0.3,0.2,Female,2.3,1456.0,46.8,47.2,3.5,2.2,2.1,2.4,17.7,3.5,4491.7,Yes,Employer premises,-8.0,Employed: 100%,LA,Employed
E09000022,Lambeth,Employed 8,22548,55.6,,None/Not applicable,1.6,2570.9,3.7,0.0,0.0,Female,2.2,1567.2,48.1,50.4,3.4,2.5,2.2,2.5,21.1,3.6,3804.9,Yes,Employer premises,-8.0,Employed: 100%,LA,Employed
E09000022,Lambeth,Employed 9,24524,30.2,,None/Not applicable,2.8,1800.6,6.5,0.0,0.0,Male,2.9,1357.0,44.3,53.9,3.3,2.3,2.1,2.7,23.8,3.7,1781.2,Yes,Employer premises,-8.0,Employed: 100%,LA,Employed
E09000022,Lambeth,Retired 1,11284,69.9,,None/Not applicable,2.1,2127.8,1.9,0.0,0.0,Male,2.0,496.5,50.2,45.1,3.6,2.7,2.3,2.6,4.2,3.8,3055.5,Yes,-8.0,-8.0,Retired: 100%,LA,Retired
E09000022,Lambeth,Retired 2,19246,79.5,,Christian,4.5,1422.3,0.1,0.0,0.0,Female,1.8,3.4,49.9,38.0,3.7,2.5,2.2,2.7,-4.5,3.9,737.8,Yes,-8.0,-8.0,Retired: 100%,LA,Retired
E09000022,Lambeth,Retired 3,307,62.7,,Muslim/Islam,2.9,1408.2,2.7,1.4,1.0,Male,3.8,1032.6,52.7,45.5,3.9,3.1,2.0,2.3,9.1,4.1,2458.1,Yes,Employer premises,-8.0,Retired: 100%,LA,Retired
E09000022,Lambeth,Retired 4,582,75.2,,Other,4.3,3883.8,0.2,0.0,0.0,Female,1.7,54.7,46.6,35.7,3.7,2.2,2.0,2.7,-5.9,2.5,339.5,No,-8.0,-8.0,Retired: 100%,LA,Retired
E09000022,Lambeth,Unemployed 1,12627,42.7,,None/Not applicable,3.4,708.4,1.4,0.0,0.0,Male,3.1,425.0,41.2,46.9,3.3,2.2,2.2,2.7,3.5,3.3,532.2,No,Employer premises,-8.0,Unemployed: 100%,LA,Unemployed
E09000022,Lambeth,Unemployed 2,4175,39.5,Yes,None/Not applicable,3.2,1020.6,1.4,1.7,1.0,Female,3.7,556.2,41.7,44.7,3.3,2.4,2.2,2.5,6.1,3.5,802.8,No,Employer premises,-8.0,Unemployed: 100%,LA,Unemployed
E09000022,Lambeth,Student,8553,25.7,,Christian,3.1,1151.7,2.7,0.1,0.1,Male,3.5,585.6,45.6,54.7,3.3,2.2,2.1,2.7,10.2,3.5,972.9,No,Employer premises,-8.0,Student / training: 100%,LA,Student
E09000022,Lambeth,On leave,8932,39.8,,None/Not applicable,2.9,1368.9,1.3,1.6,0.7,Female,3.8,473.8,43.7,48.9,3.4,2.6,2.3,2.7,5.4,3.7,1314.3,Yes,Employer premises,-8.0,On leave: 100%,LA,On leave
E09000022,Lambeth,Inactive 1,9675,50.7,,None/Not applicable,4.3,1297.8,0.3,0.0,0.0,Female,2.1,78.6,35.7,32.5,3.3,2.5,2.2,2.8,-2.8,4.0,601.3,No,-8.0,-8.0,Inactive: 100%,LA,Inactive
E09000022,Lambeth,Inactive 2,6542,39.8,,None/Not applicable,2.6,1443.7,2.1,0.7,0.4,Female,3.4,334.5,39.2,42.2,3.4,2.5,2.2,2.7,4.3,3.9,1442.7,Yes,-8.0,-8.0,Inactive: 100%,LA,Inactive
E09000023,Lewisham,Employed 1,6067,34.4,,Muslim/Islam,2.4,1696.1,2.5,0.5,0.2,Male,6.3,849.7,46.7,52.0,3.5,2.5,2.3,2.7,16.1,3.5,934.9,Yes,Employer premises,-8.0,Employed: 100%,LA,Employed
E09000023,Lewisham,Employed 2,21053,42.6,No,None/Not applicable,3.6,2056.2,5.9,1.7,1.0,Female,3.8,1233.8,46.6,51.4,3.5,2.6,2.2,2.6,16.1,4.0,2964.9,Yes,Employer premises,-8.0,Employed: 100%,LA,Employed
E09000023,Lewisham,Employed 3,21482,31.6,Yes,None/Not applicable,1.6,2679.0,2.8,0.0,0.0,Male,2.0,1989.9,44.5,54.9,3.2,2.3,2.2,2.6,25.9,3.6,2763.1,Yes,Employer premises,-8.0,Employed: 100%,LA,Employed
E09000023,Lewisham,Employed 4,12605,47.5,Yes,None/Not applicable,1.6,7133.3,2.8,0.8,0.5,Male,3.2,3791.8,49.0,54.3,3.5,2.6,2.2,2.5,27.5,3.7,4977.5,Yes,Employer premises,-8.0,Employed: 100%,LA,Employed
E09000023,Lewisham,Employed 5,26646,41.6,Yes,None/Not applicable,1.5,2920.8,3.2,1.7,1.0,Female,3.8,1954.6,45.9,53.6,3.5,2.6,2.2,2.5,22.6,4.0,4113.0,Yes,Employer premises,-8.0,Employed: 100%,LA,Employed
E09000023,Lewisham,Employed 6,22982,55.8,,None/Not applicable,4.1,1969.4,6.2,0.0,0.0,Male,2.6,1323.7,49.1,49.3,3.5,2.6,2.2,2.7,18.4,3.7,2802.4,Yes,Employer premises,-8.0,Employed: 100%,LA,Employed
E09000023,Lewisham,Employed 7,20609,55.4,,None/Not applicable,1.7,2725.2,3.6,0.0,0.0,Female,2.3,1658.0,48.3,50.7,3.4,2.6,2.2,2.5,22.1,3.7,4088.9,Yes,Employer premises,-8.0,Employed: 100%,LA,Employed
E09000023,Lewisham,Employed 8,17346,29.0,,None/Not applicable,3.0,1654.4,6.5,0.0,0.0,Male,3.1,1281.8,44.8,53.6,3.3,2.4,2.1,2.6,23.1,3.7,1609.2,Yes,Employer premises,-8.0,Employed: 100%,LA,Employed
E09000023,Lewisham,Employed 9,920,50.5,,Other,2.4,2981.9,3.9,0.4,0.3,Female,2.5,1387.0,46.7,47.7,3.5,2.3,2.2,2.5,19.4,3.7,5115.9,Yes,Employer premises,-8.0,Employed: 100%,LA,Employed
E09000023,Lewisham,Retired 1,12005,69.6,,None/Not applicable,2.2,2090.6,1.8,0.0,0.0,Male,2.0,452.8,50.5,44.7,3.6,2.7,2.3,2.6,2.5,3.8,3060.6,Yes,-8.0,-8.0,Retired: 100%,LA,Retired
E09000023,Lewisham,Retired 2,21365,79.2,,Christian,4.6,1411.7,0.1,0.0,0.0,Female,1.7,2.9,49.7,37.9,3.7,2.6,2.2,2.7,-4.6,3.9,819.6,Yes,-8.0,-8.0,Retired: 100%,LA,Retired
E09000023,Lewisham,Retired 3,393,62.9,,None/Not applicable,3.3,1568.9,1.9,1.3,1.0,Male,3.6,865.0,51.7,43.1,3.9,3.0,2.0,2.3,5.3,4.1,2979.9,Yes,-8.0,-8.0,Retired: 100%,LA,Retired
E09000023,Lewisham,Retired 4,701,75.8,,Other,4.4,3916.2,0.1,0.0,0.0,Female,1.7,29.1,46.3,35.2,3.7,2.3,2.0,2.7,-6.1,2.7,492.0,No,-8.0,-8.0,Retired: 100%,LA,Retired
E09000023,Lewisham,Unemployed 1,11172,43.3,,None/Not applicable,3.6,715.2,1.3,0.0,0.0,Male,3.2,328.1,41.2,46.3,3.3,2.2,2.2,2.7,2.4,3.3,506.7,No,Employer premises,-8.0,Unemployed: 100%,LA,Unemployed
E09000023,Lewisham,Unemployed 2,4263,40.4,Yes,None/Not applicable,3.3,1043.8,1.5,1.8,1.0,Female,3.9,468.0,42.0,44.1,3.4,2.5,2.2,2.5,6.1,3.5,862.7,No,Employer premises,-8.0,Unemployed: 100%,LA,Unemployed
E09000023,Lewisham,Student,8797,25.1,,Christian,3.2,1038.3,2.6,0.1,0.1,Female,3.6,555.7,45.6,54.5,3.3,2.2,2.1,2.7,9.0,3.5,776.5,No,Employer premises,-8.0,Student / training: 100%,LA,Student
E09000023,Lewisham,On leave,8838,41.5,,None/Not applicable,3.2,1284.5,1.1,1.6,0.7,Female,3.9,393.3,43.7,47.7,3.4,2.5,2.2,2.7,3.4,3.7,1181.1,Yes,Employer premises,-8.0,On leave: 100%,LA,On leave
E09000023,Lewisham,Inactive 1,11583,49.4,,None/Not applicable,3.9,1289.4,0.9,0.0,0.0,Female,2.3,187.4,36.1,34.9,3.3,2.5,2.2,2.7,0.0,4.0,912.6,No,-8.0,-8.0,Inactive: 100%,LA,Inactive
E09000023,Lewisham,Inactive 2,3348,41.5,,None/Not applicable,3.5,1596.0,1.4,1.5,0.9,Female,4.1,330.3,38.3,35.8,3.4,2.6,2.3,2.9,0.6,3.7,931.1,No,Employer premises,-8.0,Inactive: 100%,LA,Inactive
E09000024,Merton,Employed 1,6246,52.1,Yes,None/Not applicable,1.5,6622.0,2.9,0.0,0.0,Male,2.5,3390.7,49.8,53.6,3.5,2.6,2.2,2.5,26.1,3.6,5501.8,Yes,Employer premises,-8.0,Employed: 100%,LA,Employed
E09000024,Merton,Employed 2,9181,42.1,,None/Not applicable,3.0,2057.4,6.8,1.6,1.0,Female,3.6,1319.2,46.1,52.1,3.5,2.6,2.2,2.6,17.5,4.1,3577.3,Yes,Employer premises,-8.0,Employed: 100%,LA,Employed
E09000024,Merton,Employed 3,7466,45.3,,None/Not applicable,1.4,6556.8,2.7,1.7,1.0,Male,4.0,3606.3,48.1,54.5,3.6,2.7,2.2,2.5,27.4,3.9,5569.9,Yes,Employer premises,-8.0,Employed: 100%,LA,Employed
E09000024,Merton,Employed 4,11602,30.9,Yes,None/Not applicable,1.5,2769.8,2.9,0.0,0.0,Male,1.9,2018.1,44.3,55.6,3.1,2.3,2.3,2.6,25.8,3.6,2900.7,Yes,Employer premises,-8.0,Employed: 100%,LA,Employed
E09000024,Merton,Employed 5,8473,57.8,,None/Not applicable,4.0,1910.7,6.8,0.0,0.0,Male,1.9,1220.2,49.1,48.5,3.5,2.8,2.3,2.7,16.3,4.0,3363.3,Yes,Employer premises,-8.0,Employed: 100%,LA,Employed
E09000024,Merton,Employed 6,3720,29.6,,Muslim/Islam,2.1,1831.3,3.1,0.0,0.0,Female,5.8,973.7,46.0,52.9,3.5,2.5,2.3,2.8,23.4,3.5,942.4,Yes,Employer premises,-8.0,Employed: 100%,LA,Employed
E09000024,Merton,Employed 7,13747,42.8,Yes,None/Not applicable,1.2,2580.4,3.1,1.7,1.0,Female,3.8,1770.4,46.3,54.1,3.6,2.7,2.2,2.5,21.1,4.0,4221.2,Yes,Employer premises,-8.0,Employed: 100%,LA,Employed
E09000024,Merton,Employed 8,611,52.5,,Other,2.3,2930.6,4.1,0.5,0.3,Female,2.7,1594.9,47.4,48.7,3.6,2.3,2.2,2.4,20.6,3.6,4121.9,Yes,Employer premises,-8.0,Employed: 100%,LA,Employed
E09000024,Merton,Employed 9,7290,54.6,,None/Not applicable,3.7,2491.1,3.2,0.0,0.0,Female,2.6,1580.7,48.9,51.5,3.5,2.7,2.2,2.6,21.0,4.0,4036.0,Yes,Employer premises,-8.0,Employed: 100%,LA,Employed
E09000024,Merton,Employed 10,4053,45.9,No,Muslim/Islam,3.8,1859.3,5.3,2.4,1.0,Male,5.9,1002.6,49.2,50.5,3.6,2.6,2.1,2.5,10.3,4.1,3035.1,Yes,Employer premises,-8.0,Employed: 100%,LA,Employed
E09000024,Merton,Employed 11,10357,56.0,,None/Not applicable,1.3,2400.0,3.7,0.0,0.0,Female,2.5,1434.1,48.5,51.5,3.5,2.6,2.2,2.5,18.4,3.7,4374.6,Yes,Employer premises,-8.0,Employed: 100%,LA,Employed
E09000024,Merton,Employed 12,8997,28.5,,None/Not applicable,2.9,1770.8,6.6,0.0,0.0,Male,2.8,1342.5,44.3,54.2,3.3,2.4,2.1,2.6,21.9,3.7,1949.5,Yes,Employer premises,-8.0,Employed: 100%,LA,Employed
E09000024,Merton,Employed 13,5038,52.2,,None/Not applicable,3.7,1919.6,6.6,0.0,0.0,Male,4.6,1484.3,48.7,50.4,3.6,2.5,2.1,2.6,17.8,3.7,2335.2,Yes,Employer premises,-8.0,Employed: 100%,LA,Employed
E09000024,Merton,Employed 14,6958,41.9,,None/Not applicable,3.6,2716.9,3.0,1.6,1.0,Male,3.7,1701.5,46.3,52.6,3.6,2.8,2.2,2.6,17.7,4.1,4325.7,Yes,Employer premises,-8.0,Employed: 100%,LA,Employed
E09000024,Merton,Retired 1,15632,79.6,,Christian,4.6,1330.6,0.0,0.0,0.0,Female,1.9,3.1,49.8,38.9,3.7,2.6,2.2,2.7,-4.7,4.0,876.9,Yes,-8.0,-8.0,Retired: 100%,LA,Retired
E09000024,Merton,Retired 2,8850,74.2,,Christian,1.8,2519.7,0.2,0.0,0.0,Female,1.9,200.3,50.8,44.4,3.7,2.7,2.3,2.6,-3.8,3.9,2872.7,Yes,-8.0,-8.0,Retired: 100%,LA,Retired
E09000024,Merton,Retired 3,350,76.2,,Other,4.1,3252.3,0.2,0.0,0.0,Female,1.7,65.1,47.0,36.6,3.7,2.3,2.1,2.7,-5.3,3.0,438.6,No,-8.0,-8.0,Retired: 100%,LA,Retired
E09000024,Merton,Retired 4,330,65.5,,None/Not applicable,3.1,1708.9,1.0,1.2,1.0,Male,3.9,850.3,50.2,45.8,4.0,2.8,1.9,2.3,1.8,3.6,4026.5,Yes,-8.0,-8.0,Retired: 100%,LA,Retired
E09000024,Merton,Retired 5,3583,67.9,,None/Not applicable,3.0,1477.2,5.2,0.0,0.0,Male,2.2,945.9,50.6,46.7,3.6,2.8,2.3,2.6,15.6,3.9,3498.9,Yes,Employer premises,-8.0,Retired: 100%,LA,Retired
E09000024,Merton,Unemployed 1,5777,43.7,,None/Not applicable,3.5,626.0,1.4,0.0,0.0,Male,3.5,383.0,42.0,46.8,3.4,2.2,2.1,2.7,3.0,3.4,634.1,No,Employer premises,-8.0,Unemployed: 100%,LA,Unemployed
E09000024,Merton,Unemployed 2,2461,41.0,,None/Not applicable,3.3,866.8,1.7,1.9,1.0,Female,4.2,624.5,41.9,44.5,3.4,2.5,2.2,2.5,4.7,3.6,951.1,Yes,Employer premises,-8.0,Unemployed: 100%,LA,Unemployed
E09000024,Merton,Student,5026,24.4,,None/Not applicable,3.1,1111.1,2.9,0.1,0.1,Male,3.6,522.1,45.1,55.2,3.3,2.3,2.2,2.7,9.5,3.6,827.4,No,Employer premises,-8.0,Student / training: 100%,LA,Student
E09000024,Merton,On leave,5677,44.1,,None/Not applicable,3.2,1050.6,1.0,1.5,0.7,Female,4.2,322.6,44.2,48.5,3.5,2.6,2.2,2.7,1.2,3.8,1178.1,Yes,Employer premises,-8.0,On leave: 100%,LA,On leave
E09000024,Merton,Inactive,6929,47.7,,None/Not applicable,3.6,1300.2,1.3,0.3,0.2,Female,2.9,288.1,37.4,36.7,3.3,2.6,2.2,2.7,1.3,4.0,1023.2,No,-8.0,-8.0,Inactive: 100%,LA,Inactive
E09000025,Newham,Employed 1,42915,55.0,,None/Not applicable,3.0,2758.7,5.0,0.0,0.0,Male,3.0,1745.9,48.9,50.1,3.4,2.4,2.1,2.6,21.7,3.6,2805.3,Yes,Employer premises,-8.0,Employed: 100%,LA,Employed
E09000025,Newham,Employed 2,54652,42.8,No,None/Not applicable,2.5,2811.6,4.3,1.8,1.0,Male,4.3,1701.4,47.0,51.5,3.5,2.5,2.1,2.6,18.8,3.9,3322.2,Yes,Employer premises,-8.0,Employed: 100%,LA,Employed
E09000025,Newham,Employed 3,44560,29.6,Yes,None/Not applicable,2.3,2058.7,4.4,0.0,0.0,Male,3.5,1473.0,44.7,53.9,3.3,2.4,2.1,2.6,22.7,3.5,1811.6,Yes,Employer premises,-8.0,Employed: 100%,LA,Employed
E09000025,Newham,Retired 1,27557,76.1,,Christian,3.9,1667.8,0.6,0.0,0.0,Female,2.4,187.4,49.0,40.0,3.7,2.5,2.2,2.7,-1.9,3.8,1143.6,Yes,-8.0,-8.0,Retired: 100%,LA,Retired
E09000025,Newham,Retired 2,535,66.6,,Muslim/Islam,4.1,897.3,0.8,1.2,1.0,Male,3.9,454.8,52.2,38.0,4.1,2.5,1.7,2.3,-0.7,3.1,1126.7,No,-8.0,-8.0,Retired: 100%,LA,Retired
E09000025,Newham,Unemployed 1,6089,32.5,,Muslim/Islam,2.5,330.7,2.5,0.0,0.0,Male,3.9,399.9,41.8,49.9,3.3,2.2,2.2,2.5,5.5,3.3,704.9,No,Employer premises,-8.0,Unemployed: 100%,LA,Unemployed
E09000025,Newham,Unemployed 2,9867,52.4,,Muslim/Islam,4.5,869.5,0.2,0.0,0.0,Female,4.4,87.0,43.0,42.8,3.5,2.1,2.1,2.7,-3.2,3.2,265.4,No,-8.0,-8.0,Unemployed: 100%,LA,Unemployed
E09000025,Newham,Unemployed 3,6411,41.9,Yes,Muslim/Islam,3.4,798.8,1.5,2.0,1.0,Female,4.5,509.8,44.2,42.5,3.5,2.3,2.1,2.5,4.2,3.4,574.2,No,Employer premises,-8.0,Unemployed: 100%,LA,Unemployed
E09000025,Newham,Student 1,11059,22.3,,Muslim/Islam,3.3,769.0,2.2,0.0,0.0,Male,4.2,382.1,46.7,54.5,3.4,2.2,2.1,2.7,7.0,3.5,584.7,No,Employer premises,-8.0,Student / training: 100%,LA,Student
E09000025,Newham,Student 2,1392,39.7,,None/Not applicable,2.4,2345.4,3.1,1.0,0.6,Female,2.6,528.6,44.4,48.6,3.5,2.1,2.0,2.7,6.0,4.0,440.2,Yes,Employer premises,-8.0,Student / training: 100%,LA,Student
E09000025,Newham,On leave,11324,43.8,,Muslim/Islam,3.5,1016.5,0.6,1.5,0.7,Female,4.6,179.3,44.5,46.3,3.5,2.4,2.1,2.7,-0.9,3.7,608.3,Yes,Employer premises,-8.0,On leave: 100%,LA,On leave
E09000025,Newham,Inactive 1,9164,50.9,,None/Not applicable,4.4,1126.4,0.2,0.0,0.0,Female,2.8,40.9,34.9,32.8,3.4,2.4,2.1,2.7,-3.5,3.9,473.3,No,-8.0,-8.0,Inactive: 100%,LA,Inactive
E09000025,Newham,Inactive 2,5495,40.4,,None/Not applicable,2.7,1421.9,2.3,0.8,0.5,Male,3.8,432.7,39.5,39.5,3.4,2.6,2.2,2.7,7.8,3.7,1111.2,Yes,Employer premises,-8.0,Inactive: 100%,LA,Inactive
E09000026,Redbridge,Employed 1,11445,31.1,,Muslim/Islam,2.7,1598.5,4.2,0.3,0.1,Male,6.3,961.0,45.6,51.8,3.6,2.6,2.1,2.7,16.6,3.5,1344.2,Yes,Employer premises,-8.0,Employed: 100%,LA,Employed
E09000026,Redbridge,Employed 2,21323,53.1,Yes,None/Not applicable,1.5,4185.0,3.0,0.0,0.0,Male,2.6,2341.1,48.3,51.7,3.5,2.6,2.2,2.6,24.2,3.7,4807.4,Yes,Employer premises,-8.0,Employed: 100%,LA,Employed
E09000026,Redbridge,Employed 3,28935,42.6,No,None/Not applicable,3.3,1946.8,5.5,1.8,1.0,Male,4.2,1174.7,46.4,51.2,3.6,2.6,2.1,2.6,14.5,4.0,3234.6,Yes,Employer premises,-8.0,Employed: 100%,LA,Employed
E09000026,Redbridge,Employed 4,23460,29.2,Yes,None/Not applicable,2.2,2011.1,4.4,0.0,0.0,Male,2.5,1536.1,44.5,54.5,3.2,2.4,2.2,2.6,23.0,3.7,2369.8,Yes,Employer premises,-8.0,Employed: 100%,LA,Employed
E09000026,Redbridge,Employed 5,23553,56.9,,None/Not applicable,3.8,1922.1,5.9,0.0,0.0,Male,2.8,1259.6,48.5,48.9,3.5,2.6,2.2,2.6,16.8,3.9,3065.8,Yes,Employer premises,-8.0,Employed: 100%,LA,Employed
E09000026,Redbridge,Employed 6,30423,43.4,Yes,None/Not applicable,1.4,4131.6,2.8,1.7,1.0,Male,3.9,2493.7,47.1,53.4,3.6,2.6,2.2,2.5,24.2,3.9,4596.5,Yes,Employer premises,-8.0,Employed: 100%,LA,Employed
E09000026,Redbridge,Employed 7,927,50.6,,Other,2.1,3149.5,3.9,0.6,0.3,Female,3.1,1475.8,47.6,49.4,3.5,2.1,2.1,2.3,18.8,3.8,4106.1,Yes,Employer premises,-8.0,Employed: 100%,LA,Employed
E09000026,Redbridge,Retired 1,22337,79.6,,Christian,4.6,1345.8,0.0,0.0,0.0,Female,1.7,2.6,49.2,38.2,3.7,2.5,2.2,2.7,-4.7,4.0,893.5,Yes,-8.0,-8.0,Retired: 100%,LA,Retired
E09000026,Redbridge,Retired 2,4151,67.9,,None/Not applicable,3.1,1507.5,5.3,0.0,0.0,Male,2.2,992.4,50.2,46.8,3.6,2.8,2.3,2.6,15.7,3.9,3337.6,Yes,Employer premises,-8.0,Retired: 100%,LA,Retired
E09000026,Redbridge,Retired 3,11983,73.9,,Christian,1.8,2555.4,0.2,0.0,0.0,Male,1.9,172.8,50.4,43.6,3.7,2.7,2.3,2.6,-4.1,3.8,2679.3,Yes,-8.0,-8.0,Retired: 100%,LA,Retired
E09000026,Redbridge,Retired 4,547,66.3,,Muslim/Islam,3.8,1332.9,0.5,1.2,1.0,Male,3.8,461.4,49.7,41.1,4.1,2.4,1.6,2.3,-2.6,2.9,2390.8,No,-8.0,-8.0,Retired: 100%,LA,Retired
E09000026,Redbridge,Retired 5,3591,75.1,,Muslim/Islam,4.3,1174.2,0.1,0.0,0.0,Female,5.6,10.2,48.1,37.8,3.7,2.4,2.0,2.7,-4.3,3.8,513.8,Yes,-8.0,-8.0,Retired: 100%,LA,Retired
E09000026,Redbridge,Retired 6,520,76.9,,Other,4.1,2807.4,0.2,0.0,0.0,Female,1.8,47.7,47.6,33.7,3.6,2.4,2.1,2.7,-5.4,3.2,870.0,Yes,-8.0,-8.0,Retired: 100%,LA,Retired
E09000026,Redbridge,Unemployed 1,11174,43.6,,Muslim/Islam,3.6,611.5,1.2,0.0,0.0,Male,3.9,247.9,42.1,45.8,3.4,2.3,2.2,2.7,0.8,3.4,552.9,No,-8.0,-8.0,Unemployed: 100%,LA,Unemployed
E09000026,Redbridge,Unemployed 2,5255,41.0,,Muslim/Islam,3.3,861.5,1.7,2.0,1.0,Female,4.4,428.4,43.2,43.3,3.5,2.4,2.2,2.5,3.7,3.6,804.4,No,Employer premises,-8.0,Unemployed: 100%,LA,Unemployed
E09000026,Redbridge,Student,11117,23.4,,Muslim/Islam,3.2,1008.2,2.8,0.1,0.1,Male,4.0,421.6,45.3,54.3,3.4,2.3,2.1,2.7,8.4,3.5,700.4,No,Employer premises,-8.0,Student / training: 100%,LA,Student
E09000026,Redbridge,On leave,10100,44.4,,Muslim/Islam,3.5,974.3,0.8,1.5,0.7,Female,4.4,253.7,44.8,47.0,3.6,2.5,2.1,2.6,-0.1,3.8,891.1,Yes,Employer premises,-8.0,On leave: 100%,LA,On leave
E09000026,Redbridge,Inactive,11549,47.7,,None/Not applicable,3.7,1294.8,1.1,0.4,0.2,Female,3.1,294.7,36.6,35.5,3.4,2.6,2.2,2.7,1.1,3.9,802.2,Yes,-8.0,-8.0,Inactive: 100%,LA,Inactive
E09000027,Richmond upon Thames,Employed 1,18242,57.1,,None/Not applicable,3.6,2002.1,5.8,0.0,0.0,Female,2.4,1235.8,49.1,49.7,3.5,2.8,2.3,2.6,15.5,4.0,3749.8,Yes,Employer premises,-8.0,Employed: 100%,LA,Employed
E09000027,Richmond upon Thames,Employed 2,23567,44.4,Yes,None/Not applicable,1.3,4247.3,2.8,1.6,1.0,Male,3.9,2520.1,47.0,54.5,3.6,2.8,2.3,2.5,23.9,3.9,5106.5,Yes,Employer premises,-8.0,Employed: 100%,LA,Employed
E09000027,Richmond upon Thames,Employed 3,18864,29.3,Yes,None/Not applicable,2.0,2211.8,4.2,0.0,0.0,Male,2.4,1623.2,44.3,55.3,3.2,2.4,2.2,2.6,23.9,3.6,2592.5,Yes,Employer premises,-8.0,Employed: 100%,LA,Employed
E09000027,Richmond upon Thames,Employed 4,604,52.0,,Other,2.1,2925.6,4.0,0.4,0.3,Female,2.6,1597.2,47.4,49.7,3.5,2.4,2.2,2.4,18.3,3.6,3769.3,Yes,Employer premises,-8.0,Employed: 100%,LA,Employed
E09000027,Richmond upon Thames,Employed 5,22159,54.9,Yes,None/Not applicable,1.4,4074.5,3.0,0.0,0.0,Male,2.4,2198.1,48.7,52.5,3.5,2.7,2.2,2.5,20.6,3.8,5460.7,Yes,Employer premises,-8.0,Employed: 100%,LA,Employed
E09000027,Richmond upon Thames,Employed 6,17206,42.2,,None/Not applicable,3.0,2000.1,5.4,1.6,0.9,Male,4.2,1255.4,46.6,52.5,3.6,2.7,2.2,2.6,14.7,4.1,3758.1,Yes,Employer premises,-8.0,Employed: 100%,LA,Employed
E09000027,Richmond upon Thames,Retired 1,10793,75.5,,Christian,1.7,1833.4,0.1,0.0,0.0,Female,1.7,75.9,51.0,44.1,3.7,2.7,2.3,2.6,-4.7,3.9,2651.5,Yes,-8.0,-8.0,Retired: 100%,LA,Retired
E09000027,Richmond upon Thames,Retired 2,312,65.6,,Christian,2.1,2190.4,1.0,1.1,1.0,Male,3.9,937.4,48.1,49.3,3.9,3.1,2.0,2.2,2.4,3.7,5435.1,Yes,-8.0,-8.0,Retired: 100%,LA,Retired
E09000027,Richmond upon Thames,Retired 3,4966,67.9,,None/Not applicable,2.7,1560.4,5.0,0.0,0.0,Female,2.0,879.4,50.9,47.4,3.6,2.8,2.3,2.6,13.8,3.9,3814.6,Yes,Employer premises,-8.0,Retired: 100%,LA,Retired
E09000027,Richmond upon Thames,Retired 4,329,76.5,,Other,3.5,2109.2,0.2,0.0,0.0,Female,1.5,49.1,48.1,37.3,3.8,2.4,2.1,2.6,-4.8,3.7,821.0,Yes,-8.0,-8.0,Retired: 100%,LA,Retired
E09000027,Richmond upon Thames,Retired 5,2317,74.3,,Christian,1.7,5397.4,0.7,0.0,0.0,Male,1.8,372.2,52.5,47.6,3.7,2.8,2.2,2.5,-3.3,3.8,4313.6,Yes,-8.0,-8.0,Retired: 100%,LA,Retired
E09000027,Richmond upon Thames,Retired 6,13073,80.7,,Christian,4.6,1397.1,0.0,0.0,0.0,Female,1.5,1.3,50.2,39.1,3.7,2.6,2.3,2.7,-4.6,3.9,931.3,Yes,-8.0,-8.0,Retired: 100%,LA,Retired
E09000027,Richmond upon Thames,Retired 7,3030,76.6,,Christian,4.1,1387.2,0.1,0.0,0.0,Female,3.6,136.0,48.4,37.8,3.6,2.6,2.3,2.7,-4.4,4.1,1163.0,Yes,-8.0,-8.0,Retired: 100%,LA,Retired
E09000027,Richmond upon Thames,Unemployed,6128,42.8,Yes,None/Not applicable,3.1,733.7,1.5,0.5,0.3,Female,3.2,530.2,40.8,46.8,3.3,2.4,2.2,2.6,3.6,3.5,882.8,No,Employer premises,-8.0,Unemployed: 100%,LA,Unemployed
E09000027,Richmond upon Thames,Student,4113,24.5,,None/Not applicable,2.9,1148.2,3.1,0.1,0.1,Male,3.4,582.9,44.3,55.8,3.3,2.4,2.2,2.7,10.7,3.6,1152.7,No,Employer premises,-8.0,Student / training: 100%,LA,Student
E09000027,Richmond upon Thames,On leave,5072,45.1,,None/Not applicable,2.9,1078.1,1.2,1.4,0.7,Female,3.9,371.2,43.8,49.1,3.5,2.6,2.3,2.6,1.5,3.9,1666.8,Yes,Employer premises,-8.0,On leave: 100%,LA,On leave
E09000027,Richmond upon Thames,Inactive,6020,49.4,,None/Not applicable,3.3,1314.6,1.4,0.3,0.2,Female,2.7,294.9,36.8,36.3,3.3,2.6,2.3,2.8,0.9,3.9,1250.8,Yes,-8.0,-8.0,Inactive: 100%,LA,Inactive
E09000028,Southwark,Employed 1,25941,41.3,Yes,None/Not applicable,1.4,2954.8,3.2,1.6,1.0,Female,3.8,1964.2,46.1,53.8,3.5,2.6,2.2,2.5,22.7,4.0,4215.7,Yes,Employer premises,-8.0,Employed: 100%,LA,Employed
E09000028,Southwark,Employed 2,21221,29.7,,None/Not applicable,2.9,1679.7,6.5,0.0,0.0,Male,3.1,1295.4,44.6,53.7,3.3,2.4,2.1,2.7,23.8,3.7,1677.8,Yes,Employer premises,-8.0,Employed: 100%,LA,Employed
E09000028,Southwark,Employed 3,27400,31.2,Yes,None/Not applicable,1.5,2684.5,2.9,0.0,0.0,Male,2.0,2006.5,44.3,55.3,3.1,2.3,2.3,2.6,25.8,3.6,2806.7,Yes,Employer premises,-8.0,Employed: 100%,LA,Employed
E09000028,Southwark,Employed 4,21828,55.6,,None/Not applicable,4.0,1996.6,6.2,0.0,0.0,Male,2.7,1356.5,49.5,49.6,3.4,2.5,2.2,2.7,19.1,3.6,2459.4,Yes,Employer premises,-8.0,Employed: 100%,LA,Employed
E09000028,Southwark,Employed 5,7918,32.9,,Muslim/Islam,2.2,1788.0,2.3,0.3,0.1,Male,6.3,731.4,46.2,52.0,3.4,2.5,2.3,2.7,17.1,3.4,685.8,Yes,Employer premises,-8.0,Employed: 100%,LA,Employed
E09000028,Southwark,Employed 6,19510,42.2,No,None/Not applicable,3.5,2073.4,6.0,1.7,1.0,Female,3.9,1237.2,46.5,51.3,3.5,2.5,2.2,2.6,16.5,4.0,2879.3,Yes,Employer premises,-8.0,Employed: 100%,LA,Employed
E09000028,Southwark,Employed 7,20792,55.8,,None/Not applicable,1.6,2608.5,3.7,0.0,0.0,Female,2.3,1560.2,48.0,50.7,3.4,2.5,2.2,2.5,20.7,3.7,3928.2,Yes,Employer premises,-8.0,Employed: 100%,LA,Employed
E09000028,Southwark,Employed 8,11908,47.0,Yes,None/Not applicable,1.5,7120.2,2.8,0.7,0.4,Male,3.0,3791.3,49.1,54.3,3.4,2.6,2.2,2.5,26.4,3.7,5112.7,Yes,Employer premises,-8.0,Employed: 100%,LA,Employed
E09000028,Southwark,Employed 9,848,50.5,,Other,2.4,3079.2,4.1,0.3,0.2,Female,2.4,1408.8,46.1,47.6,3.6,2.3,2.2,2.5,18.3,3.6,5314.3,Yes,Employer premises,-8.0,Employed: 100%,LA,Employed
E09000028,Southwark,Retired 1,18393,79.3,,Christian,4.5,1420.2,0.1,0.0,0.0,Female,1.8,4.0,49.8,38.1,3.7,2.5,2.2,2.7,-4.5,3.9,732.2,Yes,-8.0,-8.0,Retired: 100%,LA,Retired
E09000028,Southwark,Retired 2,549,74.7,,Other,4.5,4142.3,0.2,0.0,0.0,Female,1.7,47.0,47.1,35.5,3.7,2.2,2.0,2.7,-6.0,2.5,315.5,No,-8.0,-8.0,Retired: 100%,LA,Retired
E09000028,Southwark,Retired 3,10932,69.7,,None/Not applicable,2.1,2144.2,1.8,0.0,0.0,Male,2.0,485.4,50.3,45.1,3.6,2.7,2.3,2.6,3.5,3.8,3082.0,Yes,-8.0,-8.0,Retired: 100%,LA,Retired
E09000028,Southwark,Retired 4,348,62.5,,Muslim/Islam,3.1,1339.1,2.8,1.5,1.0,Male,3.8,1015.3,53.6,44.1,3.9,3.1,1.9,2.2,10.0,4.1,2051.0,No,Employer premises,-8.0,Retired: 100%,LA,Retired
E09000028,Southwark,Unemployed 1,12313,42.9,,None/Not applicable,3.5,703.7,1.3,0.0,0.0,Male,3.2,374.5,41.3,46.7,3.3,2.2,2.2,2.7,2.7,3.2,471.1,No,Employer premises,-8.0,Unemployed: 100%,LA,Unemployed
E09000028,Southwark,Unemployed 2,3928,39.6,Yes,None/Not applicable,3.2,1063.4,1.6,1.7,1.0,Female,3.8,526.2,42.0,44.4,3.4,2.4,2.2,2.5,6.7,3.5,875.0,No,Employer premises,-8.0,Unemployed: 100%,LA,Unemployed
E09000028,Southwark,Student,9517,25.2,,Christian,3.1,1070.7,2.6,0.1,0.1,Male,3.7,565.6,45.5,55.0,3.3,2.2,2.1,2.7,9.6,3.5,818.5,No,Employer premises,-8.0,Student / training: 100%,LA,Student
E09000028,Southwark,On leave,8461,40.7,,None/Not applicable,3.0,1342.4,1.2,1.5,0.7,Female,3.9,446.0,43.6,48.2,3.4,2.5,2.2,2.7,4.8,3.7,1229.5,Yes,Employer premises,-8.0,On leave: 100%,LA,On leave
E09000028,Southwark,Inactive 1,2940,41.5,,None/Not applicable,3.5,1664.6,1.4,1.6,1.0,Female,3.9,331.4,37.7,35.3,3.4,2.6,2.3,2.9,0.6,3.7,1056.5,Yes,Employer premises,-8.0,Inactive: 100%,LA,Inactive
E09000028,Southwark,Inactive 2,12516,49.1,,None/Not applicable,3.8,1269.8,0.8,0.0,0.0,Female,2.4,156.7,36.1,35.2,3.3,2.5,2.2,2.7,-0.4,4.0,757.7,No,-8.0,-8.0,Inactive: 100%,LA,Inactive
E09000029,Sutton,Employed 1,20537,42.7,No,None/Not applicable,3.4,2033.8,5.6,1.7,1.0,Male,4.0,1263.3,46.4,52.3,3.6,2.7,2.2,2.6,15.1,4.1,3599.1,Yes,Employer premises,-8.0,Employed: 100%,LA,Employed
E09000029,Sutton,Employed 2,15892,27.9,Yes,None/Not applicable,2.6,1813.2,4.8,0.0,0.0,Male,2.9,1368.5,44.5,54.4,3.3,2.5,2.2,2.6,21.9,3.7,2280.2,Yes,Employer premises,-8.0,Employed: 100%,LA,Employed
E09000029,Sutton,Employed 3,22010,43.7,Yes,None/Not applicable,1.6,4183.6,2.8,1.6,1.0,Male,3.9,2529.8,46.8,54.1,3.6,2.8,2.3,2.5,24.8,4.0,5182.1,Yes,Employer premises,-8.0,Employed: 100%,LA,Employed
E09000029,Sutton,Employed 4,21019,57.0,,None/Not applicable,3.9,1938.7,5.8,0.0,0.0,Female,2.6,1242.0,48.9,49.4,3.5,2.7,2.3,2.7,15.8,4.0,3697.8,Yes,Employer premises,-8.0,Employed: 100%,LA,Employed
E09000029,Sutton,Employed 5,17974,52.0,Yes,None/Not applicable,1.6,4150.9,2.9,0.0,0.0,Male,2.5,2344.5,48.0,52.6,3.5,2.7,2.3,2.6,24.1,3.8,5331.1,Yes,Employer premises,-8.0,Employed: 100%,LA,Employed
E09000029,Sutton,Employed 6,582,50.0,,Other,2.4,2922.9,4.1,0.5,0.3,Female,2.8,1525.9,45.9,49.0,3.5,2.6,2.2,2.4,17.3,3.7,4140.4,Yes,Employer premises,-8.0,Employed: 100%,LA,Employed
E09000029,Sutton,Retired 1,8802,73.4,,Christian,1.9,2530.5,0.3,0.0,0.0,Male,1.9,247.1,50.8,44.4,3.7,2.8,2.3,2.6,-3.6,3.9,2992.8,Yes,-8.0,-8.0,Retired: 100%,LA,Retired
E09000029,Sutton,Retired 2,4195,67.7,,None/Not applicable,3.4,1482.3,5.5,0.0,0.0,Male,2.2,875.5,50.5,45.8,3.6,2.9,2.3,2.6,14.4,3.9,3478.9,Yes,Employer premises,-8.0,Retired: 100%,LA,Retired
E09000029,Sutton,Retired 3,335,65.2,,None/Not applicable,3.0,1933.0,1.1,1.1,1.0,Male,3.7,891.2,50.6,43.5,4.0,2.7,1.9,2.3,1.8,3.6,4518.4,Yes,-8.0,-8.0,Retired: 100%,LA,Retired
E09000029,Sutton,Retired 4,21466,79.7,,Christian,4.6,1335.6,0.0,0.0,0.0,Female,1.8,4.3,49.7,38.3,3.7,2.6,2.3,2.7,-4.8,4.0,947.5,Yes,-8.0,-8.0,Retired: 100%,LA,Retired
E09000029,Sutton,Retired 5,370,77.0,,Other,3.9,2424.4,0.2,0.0,0.0,Female,1.7,46.8,46.8,35.8,3.7,2.5,2.1,2.7,-5.1,3.6,1175.7,Yes,-8.0,-8.0,Retired: 100%,LA,Retired
E09000029,Sutton,Unemployed,7464,42.3,Yes,None/Not applicable,3.6,740.5,1.4,0.6,0.3,Female,3.4,424.8,40.8,45.6,3.4,2.4,2.2,2.7,2.6,3.6,811.4,No,Employer premises,-8.0,Unemployed: 100%,LA,Unemployed
E09000029,Sutton,Student,5272,23.0,,None/Not applicable,3.2,1025.3,3.0,0.1,0.0,Male,3.7,476.3,43.9,55.6,3.3,2.4,2.2,2.7,9.3,3.5,806.6,No,Employer premises,-8.0,Student / training: 100%,LA,Student
E09000029,Sutton,On leave,5380,44.5,,None/Not applicable,3.4,1061.4,1.1,1.4,0.7,Female,4.0,349.5,43.6,48.2,3.5,2.7,2.2,2.7,1.5,3.9,1421.4,Yes,Employer premises,-8.0,On leave: 100%,LA,On leave
E09000029,Sutton,Inactive,7572,48.9,,None/Not applicable,3.9,1376.5,1.1,0.4,0.2,Female,2.8,266.7,36.1,34.8,3.4,2.7,2.3,2.8,0.3,4.0,888.1,No,-8.0,-8.0,Inactive: 100%,LA,Inactive
E09000030,Tower Hamlets,Employed 1,19512,29.5,,None/Not applicable,3.1,1658.5,6.5,0.0,0.0,Male,3.2,1278.8,44.2,53.1,3.3,2.4,2.1,2.6,22.8,3.7,1651.6,Yes,Employer premises,-8.0,Employed: 100%,LA,Employed
E09000030,Tower Hamlets,Employed 2,15886,41.7,No,None/Not applicable,3.7,1892.3,5.8,1.8,1.0,Male,4.3,1146.5,45.8,51.1,3.5,2.5,2.2,2.6,15.2,4.0,3189.0,Yes,Employer premises,-8.0,Employed: 100%,LA,Employed
E09000030,Tower Hamlets,Employed 3,27822,33.6,Yes,None/Not applicable,1.5,2669.5,2.9,0.0,0.0,Male,2.0,1932.8,44.2,54.6,3.2,2.3,2.2,2.6,25.3,3.5,2733.7,Yes,Employer premises,-8.0,Employed: 100%,LA,Employed
E09000030,Tower Hamlets,Employed 4,22630,55.3,,None/Not applicable,3.3,2108.3,5.6,0.0,0.0,Male,2.5,1436.0,48.9,49.5,3.4,2.6,2.2,2.6,18.5,3.8,3222.4,Yes,Employer premises,-8.0,Employed: 100%,LA,Employed
E09000030,Tower Hamlets,Employed 5,11448,47.1,Yes,None/Not applicable,1.5,6691.5,2.8,0.6,0.3,Male,2.9,3695.2,48.8,53.7,3.4,2.5,2.2,2.5,28.0,3.5,5091.8,Yes,Employer premises,-8.0,Employed: 100%,LA,Employed
E09000030,Tower Hamlets,Employed 6,8546,32.6,,Muslim/Islam,2.2,1681.3,2.3,0.4,0.1,Male,6.3,843.4,45.3,51.6,3.5,2.4,2.2,2.7,16.4,3.5,1001.1,Yes,Employer premises,-8.0,Employed: 100%,LA,Employed
E09000030,Tower Hamlets,Employed 7,517,47.3,,Other,2.1,2974.1,3.7,0.5,0.3,Male,2.8,1613.7,45.3,48.6,3.5,2.3,2.1,2.4,22.7,3.7,4861.4,Yes,Employer premises,-8.0,Employed: 100%,LA,Employed
E09000030,Tower Hamlets,Employed 8,20631,40.6,Yes,None/Not applicable,1.5,2897.3,3.3,1.7,1.0,Male,3.9,1881.7,45.7,53.0,3.5,2.6,2.2,2.5,23.0,4.0,4328.6,Yes,Employer premises,-8.0,Employed: 100%,LA,Employed
E09000030,Tower Hamlets,Retired 1,257,58.2,,Muslim/Islam,3.9,853.3,0.6,1.3,1.0,Male,3.8,603.3,47.2,35.1,3.7,3.4,1.7,2.3,-1.2,2.6,1775.9,No,-8.0,-8.0,Retired: 100%,LA,Retired
E09000030,Tower Hamlets,Retired 2,14175,78.1,,Christian,4.7,1477.3,0.0,0.0,0.0,Female,1.9,1.4,48.2,36.7,3.7,2.5,2.2,2.7,-4.5,3.9,742.8,Yes,-8.0,-8.0,Retired: 100%,LA,Retired
E09000030,Tower Hamlets,Retired 3,7295,69.8,,None/Not applicable,2.1,2109.4,1.8,0.0,0.0,Male,1.9,454.3,50.0,44.6,3.6,2.8,2.3,2.6,2.8,3.8,3033.2,Yes,-8.0,-8.0,Retired: 100%,LA,Retired
E09000030,Tower Hamlets,Unemployed 1,5391,31.1,,None/Not applicable,2.5,351.5,2.5,0.0,0.0,Male,3.6,540.7,39.4,50.4,3.3,2.3,2.2,2.6,8.2,3.4,718.1,No,Employer premises,-8.0,Unemployed: 100%,LA,Unemployed
E09000030,Tower Hamlets,Unemployed 2,7409,49.6,,Muslim/Islam,4.5,879.0,0.2,0.0,0.0,Female,3.8,127.4,42.1,43.5,3.4,2.2,2.1,2.7,-2.6,3.2,198.8,No,-8.0,-8.0,Unemployed: 100%,LA,Unemployed
E09000030,Tower Hamlets,Unemployed 3,4681,39.8,Yes,Muslim/Islam,3.4,903.3,1.5,1.9,1.0,Female,4.2,527.6,41.9,43.1,3.5,2.3,2.2,2.6,3.9,3.5,475.1,No,Employer premises,-8.0,Unemployed: 100%,LA,Unemployed
E09000030,Tower Hamlets,Student,8273,24.2,,Muslim/Islam,3.1,999.2,2.4,0.1,0.1,Male,3.8,451.1,44.5,54.8,3.3,2.3,2.1,2.7,8.3,3.5,639.5,No,Employer premises,-8.0,Student / training: 100%,LA,Student
E09000030,Tower Hamlets,On leave,9399,41.0,,None/Not applicable,3.4,1114.4,0.9,1.6,0.8,Female,4.4,329.8,44.0,47.2,3.5,2.5,2.2,2.7,1.6,3.7,1009.6,Yes,Employer premises,-8.0,On leave: 100%,LA,On leave
E09000030,Tower Hamlets,Inactive 1,2596,41.4,,None/Not applicable,3.7,1694.7,1.1,1.6,1.0,Female,4.2,312.0,35.5,35.5,3.4,2.5,2.3,2.8,1.0,3.8,1098.8,Yes,Employer premises,-8.0,Inactive: 100%,LA,Inactive
E09000030,Tower Hamlets,Inactive 2,11726,46.3,,None/Not applicable,3.8,1160.2,0.8,0.0,0.0,Female,2.5,144.2,34.9,35.9,3.3,2.5,2.2,2.7,-0.7,4.0,590.1,No,-8.0,-8.0,Inactive: 100%,LA,Inactive
E09000031,Waltham Forest,Employed 1,16133,55.3,,None/Not applicable,1.8,2772.7,3.5,0.0,0.0,Female,2.5,1667.7,48.2,50.7,3.4,2.6,2.2,2.5,20.7,3.8,4319.1,Yes,Employer premises,-8.0,Employed: 100%,LA,Employed
E09000031,Waltham Forest,Employed 2,21465,42.9,No,None/Not applicable,3.7,2009.1,5.7,1.7,1.0,Male,4.0,1181.0,46.8,51.4,3.5,2.6,2.2,2.6,14.6,4.0,3146.8,Yes,Employer premises,-8.0,Employed: 100%,LA,Employed
E09000031,Waltham Forest,Employed 3,23194,41.9,Yes,None/Not applicable,1.6,2845.9,3.2,1.7,1.0,Female,3.8,1896.3,46.0,53.5,3.5,2.7,2.2,2.5,21.6,4.0,4223.7,Yes,Employer premises,-8.0,Employed: 100%,LA,Employed
E09000031,Waltham Forest,Employed 4,700,49.9,,Other,2.6,2930.7,4.0,0.6,0.3,Female,2.8,1386.6,45.9,48.3,3.5,2.4,2.1,2.4,18.6,3.6,3968.0,Yes,Employer premises,-8.0,Employed: 100%,LA,Employed
E09000031,Waltham Forest,Employed 5,16192,31.2,Yes,None/Not applicable,1.7,2622.2,2.9,0.0,0.0,Male,2.0,1942.6,44.5,54.9,3.2,2.3,2.2,2.6,24.8,3.6,2833.6,Yes,Employer premises,-8.0,Employed: 100%,LA,Employed
E09000031,Waltham Forest,Employed 6,15685,28.7,,None/Not applicable,3.1,1658.3,6.6,0.0,0.0,Male,3.4,1277.7,44.5,53.5,3.3,2.5,2.1,2.6,22.2,3.7,1664.2,Yes,Employer premises,-8.0,Employed: 100%,LA,Employed
E09000031,Waltham Forest,Employed 7,21692,56.1,,None/Not applicable,4.1,1994.2,6.1,0.0,0.0,Male,2.7,1332.0,48.9,49.5,3.5,2.6,2.2,2.7,17.3,3.8,2875.7,Yes,Employer premises,-8.0,Employed: 100%,LA,Employed
E09000031,Waltham Forest,Employed 8,11002,47.8,Yes,None/Not applicable,1.8,7161.5,3.0,1.0,0.6,Male,3.5,3783.3,49.2,54.0,3.5,2.6,2.2,2.5,26.6,3.6,5368.4,Yes,Employer premises,-8.0,Employed: 100%,LA,Employed
E09000031,Waltham Forest,Employed 9,6650,35.4,,Muslim/Islam,2.5,1670.3,2.3,0.7,0.2,Male,6.5,777.3,45.6,51.3,3.5,2.5,2.2,2.7,12.6,3.5,1139.0,Yes,Employer premises,-8.0,Employed: 100%,LA,Employed
E09000031,Waltham Forest,Retired 1,8579,73.0,,Christian,2.0,2382.1,0.2,0.0,0.0,Male,1.9,198.9,50.5,43.6,3.7,2.7,2.2,2.6,-3.9,3.8,2598.2,Yes,-8.0,-8.0,Retired: 100%,LA,Retired
E09000031,Waltham Forest,Retired 2,21072,79.1,,Christian,4.8,1345.8,0.0,0.0,0.0,Female,2.0,0.5,49.4,38.0,3.7,2.5,2.2,2.7,-4.6,4.0,829.0,Yes,-8.0,-8.0,Retired: 100%,LA,Retired
E09000031,Waltham Forest,Retired 3,498,76.1,,Other,4.4,3528.4,0.2,0.0,0.0,Female,1.8,50.4,45.9,34.4,3.6,2.3,2.1,2.8,-5.8,2.8,537.8,No,-8.0,-8.0,Retired: 100%,LA,Retired
E09000031,Waltham Forest,Retired 4,392,63.7,,Muslim/Islam,3.5,1441.8,1.1,1.3,1.0,Male,3.8,655.2,50.8,42.0,3.8,2.9,1.9,2.4,1.3,3.5,2944.3,Yes,-8.0,-8.0,Retired: 100%,LA,Retired
E09000031,Waltham Forest,Retired 5,3494,67.8,,None/Not applicable,3.4,1465.5,5.4,0.0,0.0,Male,2.2,874.0,49.6,46.0,3.6,2.8,2.3,2.6,15.9,3.9,3448.7,Yes,Employer premises,-8.0,Retired: 100%,LA,Retired
E09000031,Waltham Forest,Unemployed 1,10486,44.0,,None/Not applicable,3.7,677.3,1.2,0.0,0.0,Male,3.7,289.2,41.7,45.8,3.4,2.2,2.1,2.6,1.3,3.3,578.6,No,Employer premises,-8.0,Unemployed: 100%,LA,Unemployed
E09000031,Waltham Forest,Unemployed 2,4414,41.2,Yes,None/Not applicable,3.3,960.6,1.5,1.9,1.0,Female,4.1,479.0,42.2,43.8,3.4,2.5,2.2,2.5,4.3,3.5,809.2,No,Employer premises,-8.0,Unemployed: 100%,LA,Unemployed
E09000031,Waltham Forest,Student,8408,24.3,,None/Not applicable,3.2,1005.3,2.6,0.1,0.1,Male,3.7,479.6,45.8,54.6,3.3,2.2,2.1,2.7,8.2,3.5,765.2,No,Employer premises,-8.0,Student / training: 100%,LA,Student
E09000031,Waltham Forest,On leave,8763,43.1,,None/Not applicable,3.4,1125.8,0.9,1.5,0.7,Female,4.2,282.3,43.8,47.4,3.5,2.5,2.2,2.7,0.9,3.7,1001.6,Yes,Employer premises,-8.0,On leave: 100%,LA,On leave
E09000031,Waltham Forest,Inactive 1,2609,41.6,,None/Not applicable,3.5,1671.3,1.3,1.7,1.0,Female,3.9,365.6,37.7,36.8,3.4,2.6,2.3,2.9,0.9,3.8,1098.9,Yes,Employer premises,-8.0,Inactive: 100%,LA,Inactive
E09000031,Waltham Forest,Inactive 2,9850,48.7,,None/Not applicable,3.9,1220.8,0.9,0.0,0.0,Female,2.7,175.2,36.3,35.4,3.3,2.6,2.2,2.7,-0.5,4.0,782.0,No,-8.0,-8.0,Inactive: 100%,LA,Inactive
E09000032,Wandsworth,Employed 1,29650,31.2,Yes,None/Not applicable,1.1,2769.1,3.0,0.0,0.0,Female,2.0,2075.9,44.0,56.2,3.1,2.3,2.3,2.5,26.5,3.7,2948.6,Yes,Employer premises,-8.0,Employed: 100%,LA,Employed
E09000032,Wandsworth,Employed 2,10609,44.5,,None/Not applicable,1.3,6457.5,2.7,1.7,1.0,Male,3.9,3534.3,48.0,54.8,3.6,2.7,2.2,2.5,27.3,3.8,5851.2,Yes,Employer premises,-8.0,Employed: 100%,LA,Employed
E09000032,Wandsworth,Employed 3,13475,41.2,No,None/Not applicable,2.9,2025.2,6.8,1.7,1.0,Female,3.8,1255.3,46.0,52.3,3.5,2.6,2.2,2.6,16.6,4.1,3478.5,Yes,Employer premises,-8.0,Employed: 100%,LA,Employed
E09000032,Wandsworth,Employed 4,12803,46.5,Yes,None/Not applicable,1.4,6596.8,2.8,0.0,0.0,Male,2.2,3444.4,48.3,54.6,3.3,2.4,2.2,2.5,24.5,3.4,5052.6,Yes,Employer premises,-8.0,Employed: 100%,LA,Employed
E09000032,Wandsworth,Employed 5,799,50.4,,Other,2.1,2919.7,3.9,0.4,0.3,Female,2.4,1679.4,47.5,48.7,3.5,2.4,2.2,2.4,17.3,3.7,4067.9,Yes,Employer premises,-8.0,Employed: 100%,LA,Employed
E09000032,Wandsworth,Employed 6,8808,32.7,,Muslim/Islam,2.2,1787.8,3.8,0.2,0.1,Female,6.0,982.7,46.3,52.4,3.5,2.6,2.2,2.8,22.2,3.5,1065.7,Yes,Employer premises,-8.0,Employed: 100%,LA,Employed
E09000032,Wandsworth,Employed 7,21552,55.6,,None/Not applicable,1.5,2501.3,3.5,0.0,0.0,Female,2.3,1519.2,48.3,51.2,3.5,2.6,2.2,2.5,18.5,3.7,4414.9,Yes,Employer premises,-8.0,Employed: 100%,LA,Employed
E09000032,Wandsworth,Employed 8,20690,56.5,,None/Not applicable,3.9,2099.9,6.1,0.0,0.0,Male,2.5,1346.2,49.2,49.5,3.5,2.6,2.2,2.7,17.9,3.8,2948.0,Yes,Employer premises,-8.0,Employed: 100%,LA,Employed
E09000032,Wandsworth,Employed 9,9569,41.2,,None/Not applicable,3.7,2573.0,3.3,1.7,1.0,Male,4.0,1564.9,46.6,52.3,3.5,2.7,2.2,2.6,15.7,4.1,4392.4,Yes,Employer premises,-8.0,Employed: 100%,LA,Employed
E09000032,Wandsworth,Employed 10,12066,31.9,,None/Not applicable,3.3,1909.8,3.1,0.0,0.0,Male,2.3,1481.6,45.2,53.5,3.3,2.5,2.2,2.6,22.8,3.6,2262.5,Yes,Employer premises,-8.0,Employed: 100%,LA,Employed
E09000032,Wandsworth,Employed 11,18052,31.0,,None/Not applicable,2.4,1988.1,7.1,0.0,0.0,Female,2.7,1468.0,43.1,54.1,3.3,2.4,2.1,2.7,22.7,3.8,2231.0,Yes,Employer premises,-8.0,Employed: 100%,LA,Employed
E09000032,Wandsworth,Employed 12,22674,41.0,Yes,None/Not applicable,1.2,2573.8,3.1,1.6,1.0,Female,3.7,1757.4,45.9,54.5,3.5,2.7,2.2,2.5,21.1,4.0,4295.3,Yes,Employer premises,-8.0,Employed: 100%,LA,Employed
E09000032,Wandsworth,Retired 1,11742,74.1,,Christian,1.7,2478.3,0.2,0.0,0.0,Female,1.8,138.1,50.7,44.3,3.7,2.7,2.3,2.6,-4.4,3.9,2847.2,Yes,-8.0,-8.0,Retired: 100%,LA,Retired
E09000032,Wandsworth,Retired 2,17670,79.8,,Christian,4.6,1346.2,0.0,0.0,0.0,Female,1.9,2.2,49.9,38.3,3.7,2.6,2.2,2.7,-4.5,4.0,794.2,Yes,-8.0,-8.0,Retired: 100%,LA,Retired
E09000032,Wandsworth,Retired 3,256,62.1,,None/Not applicable,2.5,1894.9,1.6,1.2,1.0,Male,3.9,1248.7,50.2,47.0,3.9,3.1,1.9,2.3,5.5,3.8,4648.0,Yes,Employer premises,-8.0,Retired: 100%,LA,Retired
E09000032,Wandsworth,Retired 4,5047,67.8,,None/Not applicable,2.6,1688.9,5.0,0.0,0.0,Female,2.1,935.6,50.3,47.7,3.6,2.8,2.3,2.6,16.8,3.9,3664.3,Yes,Employer premises,-8.0,Retired: 100%,LA,Retired
E09000032,Wandsworth,Unemployed 1,3404,39.3,Yes,None/Not applicable,3.0,902.9,1.5,1.8,1.0,Female,3.8,754.4,41.2,45.0,3.4,2.4,2.2,2.5,4.2,3.6,797.7,No,Employer premises,-8.0,Unemployed: 100%,LA,Unemployed
E09000032,Wandsworth,Unemployed 2,9850,42.3,,None/Not applicable,3.3,656.4,1.6,0.0,0.0,Male,3.1,489.3,41.1,46.9,3.3,2.2,2.1,2.6,4.9,3.3,628.2,No,Employer premises,-8.0,Unemployed: 100%,LA,Unemployed
E09000032,Wandsworth,Student,7321,25.5,,None/Not applicable,2.9,1237.2,2.8,0.1,0.1,Female,3.3,563.8,45.0,55.5,3.3,2.3,2.2,2.7,10.1,3.6,956.1,No,Employer premises,-8.0,Student / training: 100%,LA,Student
E09000032,Wandsworth,On leave,8936,41.3,,None/Not applicable,2.9,1256.5,1.3,1.5,0.7,Female,3.9,459.9,43.6,49.2,3.5,2.6,2.3,2.7,3.7,3.8,1423.4,Yes,Employer premises,-8.0,On leave: 100%,LA,On leave
E09000032,Wandsworth,Inactive 1,2270,41.6,,None/Not applicable,3.1,1600.8,1.5,1.5,0.9,Female,4.0,372.7,37.1,37.5,3.4,2.6,2.3,2.9,1.5,3.7,1470.6,Yes,-8.0,-8.0,Inactive: 100%,LA,Inactive
E09000032,Wandsworth,Inactive 2,10815,46.2,,None/Not applicable,3.4,1253.9,1.1,0.0,0.0,Female,2.4,223.8,37.0,38.1,3.3,2.5,2.2,2.7,1.3,4.0,917.2,No,-8.0,-8.0,Inactive: 100%,LA,Inactive
E09000033,Westminster,Employed 1,22918,31.2,Yes,None/Not applicable,1.5,2790.7,2.9,0.0,0.0,Male,1.9,2068.5,43.8,55.3,3.1,2.3,2.2,2.6,26.2,3.6,2947.7,Yes,Employer premises,-8.0,Employed: 100%,LA,Employed
E09000033,Westminster,Employed 2,19121,41.6,Yes,None/Not applicable,1.4,2944.0,3.2,1.7,1.0,Male,3.9,1904.9,46.2,53.6,3.5,2.7,2.2,2.5,21.4,4.0,4407.4,Yes,Employer premises,-8.0,Employed: 100%,LA,Employed
E09000033,Westminster,Employed 3,17709,55.4,,None/Not applicable,1.6,2570.5,3.5,0.0,0.0,Male,2.1,1550.9,48.3,51.0,3.4,2.6,2.2,2.6,20.0,3.7,4488.7,Yes,Employer premises,-8.0,Employed: 100%,LA,Employed
E09000033,Westminster,Employed 4,19158,55.3,,None/Not applicable,3.9,2106.8,6.1,0.0,0.0,Male,2.4,1393.5,48.9,49.6,3.5,2.7,2.2,2.7,17.7,3.8,3176.5,Yes,Employer premises,-8.0,Employed: 100%,LA,Employed
E09000033,Westminster,Employed 5,7385,31.8,,Muslim/Islam,2.0,1871.9,2.5,0.2,0.1,Male,6.1,709.5,44.9,52.6,3.4,2.5,2.3,2.6,19.1,3.3,1011.6,Yes,Employer premises,-8.0,Employed: 100%,LA,Employed
E09000033,Westminster,Employed 6,10444,47.2,Yes,None/Not applicable,1.5,7225.3,2.8,0.6,0.4,Male,2.8,3834.1,48.9,53.8,3.5,2.5,2.2,2.5,26.8,3.5,4941.3,Yes,Employer premises,-8.0,Employed: 100%,LA,Employed
E09000033,Westminster,Employed 7,14014,42.4,No,None/Not applicable,3.5,2085.3,5.7,1.7,1.0,Male,4.0,1201.9,45.9,51.3,3.5,2.6,2.2,2.6,14.8,4.1,3518.1,Yes,Employer premises,-8.0,Employed: 100%,LA,Employed
E09000033,Westminster,Employed 8,15197,29.4,,None/Not applicable,2.9,1666.0,6.5,0.0,0.0,Male,2.9,1321.7,43.8,52.9,3.3,2.5,2.2,2.6,22.1,3.6,1930.1,Yes,Employer premises,-8.0,Employed: 100%,LA,Employed
E09000033,Westminster,Employed 9,642,50.5,,Other,2.2,2798.9,4.0,0.3,0.2,Female,2.2,1532.1,46.5,48.4,3.5,2.4,2.1,2.4,16.9,3.6,4285.2,Yes,Employer premises,-8.0,Employed: 100%,LA,Employed
E09000033,Westminster,Retired 1,12529,73.4,,Christian,1.8,2309.4,0.2,0.0,0.0,Male,1.8,139.3,50.0,43.1,3.7,2.7,2.2,2.6,-4.4,3.8,2680.0,Yes,-8.0,-8.0,Retired: 100%,LA,Retired
E09000033,Westminster,Retired 2,18378,79.7,,Christian,4.6,1416.7,0.0,0.0,0.0,Female,1.7,2.7,49.1,37.4,3.7,2.5,2.2,2.7,-4.5,3.9,801.7,Yes,-8.0,-8.0,Retired: 100%,LA,Retired
E09000033,Westminster,Retired 3,142,64.0,,None/Not applicable,3.1,1713.8,1.2,1.2,1.0,Male,3.6,713.6,49.7,39.3,3.9,2.9,1.8,2.1,1.5,3.7,2684.5,Yes,-8.0,-8.0,Retired: 100%,LA,Retired
E09000033,Westminster,Retired 4,459,76.4,,Other,3.9,2626.0,0.2,0.0,0.0,Female,1.6,54.4,47.4,36.3,3.7,2.2,2.1,2.6,-5.3,3.3,545.0,No,-8.0,-8.0,Retired: 100%,LA,Retired
E09000033,Westminster,Retired 5,3951,68.3,,None/Not applicable,2.7,1481.2,5.3,0.0,0.0,Male,2.1,879.2,49.1,47.6,3.6,2.7,2.3,2.6,17.2,3.8,3250.1,Yes,Employer premises,-8.0,Retired: 100%,LA,Retired
E09000033,Westminster,Unemployed 1,6484,34.9,Yes,None/Not applicable,2.4,395.3,2.9,0.6,0.3,Male,3.5,735.1,39.5,48.3,3.3,2.5,2.1,2.5,8.9,3.5,866.0,No,Employer premises,-8.0,Unemployed: 100%,LA,Unemployed
E09000033,Westminster,Unemployed 2,7024,50.0,,None/Not applicable,4.0,1102.2,0.2,0.4,0.2,Female,3.3,150.6,42.0,43.5,3.4,2.2,2.1,2.6,-3.0,3.1,574.8,No,-8.0,-8.0,Unemployed: 100%,LA,Unemployed
E09000033,Westminster,Student,8084,25.2,,None/Not applicable,2.9,1155.3,2.3,0.1,0.0,Male,3.4,513.3,44.7,54.5,3.3,2.3,2.1,2.7,9.1,3.5,716.4,No,Employer premises,-8.0,Student / training: 100%,LA,Student
E09000033,Westminster,On leave,7339,43.4,,None/Not applicable,3.0,1145.4,1.0,1.4,0.7,Female,3.9,366.8,42.8,46.9,3.5,2.6,2.2,2.7,1.8,3.8,1232.4,Yes,Employer premises,-8.0,On leave: 100%,LA,On leave
E09000033,Westminster,Inactive 1,10379,49.7,,None/Not applicable,3.5,1283.1,0.9,0.0,0.0,Female,2.2,159.4,35.7,35.7,3.3,2.5,2.2,2.8,-0.8,4.0,912.8,No,-8.0,-8.0,Inactive: 100%,LA,Inactive
E09000033,Westminster,Inactive 2,2698,40.8,,None/Not applicable,3.3,1691.6,1.0,1.5,0.9,Female,4.1,294.7,37.0,35.4,3.3,2.6,2.3,3.0,0.3,3.8,1070.3,Yes,Employer premises,-8.0,Inactive: 100%,LA,Inactive
