tribe_label,la_name,size,Derived age at interview,English is not first language,Religion,Highest qualification,Total monthly personal income (gross),Social class (NS-SEC 8),Number of own children in household,Has children,Gender,Household size,Monthly net pay (take-home),Mental health score (SF-12 MCS),Physical health score (SF-12 PCS),Buckner Neighbourhood Cohesion Index,Standard of local services: Public transport,Standard of local services: Shopping,Standard of local services: Leisure,Minutes spent travelling to work,Environmental habit: public transport use,Miles driven in last 12 months,Has use of a car or van,Work location,Main mode of transport to work,Employment status,unit_id,cluster_level,group,gpt_title,gpt_description
Employed 1,City of London,4213,42.9,,None/Not applicable,2.1,2730.4,4.2,0.0,0.0,Male,2.2,1759.6,46.2,52.7,3.3,2.5,2.2,2.6,21.4,3.8,3397.6,Yes,Employer premises,-8.0,Employed: 100%,E09000001,LA,Employed,Mid-Career Urban Dwellers,"This group consists of predominantly male professionals in their early forties, who are employed and have a stable income. With a decent qualification level and a moderate social class ranking, they enjoy a reasonable quality of life but face challenges in mental health and local services satisfaction."
Employed 2,City of London,1603,40.2,,None/Not applicable,2.1,3016.5,4.0,1.5,0.9,Male,4.2,1853.9,46.0,53.2,3.5,2.7,2.2,2.6,19.5,4.0,4395.0,Yes,Employer premises,-8.0,Employed: 100%,E09000001,LA,Employed,Middle-Class Commuter Families,"This group consists of primarily employed men in their early 40s, typically with a first degree and working in lower managerial roles. With a decent monthly income, they maintain a small family unit and rely on public transport, while also showing moderate community cohesion and satisfaction with local services."
Retired 1,City of London,1643,77.4,,Christian,2.9,1926.0,0.0,0.0,0.0,Female,1.7,23.8,50.4,40.6,3.7,2.7,2.3,2.6,-5.0,3.9,1847.3,Yes,-8.0,-8.0,Retired: 100%,E09000001,LA,Retired,Independent Golden Agers,"This group consists of predominantly female retirees, averaging 77 years old, who live alone and enjoy a comfortable income from pensions. They value their independence and have a moderate sense of community, but face challenges with physical health, often relying on public transport and local services that could be improved."
Retired 2,City of London,370,67.4,,None/Not applicable,2.3,1833.8,4.6,0.0,0.0,Male,1.9,927.5,51.2,46.7,3.6,2.8,2.3,2.5,12.4,3.8,3546.6,Yes,Employer premises,-8.0,Retired: 100%,E09000001,LA,Retired,Independent Retired Individuals,"This group consists of older males, averaging 67 years, who are fully retired and live independently, typically in low-density housing. They have a moderate level of education, with a first degree being the most common qualification, and enjoy a decent monthly income, although they face challenges related to physical health."
Unemployed 1,City of London,310,30.9,Yes,None/Not applicable,2.7,488.7,1.9,0.4,0.2,Male,3.5,552.5,38.3,49.6,3.2,2.4,2.3,2.7,8.5,3.4,555.2,No,Employer premises,-8.0,Unemployed: 100%,E09000001,LA,Unemployed,Struggling Urban Individuals,"This group consists primarily of unemployed males around the age of 30, many of whom speak English as a second language. With a moderate level of education and low personal income, they face challenges in mental health and community cohesion, often relying on public transport for mobility."
Unemployed 2,City of London,155,54.6,,None/Not applicable,3.1,1036.3,0.9,0.1,0.1,Male,1.7,634.0,41.3,42.7,3.4,2.3,2.2,2.7,1.7,3.5,700.3,No,Employer premises,-8.0,Unemployed: 100%,E09000001,LA,Unemployed,Disengaged Older Males,"This group comprises primarily unemployed men with an average age of 54.6, reflecting a significant disengagement from the workforce. They experience low mental and physical health scores, indicating challenges in their well-being, and have limited social interaction, evident in their low neighborhood cohesion index. With a modest income and reliance on public transport, they face barriers in accessing local services and community activities."
Student,City of London,334,24.1,,None/Not applicable,3.0,1172.8,3.0,0.0,0.0,Male,3.4,521.4,44.9,55.8,3.3,2.4,2.2,2.6,10.0,3.6,958.5,No,Employer premises,-8.0,Student / training: 100%,E09000001,LA,Student,Urban Student Life,"This group is primarily composed of young, single male students living in shared accommodations. They have a moderate level of qualifications and a low monthly income, relying on public transport for mobility and engaging in community life with a decent sense of neighborhood cohesion."
On leave,City of London,225,39.7,,None/Not applicable,2.9,1248.2,1.3,1.5,0.8,Female,3.9,644.2,42.7,50.1,3.4,2.7,2.2,2.7,5.5,3.9,1564.9,Yes,Employer premises,-8.0,On leave: 100%,E09000001,LA,On leave,Temporary Work Absentees,"This group consists primarily of women aged around 40 who are currently on leave from work, reflecting a strong attachment to their jobs despite their temporary absence. They tend to have higher qualifications and earn a moderate income, but their mental health scores indicate some challenges. With a sizeable household and good access to transportation, they balance family life with career aspirations."
Inactive,City of London,406,46.9,,None/Not applicable,3.3,1384.6,1.3,0.3,0.2,Male,2.4,216.1,36.4,36.6,3.3,2.6,2.3,2.8,-0.2,3.9,1008.1,No,-8.0,-8.0,Inactive: 100%,E09000001,LA,Inactive,Disengaged Urban Dwellers,"This group consists of middle-aged individuals who are currently inactive in the workforce, with a tendency towards lower qualifications and limited income. They face challenges related to mental and physical health, and often experience a sense of detachment from their community, reflected in their moderate neighbourhood cohesion and unsatisfactory local services."
Employed 1,Barking and Dagenham,36754,42.0,Yes,None/Not applicable,2.6,2953.3,4.3,1.7,1.0,Male,4.0,1824.5,46.6,52.6,3.5,2.6,2.2,2.6,19.8,4.0,3889.6,Yes,Employer premises,-8.0,Employed: 100%,E09000002,LA,Employed,Working-Class Commuter Families,"This group consists primarily of employed males around the age of 42, often with a family structure that includes an average of 1.7 children. They have a decent income but face challenges with mental health and local services, reflecting a working-class social status and a reliance on public transport for commuting."
Employed 2,Barking and Dagenham,26046,55.3,Yes,None/Not applicable,3.2,2660.4,4.9,0.0,0.0,Male,2.7,1622.6,48.6,50.0,3.5,2.7,2.2,2.6,19.1,3.9,3876.4,Yes,Employer premises,-8.0,Employed: 100%,E09000002,LA,Employed,Middle-Aged Commuting Workers,"This group consists primarily of middle-aged men around 55 years old who are employed and have no children. They tend to have a moderate level of qualifications and a stable income, but their mental health scores indicate some challenges. Living in a community with average cohesion and local services, they rely on public transport while also having access to a car."
Employed 3,Barking and Dagenham,20734,28.6,Yes,None/Not applicable,2.6,1999.2,4.6,0.0,0.0,Male,3.1,1461.5,44.8,54.1,3.3,2.4,2.2,2.6,22.3,3.6,1991.3,Yes,Employer premises,-8.0,Employed: 100%,E09000002,LA,Employed,Young Urban Professionals,"This group consists of young male professionals, averaging in their late twenties, who are actively employed but tend to have lower social class standings as small employers. Despite their decent income, they face challenges with mental health and reside in a community with moderate cohesion and satisfaction in local services."
Retired 1,Barking and Dagenham,376,76.2,,Other,4.5,3640.0,0.2,0.0,0.0,Female,1.8,62.7,46.7,33.7,3.6,2.3,2.1,2.8,-5.6,2.8,405.1,No,-8.0,-8.0,Retired: 100%,E09000002,LA,Retired,Independent Senior Women,"This group consists of older women, primarily living alone, who have recently retired. They enjoy a stable income and possess moderate qualifications, but face challenges with physical health and local services that are lacking. Their strong community ties help them navigate their daily lives despite limited transport options."
Retired 2,Barking and Dagenham,4966,70.8,,Christian,2.1,2359.4,0.3,0.0,0.0,Male,1.9,264.0,50.2,44.7,3.7,2.8,2.3,2.6,-3.2,3.8,2916.9,Yes,-8.0,-8.0,Retired: 100%,E09000002,LA,Retired,Independent Senior Singles,"This group consists primarily of retired men who enjoy a comfortable lifestyle with a decent income and a high level of education. Despite living alone, they are actively engaged in their communities, though they may have mixed feelings about local services and health, indicating a need for improved support and amenities."
Retired 3,Barking and Dagenham,16092,78.5,,Christian,4.8,1365.3,0.0,0.0,0.0,Female,1.9,2.4,48.8,37.4,3.7,2.6,2.3,2.7,-4.7,4.0,895.1,Yes,-8.0,-8.0,Retired: 100%,E09000002,LA,Retired,Independent Golden Agers,"This group consists primarily of older women, averaging 78.5 years, who are living independently in their retirement. With a moderate income and a strong connection to their Christian faith, they experience a mix of health challenges while enjoying a reasonable level of community cohesion, though they face issues with local services and transport."
Retired 4,Barking and Dagenham,260,61.9,,None/Not applicable,3.9,1591.4,1.0,1.2,1.0,Male,3.5,454.3,49.7,39.2,3.8,3.0,1.9,2.4,-0.4,3.6,2817.7,Yes,-8.0,-8.0,Retired: 100%,E09000002,LA,Retired,Active Older Retirees,"This group consists of relatively young retirees, averaging around 62 years old, who maintain a moderate level of independence and community engagement. With a solid income and a decent social class standing, they often navigate their local environment using public transport while also relying on their own vehicle. Though they enjoy some neighborhood cohesion, their health scores suggest they may face challenges in physical wellbeing."
Retired 5,Barking and Dagenham,2018,66.8,,None/Not applicable,3.8,1367.9,5.7,0.0,0.0,Male,2.2,815.3,50.4,45.6,3.6,2.8,2.3,2.6,15.4,3.9,3271.5,Yes,Employer premises,-8.0,Retired: 100%,E09000002,LA,Retired,Contented Senior Retirees,"This group consists of older males, averaging 67 years, who are comfortably retired without children in their households. They enjoy a modest monthly income and have a decent level of community cohesion, although they report lower satisfaction with local services such as shopping and leisure options."
Unemployed 1,Barking and Dagenham,3461,39.7,Yes,None/Not applicable,3.8,1027.8,1.4,1.8,1.0,Female,4.0,343.8,42.0,43.8,3.4,2.4,2.2,2.6,6.2,3.5,624.7,No,Employer premises,-8.0,Unemployed: 100%,E09000002,LA,Unemployed,Struggling Single Parents,"This group primarily consists of unemployed single mothers, averaging around 40 years old, who often face challenges in both mental and physical health. With limited income and a reliance on public transport, they navigate life with a modest educational background and a strong commitment to their children, while experiencing a relatively low sense of community cohesion."
Unemployed 2,Barking and Dagenham,7417,41.3,,None/Not applicable,3.8,676.8,1.1,0.0,0.0,Male,3.6,252.4,41.1,45.9,3.4,2.3,2.2,2.7,1.7,3.4,503.7,No,Employer premises,-8.0,Unemployed: 100%,E09000002,LA,Unemployed,Struggling Urban Males,"This group consists of predominantly unemployed men in their early forties, living in larger households but lacking children. They face challenges related to both mental and physical health, and experience low income levels, limited access to local services, and a reliance on public transport."
Student,Barking and Dagenham,6967,23.1,,None/Not applicable,3.4,933.6,2.7,0.1,0.0,Male,3.9,445.8,45.4,54.7,3.3,2.3,2.2,2.7,7.4,3.5,728.0,No,Employer premises,-8.0,Student / training: 100%,E09000002,LA,Student,Young Urban Scholars,"This group consists of predominantly young male students living in shared households, with an average age of just over 23. They are largely focused on their education, earning a modest income while navigating a city environment with limited access to personal transport and local services, reflecting a vibrant yet challenging student lifestyle."
On leave,Barking and Dagenham,7044,42.8,,None/Not applicable,3.7,1151.6,0.9,1.6,0.7,Female,4.2,275.9,43.6,47.2,3.5,2.5,2.2,2.7,1.4,3.7,1041.2,Yes,Employer premises,-8.0,On leave: 100%,E09000002,LA,On leave,Temporary Leave Takers,"This group consists primarily of women in their early forties who are currently on leave from work. They tend to have a moderate level of education and experience challenges related to their mental and physical health, while also balancing family life with an average of 1.6 children per household."
Inactive 1,Barking and Dagenham,7334,49.4,,None/Not applicable,4.2,1219.3,0.7,0.0,0.0,Female,2.4,146.9,36.2,34.0,3.4,2.6,2.2,2.8,-1.4,4.1,779.1,No,-8.0,-8.0,Inactive: 100%,E09000002,LA,Inactive,Inactive Urban Dwellers,"This group consists of predominantly middle-aged women living in urban settings without dependent children. They display low levels of physical and mental health, alongside a reliance on public transport due to non-ownership of vehicles, and generally experience limited community engagement and satisfaction with local services."
Inactive 2,Barking and Dagenham,2842,41.1,,None/Not applicable,3.8,1635.1,1.2,1.6,0.9,Female,4.2,302.5,37.1,36.5,3.4,2.6,2.2,2.8,-0.1,3.9,996.2,No,Employer premises,-8.0,Inactive: 100%,E09000002,LA,Inactive,Inactive Urban Caregivers,"This group primarily consists of women around 41 years old who are currently inactive in the workforce, often due to caregiving responsibilities. They tend to have a moderate level of education and face challenges with both mental and physical health. With a small household size and limited income, they rely on local services which are rated as average, reflecting a community that values support but struggles with resources."
Employed 1,Barnet,33298,29.4,Yes,None/Not applicable,2.2,2098.6,4.5,0.0,0.0,Male,2.4,1578.8,44.3,54.6,3.2,2.4,2.2,2.6,22.8,3.7,2520.2,Yes,Employer premises,-8.0,Employed: 100%,E09000003,LA,Employed,Young Urban Wage Earners,"This group consists of primarily young, employed males averaging just under 30 years old, who have a first degree as their highest qualification. They tend to live in households with no children, rely on public transport for commuting, and face moderate community cohesion and local service satisfaction."
Employed 2,Barnet,34293,42.6,No,None/Not applicable,3.2,1996.3,5.4,1.7,1.0,Male,4.0,1179.1,46.5,52.0,3.6,2.6,2.2,2.6,13.8,4.1,3579.1,Yes,Employer premises,-8.0,Employed: 100%,E09000003,LA,Employed,Moderate-Income Family Workers,"This group consists of employed males around their early 40s, typically working in jobs that require some level of education but not necessarily a degree. They maintain a moderate household size with one or two children and experience average levels of physical health, while mental health scores indicate a need for support. Community cohesion is fair, but local services such as transport and shopping could be improved."
Employed 3,Barnet,30746,53.7,Yes,None/Not applicable,1.5,4169.5,3.0,0.0,0.0,Male,2.5,2220.3,48.4,52.2,3.5,2.6,2.2,2.6,21.7,3.8,5204.0,Yes,Employer premises,-8.0,Employed: 100%,E09000003,LA,Employed,Middle-Aged Urban Professionals,"This group consists of predominantly male, middle-aged professionals who are employed and earn a solid monthly income. They typically have a higher education qualification and live in households without children, indicating a lifestyle focused on career and personal development, despite facing some challenges in mental health and local services."
Employed 4,Barnet,38574,43.7,Yes,None/Not applicable,1.4,4157.6,2.8,1.7,1.0,Male,3.9,2461.3,47.1,53.9,3.6,2.7,2.2,2.5,23.0,3.9,4888.2,Yes,Employer premises,-8.0,Employed: 100%,E09000003,LA,Employed,Ambitious Urban Workers,"This group consists of predominantly male, employed individuals in their early forties, often balancing family life with their careers. With high qualifications and a decent income, they experience moderate mental health challenges but enjoy a good standard of physical health. They rely on public transport and are part of a community that values cohesion, despite facing some dissatisfaction with local services."
Employed 5,Barnet,1035,51.3,,Other,2.2,2879.8,4.0,0.6,0.3,Female,2.8,1506.9,46.7,48.8,3.6,2.3,2.2,2.4,16.9,3.6,3837.6,Yes,Employer premises,-8.0,Employed: 100%,E09000003,LA,Employed,Midlife Commuting Professionals,"This group consists of women in their early 50s, predominantly employed in lower managerial roles. They enjoy a comfortable income but face moderate mental and physical health challenges, and they rely on public transport for commuting, reflecting a balance between professional commitments and community engagement."
Employed 6,Barnet,31781,57.4,,None/Not applicable,3.7,1947.8,5.8,0.0,0.0,Male,2.6,1222.7,49.0,49.3,3.5,2.7,2.2,2.6,15.6,3.9,3470.8,Yes,Employer premises,-8.0,Employed: 100%,E09000003,LA,Employed,Middle-Aged Male Workers,"This group consists primarily of middle-aged men around 57 years old who are fully employed, typically in lower supervisory roles. They have a moderate income and are likely to live in households without children, highlighting a focus on work and personal lifestyle. Although their health scores are average, they experience some challenges with local services and community cohesion."
Employed 7,Barnet,11551,32.0,,Muslim/Islam,2.5,1707.7,3.8,0.3,0.1,Male,6.0,926.5,45.8,52.2,3.5,2.5,2.2,2.7,17.7,3.5,1303.3,Yes,Employer premises,-8.0,Employed: 100%,E09000003,LA,Employed,Young Islamic Professionals,"This group consists mainly of young Muslim men in their early thirties, who are employed and living in larger households. They have a moderate level of qualifications and earn a decent income, but their mental health scores indicate some challenges. Community cohesion is notable, although local services like shopping and public transport could be improved."
Retired 1,Barnet,19251,74.8,,Christian,1.8,2453.7,0.2,0.0,0.0,Male,1.9,148.5,50.6,43.3,3.7,2.7,2.3,2.6,-4.6,3.9,2698.1,Yes,-8.0,-8.0,Retired: 100%,E09000003,LA,Retired,Affluent Senior Citizens,"This group consists primarily of retired males averaging 74.8 years old, enjoying a comfortable lifestyle with a high level of education and income. Despite living alone, they maintain a moderate sense of community, though they face some challenges with physical health and local services."
Retired 2,Barnet,7457,68.5,,None/Not applicable,2.9,1574.9,5.1,0.0,0.0,Male,2.2,859.0,49.7,46.9,3.6,2.8,2.3,2.6,14.0,3.9,3597.8,Yes,Employer premises,-8.0,Retired: 100%,E09000003,LA,Retired,Active Older Retirees,"This group consists of older adults who are enjoying their retirement while maintaining an active lifestyle. With a decent income and a mix of good and fair health, they seek to engage with their community, although they express some dissatisfaction with local services. They typically have no children at home and rely on public transport, reflecting a balance between independence and community involvement."
Retired 3,Barnet,660,76.8,,Other,4.0,2728.9,0.2,0.0,0.0,Female,1.7,46.2,47.1,35.6,3.7,2.4,2.2,2.8,-5.5,3.3,750.8,No,-8.0,-8.0,Retired: 100%,E09000003,LA,Retired,Independent Senior Women,"This group consists of predominantly female retirees, averaging around 77 years old, who live alone and have a modest income. Despite lower physical health scores, they maintain a connection to their community with a decent level of neighbourhood cohesion, although they face challenges with local services and transportation options."
Retired 4,Barnet,33500,79.8,,Christian,4.6,1337.0,0.0,0.0,0.0,Female,2.0,4.6,49.3,38.0,3.7,2.5,2.2,2.7,-4.6,4.0,876.4,Yes,-8.0,-8.0,Retired: 100%,E09000003,LA,Retired,Elderly Independent Women,"This group consists of older, retired women with an average age of nearly 80. They tend to have a higher qualification level, though their health scores indicate some challenges, particularly in physical health. While they live independently without children in the household, they experience moderate community cohesion and face some limitations with local services."
Retired 5,Barnet,559,65.8,,None/Not applicable,2.9,1876.2,0.9,1.2,1.0,Male,3.8,742.6,49.1,45.2,4.0,2.8,1.9,2.3,0.4,3.5,4189.0,Yes,-8.0,-8.0,Retired: 100%,E09000003,LA,Retired,Contented Golden Agers,"This group consists of retired males averaging 65.8 years, enjoying a comfortable lifestyle with a decent monthly income. They are well-educated with higher degrees on average, and while their mental and physical health scores are moderate, they still engage in community activities and value neighborhood cohesion."
Unemployed 1,Barnet,5327,41.8,Yes,Muslim/Islam,3.0,1001.1,1.6,1.9,1.0,Female,4.1,513.9,42.0,44.6,3.4,2.6,2.2,2.6,3.1,3.6,1001.9,Yes,Employer premises,-8.0,Unemployed: 100%,E09000003,LA,Unemployed,Struggling Young Families,"This group consists primarily of unemployed Muslim women in their early forties, often raising families with an average of nearly two children. Despite having a moderate level of education, they face challenges in mental and physical health, compounded by limited local services and a reliance on public transport for their daily needs."
Unemployed 2,Barnet,11554,43.5,,None/Not applicable,3.5,651.6,1.4,0.0,0.0,Male,3.5,360.8,41.3,46.1,3.3,2.3,2.2,2.7,2.4,3.4,614.1,No,Employer premises,-8.0,Unemployed: 100%,E09000003,LA,Unemployed,Struggling Unemployed Adults,"This group primarily consists of middle-aged men around 43 years old who are currently unemployed and facing significant financial challenges, with a low monthly income and no children. Their mental and physical health scores indicate notable struggles, and they live in an area with limited local services and community cohesion."
Student,Barnet,11446,24.0,,None/Not applicable,3.1,1067.6,2.8,0.1,0.0,Male,3.7,471.2,44.6,54.8,3.3,2.3,2.2,2.7,9.4,3.5,699.1,No,Employer premises,-8.0,Student / training: 100%,E09000003,LA,Student,Young Academic Explorers,"This group primarily consists of students in their early twenties, often living in shared households. With an average qualification level of other higher education, they are engaged in learning and training, yet face challenges related to income and mental health, making them distinctively focused on their academic and social experiences."
On leave,Barnet,11084,44.3,,None/Not applicable,3.1,1047.4,1.0,1.5,0.7,Female,4.1,319.0,43.7,47.9,3.5,2.6,2.2,2.7,1.0,3.8,1239.0,Yes,Employer premises,-8.0,On leave: 100%,E09000003,LA,On leave,Temporary Leave Takers,"This group comprises primarily female individuals averaging 44 years old who are currently on leave from work. With a solid social class standing and a moderate level of education, they exhibit challenges in mental and physical health, alongside a significant reliance on local services that are rated below average. Despite their temporary status, they maintain a family-oriented lifestyle with an average of 1.5 children in the household."
Inactive,Barnet,14481,47.9,,None/Not applicable,3.5,1336.8,1.1,0.4,0.2,Female,2.9,261.3,36.6,35.6,3.3,2.6,2.2,2.8,0.5,3.9,1011.5,Yes,-8.0,-8.0,Inactive: 100%,E09000003,LA,Inactive,Inactive Urban Dwellers,"This group primarily consists of inactive individuals, averaging 48 years old, with low monthly personal incomes and a moderate level of education. They experience significant challenges with both mental and physical health, and while they have access to local transport, they express dissatisfaction with available services in their community."
Employed 1,Bexley,599,49.2,,Other,2.7,2771.8,4.3,0.6,0.4,Female,2.9,1498.4,45.1,47.6,3.5,2.7,2.1,2.4,17.2,3.7,3727.8,Yes,Employer premises,-8.0,Employed: 100%,E09000004,LA,Employed,Middle-Aged Urban Professionals,"This group consists primarily of employed women in their late forties, often living in small households. With a decent income and moderate qualifications, they experience average mental and physical health and are somewhat engaged in their communities, although they express dissatisfaction with local services."
Employed 2,Bexley,25442,57.2,,None/Not applicable,4.0,1914.8,5.8,0.0,0.0,Female,2.7,1225.7,48.8,49.4,3.5,2.7,2.3,2.6,15.5,4.0,3724.8,Yes,Employer premises,-8.0,Employed: 100%,E09000004,LA,Employed,Middle-Aged Working Women,"This group consists of employed women with an average age of 57, who have completed A-level qualifications. They enjoy moderate incomes and exhibit decent physical and mental health, but they live in a community with average service satisfaction and cohesion."
Employed 3,Bexley,18553,51.3,Yes,None/Not applicable,1.7,4135.2,3.0,0.0,0.0,Male,2.5,2346.4,48.0,52.8,3.5,2.7,2.3,2.6,24.3,3.9,5311.8,Yes,Employer premises,-8.0,Employed: 100%,E09000004,LA,Employed,Mid-Career Urban Professionals,"This group consists mainly of employed males around their early fifties, typically holding advanced qualifications and working in professional roles. They experience moderate mental health but enjoy decent physical health, and although they have no children in their households, they show a commitment to using public transport for commuting."
Employed 4,Bexley,24544,42.9,Yes,None/Not applicable,1.7,4197.0,2.8,1.7,1.0,Male,3.9,2579.3,46.7,54.3,3.6,2.8,2.3,2.5,24.9,4.0,5126.4,Yes,Employer premises,-8.0,Employed: 100%,E09000004,LA,Employed,Diverse Urban Professionals,"This group consists predominantly of employed males in their early forties, who often use public transport and have a strong reliance on their cars. With a high average qualification and income, they navigate a vibrant urban lifestyle, but their mental health scores indicate some challenges in well-being."
Employed 5,Bexley,18827,27.2,Yes,None/Not applicable,2.9,1709.7,5.0,0.0,0.0,Male,3.1,1292.2,44.6,54.2,3.3,2.5,2.2,2.6,21.4,3.7,2119.9,Yes,Employer premises,-8.0,Employed: 100%,E09000004,LA,Employed,Young Urban Workers,"This group consists of predominantly young, male workers who are employed and live in urban settings. With an average age of 27, they typically earn a modest income while holding a lower-middle social class status, reflecting their emerging career paths. They often rely on public transport for commuting and show moderate levels of mental health, indicating a need for better local services and community support."
Employed 6,Bexley,26614,41.8,No,None/Not applicable,3.6,2057.9,5.6,1.7,1.0,Male,4.0,1303.8,46.4,52.4,3.6,2.7,2.2,2.6,15.5,4.1,3670.5,Yes,Employer premises,-8.0,Employed: 100%,E09000004,LA,Employed,Working-Class Family Men,"This group consists primarily of employed males in their early forties, who support small families with an average of 1.7 children. Despite a moderate income and qualifications, they face challenges in mental health and local services, highlighting a need for community support and improved amenities."
Retired 1,Bexley,418,63.8,,None/Not applicable,3.4,1858.2,0.9,1.2,1.0,Male,3.6,652.3,48.9,41.8,4.0,2.9,1.8,2.3,0.0,3.7,4313.9,Yes,-8.0,-8.0,Retired: 100%,E09000004,LA,Retired,Contented Senior Retirees,"This group consists of older males who have comfortably transitioned into retirement, averaging 63.8 years of age. They enjoy a decent monthly income and have a strong sense of community, evidenced by their high neighbourhood cohesion score, although they face some challenges with physical health."
Retired 2,Bexley,30752,79.7,,Christian,4.7,1334.9,0.0,0.0,0.0,Female,1.9,2.5,49.6,38.3,3.7,2.6,2.3,2.7,-4.8,4.0,980.4,Yes,-8.0,-8.0,Retired: 100%,E09000004,LA,Retired,Independent Senior Women,"This group consists of older, retired women who live alone and typically have a moderate income. With a strong connection to their Christian faith, they enjoy a sense of independence despite facing some health challenges and limited local services."
Retired 3,Bexley,4608,67.2,,None/Not applicable,3.7,1454.1,5.6,0.0,0.0,Male,2.2,821.0,50.4,45.6,3.6,2.9,2.3,2.6,15.0,3.9,3663.6,Yes,Employer premises,-8.0,Retired: 100%,E09000004,LA,Retired,Independent Retired Men,"This group consists of older men, averaging 67 years, who are fully retired and live in households of about two people. They have moderate qualifications and a stable income, but their health scores suggest some challenges, particularly physically. Community ties are present, though local services could be improved to enhance their quality of life."
Retired 4,Bexley,449,77.1,,Other,4.2,2619.4,0.2,0.0,0.0,Female,1.7,43.1,47.4,35.6,3.7,2.5,2.1,2.7,-5.2,3.5,766.4,Yes,-8.0,-8.0,Retired: 100%,E09000004,LA,Retired,Independent Senior Women,"This group consists of independent older women who are enjoying their retirement with a comfortable monthly income. They tend to live alone, with limited community engagement and average local services, but still maintain a degree of autonomy and mobility."
Retired 5,Bexley,10006,72.7,,Christian,2.1,2484.3,0.3,0.0,0.0,Male,1.9,251.0,51.1,44.4,3.7,2.8,2.3,2.6,-3.5,3.9,3041.0,Yes,-8.0,-8.0,Retired: 100%,E09000004,LA,Retired,Independent Senior Gentlemen,"This group consists of mostly retired men averaging 72 years old, who enjoy a stable income and possess a good level of education, typically holding at least a first degree. They live independently, have no children at home, and report moderate health levels, indicating they lead relatively active lifestyles despite some physical challenges."
Unemployed,Bexley,9056,41.0,Yes,None/Not applicable,3.7,740.2,1.4,0.5,0.3,Female,3.4,402.7,41.0,45.7,3.3,2.4,2.2,2.7,3.5,3.6,818.9,No,Employer premises,-8.0,Unemployed: 100%,E09000004,LA,Unemployed,Struggling Urban Unemployed,"This group consists mostly of unemployed individuals, primarily women, with an average age of 41. They face significant challenges, including lower qualifications and poor mental and physical health scores, along with a reliance on public transport in a community with limited local services."
Student,Bexley,7708,22.7,,None/Not applicable,3.3,965.0,3.1,0.1,0.0,Female,3.7,459.4,43.9,56.0,3.3,2.4,2.2,2.7,9.1,3.5,909.7,No,Employer premises,-8.0,Student / training: 100%,E09000004,LA,Student,Young Urban Scholars,"This group is primarily composed of young students, averaging just under 23 years old, who are navigating their academic journey in urban settings. They have a moderate level of qualifications and a low income, reflecting their focus on education rather than full-time employment. With a notable reliance on public transport and minimal community ties, they are distinctly characterized by their transient lifestyle and dedication to their studies."
On leave,Bexley,6737,43.8,,None/Not applicable,3.6,1090.2,1.2,1.5,0.7,Female,4.0,341.7,43.7,48.1,3.5,2.7,2.2,2.7,1.6,3.9,1379.0,Yes,Employer premises,-8.0,On leave: 100%,E09000004,LA,On leave,Temporary Leave Caregivers,"This group primarily consists of women around 44 years old who are currently on leave from work, often to care for their children. They tend to have higher qualifications than the average population but face challenges in mental and physical health, indicating a need for support. With a moderate sense of community and limited satisfaction with local services, they navigate the complexities of caregiving while managing their own well-being."
Inactive,Bexley,9057,48.1,,None/Not applicable,4.0,1343.5,1.0,0.4,0.2,Female,2.9,247.0,36.2,35.0,3.4,2.7,2.3,2.8,-0.1,4.1,888.8,No,-8.0,-8.0,Inactive: 100%,E09000004,LA,Inactive,Inactive Urban Dwellers,"This group consists primarily of middle-aged women who are currently inactive in the workforce and live in urban environments. They have a modest income and lower qualifications, experiencing challenges in both physical and mental health, while relying heavily on public transport for mobility."
Employed 1,Brent,9305,34.9,,Muslim/Islam,2.4,1673.9,2.1,0.6,0.2,Male,6.5,800.4,45.6,51.3,3.5,2.4,2.2,2.7,13.7,3.5,1115.1,Yes,Employer premises,-8.0,Employed: 100%,E09000005,LA,Employed,Young Urban Professionals,"This group consists of young, predominantly male professionals with a solid educational background, holding first degrees on average. They enjoy a moderate income and have a good standard of living, but face challenges in mental health and neighborhood cohesion, reflecting a need for stronger community support and better local services."
Employed 2,Brent,29242,57.8,,None/Not applicable,3.6,2067.2,5.8,0.0,0.0,Male,2.9,1336.1,49.1,49.3,3.5,2.4,2.1,2.6,19.6,3.7,2481.0,Yes,Employer premises,-8.0,Employed: 100%,E09000005,LA,Employed,Middle-Aged Commuter Workers,"This group consists of mostly male, employed individuals averaging 57.8 years old, living in small households without children. They earn a moderate income and have a fair level of education, yet report average mental and physical health scores, indicating some challenges in well-being amidst their daily commuting routines."
Employed 3,Brent,28427,40.6,Yes,None/Not applicable,1.5,2645.1,2.9,0.0,0.0,Female,2.2,1846.1,46.1,53.6,3.3,2.4,2.2,2.6,23.7,3.6,3134.0,Yes,Employer premises,-8.0,Employed: 100%,E09000005,LA,Employed,Young Urban Professionals,"This group consists primarily of employed women around the age of 40, often with higher education qualifications. They experience moderate mental health scores, live in households without children, and show a strong reliance on public transport for commuting, despite having access to a car. Their community ties are moderate, and they report average satisfaction with local services."
Employed 4,Brent,13311,50.1,,None/Not applicable,1.7,7045.6,3.1,0.8,0.5,Male,3.5,3549.8,49.6,52.9,3.5,2.5,2.1,2.5,26.4,3.5,5362.1,Yes,Employer premises,-8.0,Employed: 100%,E09000005,LA,Employed,Mid-Career Urban Workers,"This group consists of employed individuals averaging around 50 years old, predominantly male, who enjoy a high level of education with an average highest qualification of a higher degree. They have a solid monthly income and tend to live in households with a moderate size, indicating stability, yet they face challenges in local service satisfaction and mental health."
Employed 5,Brent,22625,44.2,No,None/Not applicable,3.6,1954.6,5.9,1.7,1.0,Male,4.2,1122.7,47.2,50.9,3.6,2.5,2.2,2.6,15.3,4.0,2963.5,Yes,Employer premises,-8.0,Employed: 100%,E09000005,LA,Employed,Middle-Class Commuters,"This group is characterized by employed males in their mid-40s, earning a decent income while managing a household with children. They enjoy moderate physical health, but their mental health scores indicate room for improvement, reflecting the pressures of balancing work and family life in a community with average local services."
Employed 6,Brent,26708,42.7,Yes,None/Not applicable,1.5,2786.1,3.3,1.7,1.0,Male,3.9,1814.5,46.5,52.7,3.5,2.5,2.2,2.5,21.3,3.9,3556.3,Yes,Employer premises,-8.0,Employed: 100%,E09000005,LA,Employed,Diverse Urban Workers,"This group consists mainly of employed males around their early forties, with a significant number speaking English as a second language. They have a solid education background, earning a decent monthly income while residing in households with an average of nearly four members, navigating moderate local services and community cohesion."
Employed 7,Brent,1005,52.5,,Other,2.4,2919.7,4.1,0.5,0.3,Female,2.8,1240.0,47.8,49.3,3.6,2.1,2.1,2.4,17.2,3.6,4264.5,Yes,Employer premises,-8.0,Employed: 100%,E09000005,LA,Employed,Middle-Aged Urban Workers,"This group consists primarily of employed women in their early fifties, typically living in small households without children. They enjoy decent incomes and have moderate qualifications, although they face some challenges with their mental and physical health. Community ties are relatively strong, but they express dissatisfaction with local services like public transport and shopping."
Employed 8,Brent,18931,28.6,,None/Not applicable,3.0,1636.9,6.5,0.0,0.0,Male,3.5,1286.3,45.0,53.2,3.3,2.4,2.1,2.6,22.2,3.6,1724.6,Yes,Employer premises,-8.0,Employed: 100%,E09000005,LA,Employed,Young Urban Workers,"This group consists of predominantly young males in their late twenties who are employed and live in a household of around 3.5 people. They have a moderate level of education, with many holding other higher qualifications, and experience average mental health scores, indicating some challenges in wellbeing despite reasonable physical health."
Retired 1,Brent,19777,79.5,,Christian,4.7,1345.4,0.0,0.0,0.0,Female,1.8,1.8,49.3,38.3,3.6,2.5,2.2,2.7,-4.5,4.0,692.8,Yes,-8.0,-8.0,Retired: 100%,E09000005,LA,Retired,Independent Senior Women,"This group consists primarily of retired women, averaging around 79 years old, who live independently without children in the household. They have a modest monthly income and exhibit a mix of physical and mental health challenges, while relying on public transport for mobility in their community."
Retired 2,Brent,11127,74.9,,Christian,1.9,2399.3,0.2,0.0,0.0,Male,1.9,164.7,50.6,42.7,3.7,2.6,2.2,2.6,-3.7,3.7,2251.0,Yes,-8.0,-8.0,Retired: 100%,E09000005,LA,Retired,Affluent Older Males,"This group consists of older retired men, averaging around 75 years old, who have achieved high educational qualifications and hold a prestigious social class status. They enjoy a comfortable monthly income, although they experience some challenges in physical health, reflecting a mix of stability and the typical vulnerabilities of aging."
Retired 3,Brent,692,69.7,,Muslim/Islam,4.0,1059.0,0.8,1.2,1.0,Male,4.0,355.6,51.9,40.6,4.2,2.2,1.6,2.3,-1.4,3.2,1525.3,No,-8.0,-8.0,Retired: 100%,E09000005,LA,Retired,Community-Oriented Retirees,"This group consists of older male retirees, averaging around 70 years old, who maintain a strong sense of community, as indicated by their high neighbourhood cohesion scores. With a modest income and a higher educational background, they are active in their local environment, although they face challenges with local services and physical health."
Retired 4,Brent,4297,76.9,,Muslim/Islam,4.2,1555.6,0.1,0.0,0.0,Female,5.3,10.6,48.1,36.3,3.8,2.0,1.9,2.7,-3.9,3.6,423.5,Yes,-8.0,-8.0,Retired: 100%,E09000005,LA,Retired,Elderly Muslim Matriarchs,"This group consists of retired Muslim women, averaging nearly 77 years old, who maintain a large household size. Despite facing health challenges, they place high value on community cohesion, although they experience limited satisfaction with local services."
Retired 5,Brent,4339,70.1,,None/Not applicable,2.9,1396.2,5.5,0.0,0.0,Male,2.4,990.1,48.7,47.6,3.5,2.6,2.2,2.6,17.7,3.8,2897.8,Yes,Employer premises,-8.0,Retired: 100%,E09000005,LA,Retired,Independent Retired Gentlemen,"This group consists of older men, averaging around 70 years of age, enjoying their retirement with no dependents in their households. They have a moderate education level and experience average health, living in communities with a decent sense of cohesion but facing some challenges with local services."
Unemployed 1,Brent,12812,45.7,,Muslim/Islam,3.6,635.6,1.2,0.0,0.0,Male,4.0,259.2,42.4,45.8,3.4,2.2,2.1,2.7,0.9,3.4,539.4,No,Employer premises,-8.0,Unemployed: 100%,E09000005,LA,Unemployed,Struggling Community Members,"This group primarily consists of unemployed males with an average age of nearly 46, living in larger households. They face significant challenges, reflected in their low mental and physical health scores, and rely heavily on limited local services, contributing to a sense of isolation in their community."
Unemployed 2,Brent,5211,41.8,Yes,Muslim/Islam,3.2,902.4,1.7,2.0,1.0,Female,4.4,498.4,43.5,43.4,3.4,2.4,2.1,2.5,4.3,3.5,839.6,No,Employer premises,-8.0,Unemployed: 100%,E09000005,LA,Unemployed,Struggling Urban Families,"This group consists primarily of unemployed Muslim women in their early forties, living in larger households with an average of 4.4 members. They face challenges with health and local services, and despite their higher education level, they earn a modest income, highlighting their struggle for stability in a community with moderate cohesion."
Student,Brent,10599,24.3,,Muslim/Islam,3.2,1035.5,2.6,0.1,0.1,Male,3.9,434.7,46.3,53.9,3.3,2.2,2.1,2.7,8.2,3.5,615.6,No,Employer premises,-8.0,Student / training: 100%,E09000005,LA,Student,Urban Student Life,"This group consists primarily of young Muslim males, averaging 24 years old, who are fully engaged in their studies. With a focus on higher education and a moderate income, they often rely on public transport and have limited involvement in the local community, reflected in their mental health scores and a relatively low neighbourhood cohesion index."
On leave,Brent,9680,44.6,,Muslim/Islam,3.4,1019.4,0.8,1.5,0.7,Female,4.4,239.0,44.3,47.0,3.5,2.4,2.1,2.7,-0.1,3.7,803.9,Yes,Employer premises,-8.0,On leave: 100%,E09000005,LA,On leave,Islamic Family Caregivers,"This group consists predominantly of Muslim women who are currently on leave from work, often to care for their families. With a modest income and a focus on maintaining household cohesion, they prioritize their children's upbringing while navigating challenges related to mental and physical health."
Inactive 1,Brent,2626,41.7,,None/Not applicable,3.3,1709.2,1.8,1.7,1.0,Female,4.0,570.8,39.0,37.3,3.4,2.8,2.3,2.9,4.3,3.8,1382.8,Yes,Employer premises,-8.0,Inactive: 100%,E09000005,LA,Inactive,Homebound Single Parents,"This group consists primarily of inactive, female single parents averaging 41.7 years old, who tend to focus on raising their one or two children at home. With a relatively low mental and physical health score, they face challenges in their local environment, reflected in modest satisfaction with local services and a reliance on public transport for mobility."
Inactive 2,Brent,10375,49.8,,None/Not applicable,3.8,1231.4,0.9,0.0,0.0,Female,2.9,186.7,36.5,35.0,3.4,2.4,2.1,2.7,0.7,3.9,743.8,No,Employer premises,-8.0,Inactive: 100%,E09000005,LA,Inactive,Inactive Urban Dwellers,"This group primarily consists of middle-aged women living in urban areas, with a significant portion of their population being inactive in the workforce. They tend to have lower qualifications and incomes, alongside challenges in both mental and physical health, reflecting a need for community support and improved local services."
Employed 1,Bromley,32763,57.4,,None/Not applicable,3.9,1953.0,5.8,0.0,0.0,Female,2.6,1210.1,48.9,49.5,3.5,2.8,2.3,2.6,15.6,4.0,3860.9,Yes,Employer premises,-8.0,Employed: 100%,E09000006,LA,Employed,Middle-Aged Commuting Professionals,"This group comprises predominantly employed women around 57 years old, living in smaller households without children. They have moderate qualifications and income levels, indicating stable jobs, but their mental and physical health scores suggest room for improvement, while they rely on public transport and personal vehicles for commuting."
Employed 2,Bromley,908,50.8,,Other,2.4,2893.8,4.1,0.5,0.3,Female,2.8,1583.7,45.9,48.0,3.5,2.6,2.2,2.4,16.2,3.7,3666.9,Yes,Employer premises,-8.0,Employed: 100%,E09000006,LA,Employed,Midlife Urban Professionals,"This group consists mainly of employed women around the age of 51, often living in small households without children. They have a good level of education, earning a decent income, but face some challenges with mental and physical health, and their local services could be improved."
Employed 3,Bromley,29856,52.2,Yes,None/Not applicable,1.6,4110.6,3.0,0.0,0.0,Male,2.4,2305.6,48.0,52.7,3.5,2.7,2.3,2.6,22.7,3.9,5372.3,Yes,Employer premises,-8.0,Employed: 100%,E09000006,LA,Employed,Middle-Aged Urban Professionals,"This group consists of predominantly male, middle-aged individuals who are well-qualified, holding higher degrees on average. They earn a substantial income and tend to live in dual-person households without children, demonstrating a moderate level of community engagement and a reliance on public transport for commuting."
Employed 4,Bromley,31797,42.4,No,None/Not applicable,3.4,2051.8,5.5,1.7,1.0,Female,4.0,1296.7,46.4,52.4,3.6,2.7,2.2,2.6,15.2,4.1,3836.6,Yes,Employer premises,-8.0,Employed: 100%,E09000006,LA,Employed,Working-Class Families,"This group consists predominantly of employed women around their early 40s, often balancing work and family life with an average of 1.7 children per household. They have a moderate level of education and income, and while they face some challenges related to health and local services, they demonstrate a strong commitment to using public transport for their daily commute."
Employed 5,Bromley,35436,43.8,Yes,None/Not applicable,1.5,4207.2,2.8,1.6,1.0,Male,3.9,2554.2,46.9,54.4,3.6,2.8,2.3,2.5,24.6,4.0,5093.7,Yes,Employer premises,-8.0,Employed: 100%,E09000006,LA,Employed,Ambitious Multilingual Professionals,"This group consists of highly educated males, averaging a higher degree qualification, who are actively employed and earn a substantial income. They are characterized by their multilingual abilities, as English is not their first language, and they demonstrate a strong commitment to their families with an average of 1.6 children in their households."
Employed 6,Bromley,24732,27.9,Yes,None/Not applicable,2.6,1824.6,4.8,0.0,0.0,Male,2.9,1366.5,44.3,54.4,3.2,2.5,2.2,2.6,22.1,3.7,2236.3,Yes,Employer premises,-8.0,Employed: 100%,E09000006,LA,Employed,Young Urban Professionals,"This group consists of predominantly young males in their late twenties, who are employed and earning a modest income. They tend to live in smaller households without children, often using public transport for commuting while expressing moderate satisfaction with local services and community cohesion."
Retired 1,Bromley,39898,79.7,,Christian,4.6,1347.4,0.0,0.0,0.0,Female,1.8,3.8,49.7,38.7,3.7,2.6,2.3,2.7,-4.9,4.0,988.9,Yes,-8.0,-8.0,Retired: 100%,E09000006,LA,Retired,Independent Senior Women,"This group comprises predominantly older, retired women living alone, with an average age of nearly 80. They enjoy a modest income and maintain a sense of independence, although they face challenges in physical health and local services. Their community engagement is moderate, reflecting a balance between solitude and social connection."
Retired 2,Bromley,17385,73.5,,Christian,1.9,2557.6,0.2,0.0,0.0,Male,1.9,205.4,50.9,44.6,3.7,2.8,2.3,2.6,-4.1,3.9,3113.9,Yes,-8.0,-8.0,Retired: 100%,E09000006,LA,Retired,Affluent Senior Singles,"This group comprises affluent older males, predominantly retired, living alone in their later years. With high educational qualifications and a substantial income, they enjoy a relatively comfortable lifestyle, although their physical health scores suggest some challenges. Community ties are moderate, and they rely on public transport for mobility, despite having access to a car."
Retired 3,Bromley,7142,67.4,,None/Not applicable,3.3,1475.8,5.3,0.0,0.0,Female,2.1,856.1,50.8,46.5,3.6,2.9,2.3,2.6,13.8,4.0,3650.5,Yes,Employer premises,-8.0,Retired: 100%,E09000006,LA,Retired,Active Older Retirees,"This group consists of mostly retired women averaging 67 years old, enjoying a comfortable monthly income. With moderate health scores and a decent level of community cohesion, they are independent, often utilizing public transport and driving for leisure activities, while having no children in the household."
Retired 4,Bromley,566,63.4,,None/Not applicable,2.7,2195.8,1.0,1.1,1.0,Male,3.6,882.2,49.5,44.4,3.9,3.1,2.0,2.3,1.5,3.8,5385.9,Yes,-8.0,-8.0,Retired: 100%,E09000006,LA,Retired,Affluent Retired Gentlemen,"This group consists of well-off retirees, predominantly males, who have a strong educational background, averaging a first-degree qualification. They enjoy a comfortable lifestyle with a decent monthly income, yet their physical health is somewhat below average. They are part of a cohesive community, utilizing public transport frequently, and maintain a modest household size while remaining actively engaged in their local environment."
Retired 5,Bromley,602,76.8,,Other,3.9,2322.0,0.1,0.0,0.0,Female,1.7,32.0,47.9,36.8,3.6,2.5,2.2,2.7,-5.2,3.6,857.3,Yes,-8.0,-8.0,Retired: 100%,E09000006,LA,Retired,Independent Senior Women,"This group consists of older retired women, averaging nearly 77 years of age, who live alone and have no children in their household. With a solid financial background and a decent level of education, they navigate their retirement independently, although they face challenges with physical health and local services."
Unemployed,Bromley,11000,41.8,Yes,None/Not applicable,3.5,752.6,1.4,0.5,0.3,Female,3.3,435.6,40.7,45.8,3.3,2.4,2.2,2.7,3.0,3.6,886.1,No,Employer premises,-8.0,Unemployed: 100%,E09000006,LA,Unemployed,Struggling Urban Families,"This group comprises predominantly unemployed individuals, with an average age of 41.8 years. They face challenges such as lower mental and physical health scores, reliance on public transport, and limited income, which affects their overall quality of life and community engagement."
Student,Bromley,8365,23.2,,None/Not applicable,3.2,990.3,3.1,0.1,0.0,Male,3.6,506.9,44.2,55.9,3.3,2.4,2.2,2.7,9.4,3.5,974.2,No,Employer premises,-8.0,Student / training: 100%,E09000006,LA,Student,Energetic Young Scholars,"This group consists mainly of young male students averaging around 23 years old, who are deeply engaged in their studies with a moderate level of higher qualifications. They enjoy the vibrancy of a communal lifestyle, living in shared households, and use public transport frequently, reflecting their energetic and mobile lifestyle. Despite facing some challenges with mental health, they actively participate in their academic environment and seek to make the most of their educational experience."
On leave,Bromley,8627,44.7,,None/Not applicable,3.3,1071.7,1.2,1.4,0.7,Female,3.9,351.1,43.6,48.4,3.5,2.7,2.3,2.7,1.6,3.9,1509.9,Yes,Employer premises,-8.0,On leave: 100%,E09000006,LA,On leave,Temporary Leave Residents,"This group consists mainly of women who are currently on leave from their jobs, averaging around 45 years old. They exhibit a strong social class background, but their mental and physical health scores suggest they may be facing challenges, along with a moderate sense of community cohesion in their neighbourhood."
Inactive,Bromley,11801,49.0,,None/Not applicable,3.8,1342.2,1.1,0.4,0.2,Female,2.7,268.0,36.1,35.0,3.4,2.7,2.3,2.8,0.1,4.0,983.3,No,-8.0,-8.0,Inactive: 100%,E09000006,LA,Inactive,Inactive Urban Residents,"This group consists primarily of women in their late 40s who are currently inactive in the workforce. They have a moderate level of education and face challenges with both mental and physical health, which is reflected in their low income and limited engagement with the local community and services."
Employed 1,Camden,8369,31.6,,Muslim/Islam,2.1,1815.2,2.7,0.2,0.1,Male,5.9,840.6,45.3,52.5,3.4,2.5,2.2,2.7,18.9,3.4,1014.8,Yes,Employer premises,-8.0,Employed: 100%,E09000007,LA,Employed,Young Urban Professionals,"This group consists of predominantly young, employed males aged around 31, who are generally well-educated with a first-degree qualification. They live in larger households and rely on public transport for commuting, though they also have access to a vehicle. Despite a decent income, they experience moderate mental health challenges and average satisfaction with local services."
Employed 2,Camden,20632,42.0,Yes,None/Not applicable,1.4,4017.4,2.9,1.6,1.0,Male,3.8,2411.3,46.6,53.9,3.5,2.7,2.2,2.5,23.3,4.0,4908.9,Yes,Employer premises,-8.0,Employed: 100%,E09000007,LA,Employed,Ambitious Multicultural Professionals,"This group comprises employed individuals, primarily male, who are in their early forties and hold high-level qualifications. They typically have a higher-than-average income and are actively engaged in their local communities, despite facing some challenges related to mental health. With a diverse cultural background, they navigate life in a neighbourhood that offers moderate services and community cohesion."
Employed 3,Camden,23004,56.2,,None/Not applicable,3.5,1923.1,5.8,0.0,0.0,Male,2.4,1263.6,48.7,49.2,3.5,2.7,2.2,2.6,16.2,3.9,3462.7,Yes,Employer premises,-8.0,Employed: 100%,E09000007,LA,Employed,Middle-Aged Commuting Workers,"This group consists of middle-aged men, predominantly employed with a moderate income and a mixed educational background. Living in households with no children, they exhibit average mental and physical health scores, and rely on public transport for commuting, although they also own cars for convenience."
Employed 4,Camden,17539,53.2,Yes,None/Not applicable,1.5,4810.5,3.0,0.0,0.0,Male,2.3,2468.4,48.4,52.0,3.4,2.6,2.3,2.6,22.5,3.7,5416.8,Yes,Employer premises,-8.0,Employed: 100%,E09000007,LA,Employed,Working-Class Professionals,"This group is characterized by middle-aged, employed males who are well-qualified, with an average qualification level equivalent to a first degree. They enjoy a relatively high income but live in a community with moderate cohesion and average access to local services. Despite their good employment status, their mental health scores indicate some challenges in well-being."
Employed 5,Camden,18326,41.1,No,None/Not applicable,3.1,1995.5,5.5,1.7,1.0,Male,3.9,1226.9,45.4,52.1,3.5,2.6,2.2,2.6,15.1,4.0,3608.1,Yes,Employer premises,-8.0,Employed: 100%,E09000007,LA,Employed,Working-class commuters,"This group primarily consists of employed males around 41 years old, often living in households with nearly four members. They possess intermediate qualifications and experience moderate mental health, alongside a reliance on public transport for commuting, despite having access to a car."
Employed 6,Camden,27719,32.6,Yes,None/Not applicable,1.5,2591.5,2.9,0.0,0.0,Male,2.0,1917.9,44.0,55.0,3.1,2.4,2.2,2.6,24.8,3.5,2876.4,Yes,Employer premises,-8.0,Employed: 100%,E09000007,LA,Employed,Young Urban Professionals,"This group consists of predominantly young, employed males who are well-educated, with a high average qualification level. They earn a decent income and tend to live in smaller households without children. Despite their professional status, they face some challenges with mental health and report moderate satisfaction with local services."
Employed 7,Camden,700,49.9,,Other,2.1,2992.5,4.0,0.4,0.2,Female,2.4,1630.4,46.0,48.6,3.5,2.4,2.2,2.4,18.3,3.6,4364.3,Yes,Employer premises,-8.0,Employed: 100%,E09000007,LA,Employed,Mid-Career Urban Workers,"This group consists mainly of employed females around 50 years old, with a strong educational background reflected in their higher degree qualifications. They exhibit moderate mental and physical health scores, live in households with a couple of members, and rely on public transport for commuting, highlighting a blend of urban living and professional stability."
Employed 8,Camden,17875,29.2,,None/Not applicable,3.0,1674.0,6.5,0.0,0.0,Male,3.0,1292.5,44.2,53.2,3.3,2.5,2.1,2.6,21.9,3.7,1810.0,Yes,Employer premises,-8.0,Employed: 100%,E09000007,LA,Employed,Young Urban Workers,"This group consists primarily of young, single males in their late twenties who are employed but earn moderate incomes. They tend to live in shared households without children and face challenges with mental health, while relying on public transport for commuting, reflecting a mix of urban lifestyle and emerging independence."
Retired 1,Camden,19427,79.4,,Christian,4.5,1381.3,0.0,0.0,0.0,Female,1.8,1.6,49.2,37.1,3.7,2.6,2.2,2.7,-4.6,4.0,849.3,Yes,-8.0,-8.0,Retired: 100%,E09000007,LA,Retired,Independent Senior Women,"This group consists of older, predominantly female retirees who enjoy a modest income and live alone. With a strong Christian faith, they value community cohesion but face challenges with their physical health, relying on public transport for their daily needs."
Retired 2,Camden,12976,74.3,,Christian,1.8,2419.4,0.1,0.0,0.0,Male,1.8,124.4,50.2,42.9,3.7,2.7,2.3,2.6,-4.8,3.9,2658.5,Yes,-8.0,-8.0,Retired: 100%,E09000007,LA,Retired,Affluent Elderly Gentlemen,"This group consists of well-off retired men, predominantly in their mid-70s, who have achieved the highest educational qualifications and social status. They enjoy a comfortable lifestyle, with a decent income, though they face some challenges with physical health and local services, reflecting their need for better community resources."
Retired 3,Camden,4342,67.6,,None/Not applicable,2.7,1631.7,5.1,0.0,0.0,Male,2.1,877.6,50.1,47.0,3.6,2.8,2.3,2.6,15.2,3.9,3429.0,Yes,Employer premises,-8.0,Retired: 100%,E09000007,LA,Retired,Active Older Retirees,"This group consists of older males, averaging 67.6 years, who enjoy a comfortable retirement with a moderate income. Although they have no children at home, they maintain a reasonable level of community engagement and are likely to utilize local services, even if satisfaction levels are somewhat mixed."
Retired 4,Camden,169,59.8,,None/Not applicable,2.9,1697.1,1.4,1.3,1.0,Male,3.6,950.6,48.4,41.9,3.8,3.3,1.9,2.3,3.2,3.6,3521.3,Yes,-8.0,-8.0,Retired: 100%,E09000007,LA,Retired,Comfortable Retired Males,"This group consists of retired men averaging nearly 60 years old, enjoying a comfortable lifestyle with a monthly income of around £1,700. They tend to have a good education level and belong to a higher social class, but face some challenges with their physical health, indicating a need for community support and local services."
Unemployed 1,Camden,10240,41.0,,None/Not applicable,3.3,671.8,1.4,0.0,0.0,Male,3.2,388.3,40.2,46.3,3.3,2.3,2.2,2.7,3.1,3.3,544.9,No,Employer premises,-8.0,Unemployed: 100%,E09000007,LA,Unemployed,Struggling Urban Unemployed,"This group consists of predominantly middle-aged men who are currently unemployed and facing significant financial challenges, with an average monthly income of just over £670. They have a moderate level of education and live in households with a larger size, but lack any children, indicating a potential focus on personal barriers to employment rather than family responsibilities. Additionally, their mental and physical health scores suggest they may be dealing with various health issues, while the lower ratings of local services point to a lack of community support and resources."
Unemployed 2,Camden,3103,39.6,Yes,None/Not applicable,3.0,1027.2,1.4,1.8,1.0,Female,3.9,538.1,40.4,44.3,3.4,2.5,2.2,2.6,3.0,3.5,787.3,No,Employer premises,-8.0,Unemployed: 100%,E09000007,LA,Unemployed,Struggling Single Parents,"This group consists primarily of unemployed women, often single parents, living in households that are larger than average. With limited financial resources and lower qualifications, they face challenges in accessing local services and maintaining their mental and physical health, while also navigating life in a community with moderate cohesion."
Student,Camden,9365,24.4,,None/Not applicable,3.0,1044.6,2.6,0.1,0.0,Male,3.6,510.4,44.3,55.3,3.3,2.3,2.2,2.7,9.7,3.5,725.7,No,Employer premises,-8.0,Student / training: 100%,E09000007,LA,Student,Young Urban Scholars,"This group primarily consists of young students, averaging just over 24 years old, who are focused on their education and often live in shared households. With a moderate level of qualifications and a low income, they rely heavily on public transport and have limited engagement with family life, as few have children. Their mental health scores indicate a need for support, while their community ties and satisfaction with local services are average."
On leave,Camden,7022,41.7,,None/Not applicable,3.0,1189.4,1.2,1.4,0.7,Female,3.9,419.8,42.8,47.9,3.4,2.6,2.3,2.7,3.0,3.8,1430.4,Yes,Employer premises,-8.0,On leave: 100%,E09000007,LA,On leave,Temporary Caregivers on Leave,"This group primarily consists of women who are currently on leave from work, often balancing responsibilities as caregivers. With a relatively young average age of 41.7, they tend to have a moderate level of education and social class, navigating life with a focus on family while facing challenges in mental and physical health. Their community ties are decent, but they express some dissatisfaction with local services like shopping and public transport."
Inactive 1,Camden,2290,41.0,,None/Not applicable,3.4,1680.9,1.2,1.6,1.0,Female,3.9,316.1,36.4,35.3,3.4,2.6,2.3,2.9,0.6,3.7,1221.4,Yes,Employer premises,-8.0,Inactive: 100%,E09000007,LA,Inactive,Struggling Homebound Families,"This group consists primarily of inactive women, averaging 41 years old, who often manage households with children. Despite having a relatively high educational background, their mental and physical health scores indicate significant challenges, and they experience lower satisfaction with local services, suggesting a need for better community support."
Inactive 2,Camden,11290,48.0,,None/Not applicable,3.5,1242.2,1.1,0.0,0.0,Female,2.4,179.4,35.4,36.0,3.3,2.5,2.2,2.7,-0.4,3.9,889.7,No,-8.0,-8.0,Inactive: 100%,E09000007,LA,Inactive,Inactive Urban Dwellers,"This group consists primarily of middle-aged women who are currently inactive in the workforce and live in smaller households without children. They experience lower mental and physical health scores, and their local services receive moderate ratings, indicating a need for better community support and amenities."
Employed 1,Croydon,38076,43.3,Yes,None/Not applicable,1.5,4065.9,2.8,1.7,1.0,Male,3.9,2495.7,46.9,53.7,3.5,2.7,2.2,2.5,24.7,3.9,4396.7,Yes,Employer premises,-8.0,Employed: 100%,E09000008,LA,Employed,Ambitious Working Families,"This group consists of employed males in their early forties, who are highly educated with an average qualification of a higher degree. They earn a substantial income while balancing work and family life, as indicated by their average of nearly two children in the household. Despite facing some challenges in mental health, they actively engage with their community and rely on public transport for commuting."
Employed 2,Croydon,37074,57.3,,None/Not applicable,3.8,1945.8,5.9,0.0,0.0,Female,2.7,1275.0,49.1,49.3,3.5,2.6,2.2,2.6,18.1,3.8,3025.0,Yes,Employer premises,-8.0,Employed: 100%,E09000008,LA,Employed,Midlife Commuting Professionals,"This group consists of employed females, averaging 57 years old, who enjoy moderate incomes and have a decent level of qualifications. They live in households of nearly three and tend to rely on public transport, although they also own vehicles, reflecting a blend of urban and suburban lifestyles."
Employed 3,Croydon,1251,52.2,,Other,2.4,3061.8,4.1,0.4,0.3,Female,2.7,1454.9,46.8,48.6,3.6,2.4,2.2,2.4,19.8,3.7,4196.6,Yes,Employer premises,-8.0,Employed: 100%,E09000008,LA,Employed,Mid-Career Urban Strivers,"This group consists of employed women in their early 50s with a solid education, holding at least a first degree on average. They enjoy a reasonable income but face challenges with their mental and physical health, reflecting a balance between work and personal life in a community that is moderately cohesive."
Employed 4,Croydon,35501,43.0,No,None/Not applicable,3.4,2015.3,5.7,1.7,1.0,Male,4.0,1236.8,46.7,51.6,3.6,2.6,2.2,2.6,15.9,4.0,3085.7,Yes,Employer premises,-8.0,Employed: 100%,E09000008,LA,Employed,Working-Class Families,"This group consists of employed males in their early 40s, typically earning a modest income and balancing work with family life. They have a moderate level of education, with some qualifications, and exhibit a mixed satisfaction with local services while valuing community cohesion."
Employed 5,Croydon,32380,52.0,Yes,None/Not applicable,1.6,4076.7,2.9,0.0,0.0,Female,2.4,2323.1,48.3,52.3,3.4,2.6,2.2,2.6,24.8,3.7,4628.7,Yes,Employer premises,-8.0,Employed: 100%,E09000008,LA,Employed,Diverse Urban Professionals,"This group consists of employed women around the age of 52, who have advanced qualifications and a strong presence in the workforce. With a diverse background, many speak English as a second language and enjoy a relatively high income, yet face challenges with mental health and community cohesion."
Employed 6,Croydon,32148,28.1,Yes,None/Not applicable,2.6,1728.2,4.7,0.0,0.0,Male,3.1,1334.8,44.8,54.1,3.3,2.4,2.2,2.6,22.1,3.6,1883.0,Yes,Employer premises,-8.0,Employed: 100%,E09000008,LA,Employed,Young International Workers,"This group consists of young, predominantly male employees who have migrated to the UK and are actively engaged in the workforce. With an average qualification level of a first degree, they earn a modest monthly income while navigating life in a new country, often relying on public transport for their daily commute. Despite facing challenges related to mental health and local services, they contribute to the local economy and community."
Retired 1,Croydon,15471,73.8,,Christian,1.9,2431.1,0.3,0.0,0.0,Male,1.9,232.3,50.8,43.7,3.7,2.7,2.2,2.6,-3.5,3.8,2672.2,Yes,-8.0,-8.0,Retired: 100%,E09000008,LA,Retired,Affluent Senior Solitaires,"This group consists of well-educated, retired men averaging 73 years of age, enjoying a comfortable lifestyle with a high monthly income. Although they live alone and have no children, they maintain a decent level of mental health, navigating their community with moderate satisfaction in local services."
Retired 2,Croydon,34354,79.4,,Christian,4.7,1344.3,0.0,0.0,0.0,Female,1.9,3.7,49.8,38.7,3.7,2.5,2.2,2.7,-4.7,3.9,898.1,Yes,-8.0,-8.0,Retired: 100%,E09000008,LA,Retired,Independent Golden Agers,"This group consists of predominantly elderly women, averaging nearly 80 years old, who are financially stable and enjoy a comfortable retirement. Though they live alone, they maintain a sense of independence and utilize public transport, despite facing some challenges with physical health and local services."
Retired 3,Croydon,689,65.2,,None/Not applicable,3.4,1609.6,1.2,1.2,1.0,Male,3.8,706.2,51.1,44.0,4.0,2.7,1.8,2.4,1.5,3.5,3324.6,Yes,-8.0,-8.0,Retired: 100%,E09000008,LA,Retired,Active Retired Professionals,"This group consists of older males who are enjoying their retirement while maintaining a strong connection to their community. They have a good level of education, reflected in their social class, and although they may face some health challenges, they actively participate in local life and rely on public transport for their mobility."
Retired 4,Croydon,881,76.1,,Other,4.3,3759.9,0.1,0.0,0.0,Female,1.8,35.9,46.7,34.7,3.7,2.3,2.1,2.8,-6.0,2.8,506.8,No,-8.0,-8.0,Retired: 100%,E09000008,LA,Retired,Independent Senior Women,"This group consists of retired women with a strong sense of independence, living alone in their later years. Despite facing challenges in physical health, they maintain a decent income and exhibit a moderate level of community engagement, though they have limited access to local services and transport."
Retired 5,Croydon,6358,68.0,,None/Not applicable,3.4,1477.2,5.4,0.0,0.0,Male,2.2,890.8,50.6,45.9,3.6,2.8,2.3,2.6,14.9,3.9,3442.9,Yes,Employer premises,-8.0,Retired: 100%,E09000008,LA,Retired,Active Retirement Enthusiasts,"This group consists of retired males averaging 68 years old who enjoy a moderately active lifestyle. With a decent income and a reasonable standard of living, they are engaged in their communities despite facing some health challenges, particularly physical health. They value local services and transportation options, although they express some dissatisfaction with the current offerings."
Unemployed 1,Croydon,5003,40.7,Yes,None/Not applicable,3.3,964.0,1.6,1.8,1.0,Female,4.0,420.7,41.5,44.3,3.4,2.5,2.2,2.5,5.0,3.6,798.1,No,Employer premises,-8.0,Unemployed: 100%,E09000008,LA,Unemployed,Struggling Urban Families,"This group consists primarily of unemployed women in their early forties, often raising one or more children in households of four. They face challenges with lower qualifications and income, and their mental and physical health scores indicate significant struggles, compounded by limited access to local services and public transport."
Unemployed 2,Croydon,11841,43.5,,None/Not applicable,3.6,651.1,1.3,0.0,0.0,Male,3.4,341.7,41.7,46.3,3.4,2.3,2.2,2.7,2.3,3.5,628.9,No,Employer premises,-8.0,Unemployed: 100%,E09000008,LA,Unemployed,Struggling Urban Males,"This group consists of predominantly unemployed males with an average age of 43.5, lacking children and facing significant financial challenges, as indicated by their low monthly income and take-home pay. They experience poorer mental and physical health scores and live in an area with lower ratings for local services, reflecting the struggles they face in accessing quality resources and support."
Student,Croydon,11187,23.7,,None/Not applicable,3.3,984.9,2.8,0.1,0.1,Female,3.8,482.7,45.5,54.6,3.3,2.3,2.1,2.7,8.6,3.5,708.7,No,Employer premises,-8.0,Student / training: 100%,E09000008,LA,Student,Young Urban Scholars,"This group consists primarily of young students, averaging around 24 years old, who are focused on their education and personal development. With a moderate level of qualifications and a low personal income, they rely heavily on public transport and have a strong sense of community, despite facing challenges with mental health and local services."
On leave,Croydon,10695,43.6,,None/Not applicable,3.4,1110.3,1.0,1.5,0.7,Female,4.1,322.1,44.1,47.8,3.5,2.5,2.2,2.7,1.7,3.8,1119.3,Yes,Employer premises,-8.0,On leave: 100%,E09000008,LA,On leave,Temporary Career Breakers,"This group consists of predominantly female individuals who are currently on leave from work, averaging around 43 years of age. They possess a decent level of education and hold a high social class status, yet their mental and physical health scores indicate some challenges. With a moderate household size and a reliance on local services, they are navigating a transitional phase in their careers while managing family responsibilities."
Inactive 1,Croydon,3634,42.3,,None/Not applicable,3.6,1591.9,1.5,1.5,0.9,Female,4.3,398.1,39.0,37.2,3.4,2.6,2.2,2.8,1.6,3.8,1042.7,Yes,Employer premises,-8.0,Inactive: 100%,E09000008,LA,Inactive,Homebound Family Nurturers,"This group primarily consists of inactive women around their early forties, often managing households with an average of one to two children. They hold moderate qualifications and experience challenges with both mental and physical health, while their community engagement is average and local service satisfaction is low."
Inactive 2,Croydon,11226,50.8,,None/Not applicable,3.9,1277.9,1.1,0.0,0.0,Female,2.4,238.4,36.6,34.5,3.4,2.6,2.2,2.7,1.0,4.0,927.0,No,Employer premises,-8.0,Inactive: 100%,E09000008,LA,Inactive,Inactive Urban Dwellers,"This group consists primarily of middle-aged women who are currently inactive in the workforce. They tend to have moderate educational qualifications and lower personal incomes, combined with significant challenges in both mental and physical health. Living in a community with average cohesion, they face limitations in local services, particularly in shopping and leisure options."
Employed 1,Ealing,28864,29.7,Yes,None/Not applicable,2.2,2117.4,4.5,0.0,0.0,Male,2.4,1603.8,44.2,54.7,3.2,2.4,2.2,2.6,23.5,3.6,2422.7,Yes,Employer premises,-8.0,Employed: 100%,E09000009,LA,Employed,Young Urban Professionals,"This group consists of young employed males, averaging just under 30 years old, who are navigating their early careers in urban settings. With a decent income and a higher education level, they are still establishing their roots, often living in shared households without children, and they rely on public transport for commuting, despite having access to a car."
Employed 2,Ealing,1022,52.2,,Other,2.2,3040.7,4.0,0.5,0.3,Female,2.8,1370.0,47.8,49.6,3.6,2.2,2.2,2.4,18.9,3.7,4333.5,Yes,Employer premises,-8.0,Employed: 100%,E09000009,LA,Employed,Middle-Aged Urban Professionals,"This group consists of employed women around their early fifties, typically holding a first degree and earning a comfortable income. They live in smaller households, often without children, and experience moderate mental and physical health, with a decent level of community cohesion but lower satisfaction with local services."
Employed 3,Ealing,26298,54.1,Yes,None/Not applicable,1.6,4146.4,3.0,0.0,0.0,Male,2.6,2305.8,48.5,51.9,3.4,2.6,2.2,2.6,23.9,3.7,4938.5,Yes,Employer premises,-8.0,Employed: 100%,E09000009,LA,Employed,Middle-Aged Urban Professionals,"This group consists mainly of employed men around the age of 54, with high educational qualifications and a solid monthly income. They tend to live in households without children and have a moderate sense of community, often relying on public transport for commuting, but they also own cars for convenience."
Employed 4,Ealing,30075,57.4,,None/Not applicable,3.7,1992.0,5.9,0.0,0.0,Male,2.8,1326.6,48.9,49.4,3.5,2.5,2.2,2.6,18.7,3.8,2743.8,Yes,Employer premises,-8.0,Employed: 100%,E09000009,LA,Employed,Middle-Aged Commuting Workers,"This group consists primarily of employed males in their late 50s, who have a moderate level of education and work in lower supervisory roles. They experience average mental and physical health scores, live in households of nearly three people, and rely on public transport for commuting despite owning a vehicle. Their community connections are moderate, reflecting a typical experience in suburban settings."
Employed 5,Ealing,31843,43.8,Yes,None/Not applicable,1.4,4169.1,2.8,1.7,1.0,Male,3.9,2501.6,47.2,53.6,3.5,2.6,2.2,2.5,24.3,3.9,4611.7,Yes,Employer premises,-8.0,Employed: 100%,E09000009,LA,Employed,Working-Class Families in Transition,"This group consists of employed individuals, primarily male, in their early 40s, who tend to have higher educational qualifications and moderate incomes. They experience average mental health and have a noticeable reliance on public transport, indicating a blend of urban living and family life, with one or two children at home."
Employed 6,Ealing,32073,43.4,No,None/Not applicable,3.2,1986.2,5.5,1.8,1.0,Male,4.1,1203.0,46.6,51.3,3.6,2.6,2.2,2.6,15.3,4.0,3270.3,Yes,Employer premises,-8.0,Employed: 100%,E09000009,LA,Employed,Struggling Working Families,"This group consists primarily of employed males in their early 40s, often balancing work and family life with an average of nearly two children per household. They face challenges related to mental and physical health, live in areas with moderate community cohesion, and experience some dissatisfaction with local services such as shopping and leisure."
Employed 7,Ealing,12166,32.2,,Muslim/Islam,2.7,1575.5,4.0,0.2,0.1,Male,6.1,957.0,46.0,51.7,3.6,2.6,2.1,2.6,16.7,3.5,1208.0,Yes,Employer premises,-8.0,Employed: 100%,E09000009,LA,Employed,Young Urban Muslim Workers,"This group consists mainly of young, employed Muslim men living in larger households. They have a moderate level of education and a decent income, but face challenges in mental health and local services satisfaction, indicating a need for better community support and resources."
Retired 1,Ealing,14397,75.4,,Christian,1.9,2466.6,0.2,0.0,0.0,Male,1.9,139.6,50.5,42.8,3.7,2.6,2.2,2.6,-4.1,3.8,2379.8,Yes,-8.0,-8.0,Retired: 100%,E09000009,LA,Retired,Affluent Golden Agers,"This group consists of well-educated retirees, averaging 75 years old, who enjoy a comfortable monthly income. Despite living alone, they have a strong sense of community and maintain a reasonable level of mental health, although their physical health could be better."
Retired 2,Ealing,23885,79.5,,Christian,4.6,1319.7,0.0,0.0,0.0,Female,2.3,2.4,49.3,38.4,3.7,2.5,2.2,2.7,-4.5,4.0,746.0,Yes,-8.0,-8.0,Retired: 100%,E09000009,LA,Retired,Elderly Independent Retirees,"This group consists primarily of older women, averaging nearly 80 years of age, who enjoy a modest income and exhibit a strong sense of independence. With a decent level of community cohesion, they rely on public transport for mobility but face challenges in accessing local services, reflecting their unique position within the retired demographic."
Retired 3,Ealing,5899,69.4,,None/Not applicable,3.0,1454.8,5.4,0.0,0.0,Male,2.3,975.3,49.4,47.2,3.5,2.7,2.2,2.6,17.0,3.8,3107.2,Yes,Employer premises,-8.0,Retired: 100%,E09000009,LA,Retired,Active Golden Years,"This group consists of retired males, averaging 69 years old, who maintain a modest level of education and income. With a focus on community cohesion, they navigate their golden years with a mix of public transport and personal vehicle use, despite facing some challenges in physical and mental health."
Retired 4,Ealing,616,76.4,,Other,4.1,3335.1,0.1,0.0,0.0,Female,1.8,19.3,47.5,34.7,3.7,2.3,2.0,2.7,-5.7,2.8,464.8,No,-8.0,-8.0,Retired: 100%,E09000009,LA,Retired,Independent Senior Women,"This group consists of independent elderly women, primarily living alone with no children in the household. Despite their higher average qualifications, they face challenges with physical health, while maintaining a moderate income and showing a good level of community connection."
Retired 5,Ealing,662,68.2,,Muslim/Islam,3.7,1286.7,0.7,1.2,1.0,Male,3.9,504.9,50.6,41.5,4.2,2.3,1.6,2.2,-1.1,3.0,2296.8,No,-8.0,-8.0,Retired: 100%,E09000009,LA,Retired,Community-Oriented Retirees,"This group consists of retired men, averaging 68 years old, who are engaged in their local Muslim community. Despite lower physical health scores, they maintain strong neighborhood ties and demonstrate a preference for public transport, reflecting their commitment to community involvement over personal mobility."
Unemployed 1,Ealing,5059,41.8,Yes,Muslim/Islam,3.2,918.1,1.7,2.0,1.0,Female,4.3,477.2,43.1,43.9,3.4,2.5,2.2,2.5,3.1,3.6,872.6,No,Employer premises,-8.0,Unemployed: 100%,E09000009,LA,Unemployed,Struggling Urban Families,"This group consists primarily of unemployed Muslim women, averaging 41.8 years old, living in households with around 4 members. They face financial challenges, with a low monthly income and limited access to quality local services, while experiencing poorer mental and physical health scores."
Unemployed 2,Ealing,11805,45.9,,Muslim/Islam,3.6,626.8,1.2,0.0,0.0,Male,3.9,300.0,42.3,46.1,3.4,2.2,2.2,2.7,1.5,3.4,583.9,No,Employer premises,-8.0,Unemployed: 100%,E09000009,LA,Unemployed,Struggling Muslim Families,"This group consists primarily of unemployed males with an average age of nearly 46, living in households with multiple members but no children. They face challenges with their mental and physical health, have low income levels, and experience a lack of cohesion in their local community, compounded by poorer local services."
Student,Ealing,9769,24.2,,Muslim/Islam,3.1,1065.5,2.8,0.1,0.1,Male,3.8,453.4,45.3,54.4,3.3,2.3,2.1,2.7,9.1,3.5,747.9,No,Employer premises,-8.0,Student / training: 100%,E09000009,LA,Student,Young Urban Scholars,"This group consists primarily of young male students, averaging around 24 years old, who are engaged in higher education. With a moderate income and a solid qualification level, they tend to live in shared households and rely on public transport for commuting, reflecting a vibrant, urban lifestyle. Their community ties are moderate, indicating a balance between social interactions and academic focus."
On leave,Ealing,10046,44.8,,Muslim/Islam,3.3,991.8,0.8,1.5,0.7,Female,4.4,245.9,44.1,47.5,3.6,2.5,2.1,2.6,-0.1,3.8,1007.1,Yes,Employer premises,-8.0,On leave: 100%,E09000009,LA,On leave,Muslim Mothers on Leave,"This group predominantly consists of Muslim women who are currently on leave from work, typically balancing family responsibilities with a household size of around 4.4. With an average age of 44.8 and a moderate level of education, they often feel a sense of community, yet face challenges with mental and physical health, as well as lower income and satisfaction with local services."
Inactive,Ealing,12673,48.5,,None/Not applicable,3.6,1337.8,1.2,0.3,0.2,Female,3.1,282.4,37.1,35.8,3.4,2.5,2.2,2.7,1.5,3.9,919.9,Yes,Employer premises,-8.0,Inactive: 100%,E09000009,LA,Inactive,Inactive urban dwellers,"This group consists primarily of inactive individuals, averaging 48.5 years of age, with a low mental and physical health score indicating potential challenges. They tend to have no children and report a modest monthly income, reflecting limited engagement in the workforce and reliance on public transport in a community with average local services."
Employed 1,Enfield,44888,42.4,No,None/Not applicable,3.0,2058.2,4.9,1.7,1.0,Female,4.0,1330.5,46.6,52.2,3.5,2.7,2.2,2.6,16.2,4.0,3410.0,Yes,Employer premises,-8.0,Employed: 100%,E09000010,LA,Employed,Working Families on the Go,"This group consists mainly of employed women, typically aged around 42, who balance work and family life with an average of 1.7 children in the household. They have a moderate level of qualifications and income, relying on public transport for commuting, while living in a community that shows decent cohesion but has room for improvement in local services."
Employed 2,Enfield,31537,28.6,Yes,None/Not applicable,2.5,1899.2,4.5,0.0,0.0,Male,3.0,1413.1,44.7,54.2,3.2,2.4,2.2,2.6,22.5,3.6,2157.4,Yes,Employer premises,-8.0,Employed: 100%,E09000010,LA,Employed,Young Urban Professionals,"This group consists primarily of young, employed males who are navigating their careers in urban settings. With a strong focus on professional development, they tend to hold at least a first degree and earn a moderate income, though they face challenges with mental health and community cohesion."
Employed 3,Enfield,927,51.2,,Other,2.5,2916.9,3.9,0.5,0.3,Female,2.7,1406.9,45.9,48.4,3.5,2.4,2.2,2.4,16.2,3.6,4186.0,Yes,Employer premises,-8.0,Employed: 100%,E09000010,LA,Employed,Midlife Urban Professionals,"This group consists of employed women in their early fifties, balancing work and personal life in an urban setting. They have a moderate level of education and earn a decent income, but face some challenges with mental and physical health, reflecting a need for better community support and local services."
Employed 4,Enfield,31908,46.1,Yes,None/Not applicable,1.4,5372.4,2.7,1.1,0.7,Male,3.5,2947.8,47.6,54.0,3.5,2.7,2.2,2.5,26.9,3.8,5031.7,Yes,Employer premises,-8.0,Employed: 100%,E09000010,LA,Employed,Diverse Urban Professionals,"This group is characterized by employed males around middle age, often with higher degrees and a good income. They are likely to be non-native English speakers, living in households with a moderate number of children, and they experience a mixed sense of community and local service satisfaction."
Employed 5,Enfield,41255,57.0,,None/Not applicable,3.3,2191.8,5.1,0.0,0.0,Female,2.6,1348.1,49.0,49.7,3.5,2.7,2.3,2.6,17.8,3.9,3677.8,Yes,Employer premises,-8.0,Employed: 100%,E09000010,LA,Employed,Midlife Commuter Women,"This group consists of employed women in their late 50s who typically have a moderate level of education and work in routine jobs. They have no children at home and enjoy a steady income, but face some challenges with local services and community cohesion."
Retired 1,Enfield,30684,79.6,,Christian,4.7,1336.6,0.0,0.0,0.0,Female,1.9,2.2,49.4,38.0,3.7,2.6,2.3,2.7,-4.7,4.0,889.2,Yes,-8.0,-8.0,Retired: 100%,E09000010,LA,Retired,Independent Senior Women,"This group consists of older, retired women living independently, with an average age of nearly 80. They have a strong sense of community, though they face some challenges regarding local services and health, indicating a need for better support and accessibility in their neighborhoods."
Retired 2,Enfield,5264,67.7,,None/Not applicable,3.4,1440.7,5.4,0.0,0.0,Male,2.2,852.3,50.2,45.8,3.6,2.8,2.3,2.6,14.8,3.9,3447.6,Yes,Employer premises,-8.0,Retired: 100%,E09000010,LA,Retired,Contented Golden Agers,"This group consists of retired men averaging nearly 68 years old, enjoying a comfortable lifestyle with modest income levels. With a lack of dependent children and a reasonable sense of community, they navigate their retirement years with a decent level of physical health and a reliance on public transport for mobility."
Retired 3,Enfield,12682,73.4,,Christian,2.0,2391.4,0.2,0.0,0.0,Male,1.9,225.3,50.7,43.9,3.7,2.7,2.3,2.6,-3.8,3.9,2818.1,Yes,-8.0,-8.0,Retired: 100%,E09000010,LA,Retired,Independent Senior Residents,"This group consists of elderly men, primarily retired and living alone, with an average age of 73.4 years. They enjoy a comfortable income and maintain a moderate level of community engagement, despite facing some challenges in physical health and local service satisfaction."
Retired 4,Enfield,699,76.4,,Other,4.4,3595.9,0.2,0.0,0.0,Female,1.8,43.9,46.2,34.4,3.7,2.4,2.1,2.8,-5.4,2.9,497.0,No,-8.0,-8.0,Retired: 100%,E09000010,LA,Retired,Independent Elderly Women,"This group consists of older, retired women living alone, averaging 76 years of age. They have a low level of formal education and are experiencing significant physical health challenges, yet maintain a stable income. Community ties are moderate, and they rely on public transport, highlighting a potential need for improved local services."
Retired 5,Enfield,568,65.8,,None/Not applicable,3.3,1693.1,0.9,1.2,1.0,Male,3.8,695.7,50.6,44.2,3.9,2.7,1.9,2.4,0.5,3.6,3835.4,Yes,-8.0,-8.0,Retired: 100%,E09000010,LA,Retired,Golden Years Urban Dwellers,"This group consists of older retired males who enjoy a moderate income and a small household size. They have a decent level of education but face some health challenges, all while valuing their community and local services despite mixed satisfaction ratings."
Unemployed 1,Enfield,5246,41.0,Yes,None/Not applicable,3.4,1081.3,1.6,1.9,1.0,Female,4.0,439.2,42.6,44.5,3.4,2.5,2.2,2.6,6.1,3.5,905.0,No,Employer premises,-8.0,Unemployed: 100%,E09000010,LA,Unemployed,Struggling Single Parents,"This group primarily consists of unemployed females, averaging 41 years old, who are navigating the challenges of raising children on a limited income. With an average qualification level indicating some higher education, they face significant mental and physical health struggles, compounded by a lack of reliable transport and lower satisfaction with local services."
Unemployed 2,Enfield,11448,43.0,,None/Not applicable,3.7,664.7,1.2,0.0,0.0,Female,3.5,298.3,41.4,46.4,3.3,2.3,2.2,2.7,1.4,3.5,604.2,No,Employer premises,-8.0,Unemployed: 100%,E09000010,LA,Unemployed,Struggling Single Women,"This group consists primarily of unemployed women in their early 40s living in larger households without children. They face significant financial challenges, with low monthly incomes and poor mental and physical health scores, indicating a need for improved community support and local services."
Student,Enfield,11386,23.4,,None/Not applicable,3.4,1061.3,2.8,0.1,0.0,Male,3.7,463.9,45.1,54.4,3.3,2.2,2.2,2.7,8.4,3.4,656.2,No,Employer premises,-8.0,Student / training: 100%,E09000010,LA,Student,Urban Student Life,"This group consists primarily of young, single male students averaging 23 years old, who are focused on their education and career training. With limited income and no children, they often rely on public transport while living in shared households, contributing to a vibrant yet transient community atmosphere."
On leave,Enfield,10476,43.4,,None/Not applicable,3.4,1124.3,0.9,1.6,0.7,Female,4.1,301.0,43.6,47.7,3.5,2.6,2.2,2.7,1.4,3.8,1221.3,Yes,Employer premises,-8.0,On leave: 100%,E09000010,LA,On leave,In-Between Life Stagers,"This group consists predominantly of women aged around 43, who are currently on leave from work, often balancing family life with personal challenges. With moderate qualifications and a low average income, they experience a mix of mental and physical health scores, indicating some struggles. Their community ties are moderate, and while they have access to transport, satisfaction with local services appears to be low."
Inactive 1,Enfield,10943,49.7,,None/Not applicable,4.1,1228.7,0.9,0.0,0.0,Female,2.5,200.6,36.6,34.6,3.4,2.6,2.2,2.7,0.2,4.0,843.1,No,Employer premises,-8.0,Inactive: 100%,E09000010,LA,Inactive,Inactive Urban Women,"This group consists predominantly of middle-aged women who are currently inactive in the workforce, with an average age of nearly 50. They tend to have lower qualifications and face challenges in both mental and physical health, which are reflected in their modest income and limited engagement with local services. Community cohesion is moderate, indicating a somewhat connected but struggling demographic."
Inactive 2,Enfield,3805,41.0,,None/Not applicable,3.5,1784.2,1.2,1.6,0.9,Female,4.0,385.1,37.3,36.9,3.4,2.7,2.3,2.9,0.8,3.9,1119.3,Yes,Employer premises,-8.0,Inactive: 100%,E09000010,LA,Inactive,Struggling Stay-at-Home Mothers,"This group primarily consists of women aged around 41 who are inactive in the workforce, often due to family responsibilities. They have a moderate education level and experience challenges with mental and physical health, indicating a need for community support and better local services."
Employed 1,Greenwich,5224,34.9,,Muslim/Islam,2.5,1688.8,2.6,0.7,0.2,Male,6.4,930.4,47.0,51.4,3.5,2.5,2.2,2.7,14.4,3.6,1099.6,Yes,Employer premises,-8.0,Employed: 100%,E09000011,LA,Employed,Young Urban Muslim Professionals,"This group comprises predominantly young, employed Muslim men living in a bustling urban environment. With a good level of education and a strong work ethic, they enjoy relatively stable incomes while navigating a supportive community structure, although they face challenges in local services and health outcomes."
Employed 2,Greenwich,22829,41.8,Yes,None/Not applicable,1.6,2843.6,3.2,1.7,1.0,Female,3.8,1919.6,46.3,53.5,3.5,2.7,2.2,2.5,22.2,4.0,4205.1,Yes,Employer premises,-8.0,Employed: 100%,E09000011,LA,Employed,Diverse Urban Workers,"This group consists primarily of employed women, averaging in their early 40s, who tend to have a higher education level. They show a strong commitment to their families, with a moderate number of children, and rely on public transport for commuting, although they also have access to a car. Their community cohesion is reasonable, but they experience some challenges with local services and mental health."
Employed 3,Greenwich,15967,55.5,,None/Not applicable,1.8,2892.9,3.5,0.0,0.0,Female,2.4,1726.6,48.4,51.0,3.5,2.6,2.2,2.5,21.1,3.8,4546.5,Yes,Employer premises,-8.0,Employed: 100%,E09000011,LA,Employed,Middle-Aged Career Women,"This group consists of employed women around the age of 55, who possess higher qualifications and enjoy a stable income. Despite a lack of children in the household, they actively contribute to their communities and utilize public transport, although local services could be improved."
Employed 4,Greenwich,752,50.4,,Other,2.5,2966.6,4.0,0.4,0.3,Female,2.6,1452.2,45.8,47.8,3.6,2.5,2.2,2.5,19.5,3.6,4562.8,Yes,Employer premises,-8.0,Employed: 100%,E09000011,LA,Employed,Midlife Commuter Women,"This group consists of employed women in their early fifties, often without children at home, who enjoy a decent income. They have a moderate level of education and work primarily at their employer's premises, relying on public transport for commuting while also owning a vehicle."
Employed 5,Greenwich,15362,31.2,Yes,None/Not applicable,1.7,2675.7,2.8,0.0,0.0,Male,2.0,1954.0,44.4,55.0,3.2,2.4,2.2,2.6,25.6,3.6,2845.2,Yes,Employer premises,-8.0,Employed: 100%,E09000011,LA,Employed,Young Urban Professionals,"This group consists of young, employed males in their early thirties, often with high qualifications and a solid income. They tend to live in smaller households without children and have a mixed experience of local services, relying on public transport while maintaining a car for convenience."
Employed 6,Greenwich,19742,56.2,,None/Not applicable,4.1,1958.7,6.2,0.0,0.0,Male,2.7,1319.7,49.0,49.4,3.5,2.6,2.2,2.7,17.6,3.8,3004.3,Yes,Employer premises,-8.0,Employed: 100%,E09000011,LA,Employed,Middle-Aged Commuter Males,"This group consists primarily of employed men in their late 50s, living in households with an average size of nearly three. They tend to have lower educational qualifications, are in semi-routine jobs, and have moderate income levels, with a decent reliance on public transport for commuting, despite owning cars."
Employed 7,Greenwich,10462,47.3,Yes,None/Not applicable,1.6,7124.9,2.8,1.0,0.6,Male,3.4,3801.6,48.7,54.5,3.5,2.6,2.2,2.5,27.3,3.7,5482.0,Yes,Employer premises,-8.0,Employed: 100%,E09000011,LA,Employed,Mid-Career Multilingual Professionals,"This group is predominantly male, with an average age of 47, and most have a high level of education, often holding higher degrees. They are employed full-time and enjoy a substantial income, though they face challenges with local services and community cohesion, relying on public transport for their commute."
Employed 8,Greenwich,14404,28.2,,None/Not applicable,3.1,1595.0,6.5,0.0,0.0,Male,3.2,1231.1,45.1,53.8,3.3,2.4,2.1,2.6,22.3,3.7,1654.7,Yes,Employer premises,-8.0,Employed: 100%,E09000011,LA,Employed,Young Urban Strugglers,"This group consists of predominantly young, employed men in their late twenties, living in households with an average size of over three. They have a moderate educational background and face challenges with mental health, while relying on public transport and local services that are rated below average."
Employed 9,Greenwich,18520,42.7,No,None/Not applicable,3.7,2043.9,6.0,1.7,1.0,Male,4.0,1244.6,46.6,51.6,3.5,2.6,2.2,2.6,16.4,4.0,3295.4,Yes,Employer premises,-8.0,Employed: 100%,E09000011,LA,Employed,Working-class families,"This group consists primarily of employed males, averaging just under 43 years old, who typically hold lower managerial or professional positions. With an average monthly income of around £2,043, they manage a household of four, often with one child, but face challenges reflected in their moderate mental health scores and satisfaction with local services."
Retired 1,Greenwich,20250,78.9,,Christian,4.7,1381.2,0.0,0.0,0.0,Female,1.8,2.0,49.4,37.9,3.7,2.5,2.2,2.7,-4.7,3.9,863.4,Yes,-8.0,-8.0,Retired: 100%,E09000011,LA,Retired,Independent Senior Women,"This group primarily consists of retired women averaging nearly 79 years old, living independently with no children in their household. They have a modest income and demonstrate a moderate level of mental health, while their physical health scores indicate some challenges. Despite their independence, they experience average local services and community cohesion."
Retired 2,Greenwich,3390,67.2,,None/Not applicable,3.3,1478.9,5.4,0.0,0.0,Male,2.2,912.2,50.0,46.2,3.6,2.8,2.3,2.6,16.2,3.9,3487.4,Yes,Employer premises,-8.0,Retired: 100%,E09000011,LA,Retired,Active Golden Agers,"This group consists of retired males averaging 67 years old, enjoying a modest income and a decent standard of living. While they have a lower level of physical health, they remain engaged with their community and utilize local services, albeit with some dissatisfaction, reflecting their active lifestyle in retirement."
Retired 3,Greenwich,8805,72.5,,Christian,1.9,2396.1,0.3,0.0,0.0,Male,1.9,243.4,50.8,44.2,3.7,2.7,2.3,2.6,-3.2,3.9,2892.6,Yes,-8.0,-8.0,Retired: 100%,E09000011,LA,Retired,Affluent Elderly Retirees,"This group consists of well-educated, affluent retirees, averaging 72.5 years in age, living independently. With a high level of qualifications and a strong financial background, they enjoy a comfortable lifestyle despite facing some physical health challenges."
Retired 4,Greenwich,367,63.8,,None/Not applicable,3.5,1608.4,1.5,1.3,1.0,Male,3.6,730.9,51.3,41.1,3.8,2.9,2.0,2.3,2.9,3.9,3223.0,Yes,-8.0,-8.0,Retired: 100%,E09000011,LA,Retired,Active Retirees with Roots,"This group consists of well-educated retirees who maintain a strong connection to their community, with a moderate level of neighbourhood cohesion. They enjoy a stable financial situation but face some health challenges, particularly in physical well-being. With a household size larger than average, they often stay engaged with family and local activities."
Retired 5,Greenwich,500,75.4,,Other,4.4,3538.1,0.2,0.0,0.0,Female,1.7,69.8,46.6,36.7,3.7,2.2,2.1,2.7,-5.6,2.8,519.8,No,-8.0,-8.0,Retired: 100%,E09000011,LA,Retired,Independent Senior Women,"This group consists of older women, predominantly retired, who live independently with no children at home. They have a modest income and face challenges related to physical and mental health, while their community ties are moderate, reflecting a need for better local services."
Unemployed 1,Greenwich,3667,40.5,Yes,None/Not applicable,3.4,1009.5,1.5,1.8,1.0,Female,4.0,451.1,41.9,44.4,3.4,2.4,2.2,2.6,5.8,3.5,762.8,No,Employer premises,-8.0,Unemployed: 100%,E09000011,LA,Unemployed,Struggling Urban Families,"This group consists primarily of unemployed individuals, predominantly female, living in larger households with children. They face challenges related to mental and physical health, have limited financial resources, and rely on public transport for mobility, reflecting a need for improved local services and community support."
Unemployed 2,Greenwich,9609,42.7,,None/Not applicable,3.6,673.4,1.3,0.0,0.0,Male,3.4,322.3,41.2,46.4,3.3,2.3,2.2,2.7,2.1,3.4,578.7,No,Employer premises,-8.0,Unemployed: 100%,E09000011,LA,Unemployed,Struggling Urban Males,"This group consists of predominantly unemployed men in their early forties, living in larger households without children. They face significant challenges with mental and physical health, while their low income and reliance on public transport highlight their struggles in accessing opportunities and services in their community."
Student,Greenwich,7757,24.2,,None/Not applicable,3.2,1026.1,2.7,0.1,0.1,Male,3.7,519.2,45.5,55.0,3.3,2.2,2.1,2.7,8.7,3.5,848.4,No,Employer premises,-8.0,Student / training: 100%,E09000011,LA,Student,Urban Student Collective,"This group consists of young, predominantly male students living in urban settings, averaging around 24 years old. They typically have some higher education qualifications and engage heavily in public transport, reflecting their student lifestyle with limited personal income and minimal responsibilities like parenthood."
On leave,Greenwich,7836,42.7,,None/Not applicable,3.4,1194.0,1.0,1.5,0.7,Female,4.1,349.3,43.6,47.6,3.5,2.5,2.2,2.7,2.5,3.7,1145.7,Yes,Employer premises,-8.0,On leave: 100%,E09000011,LA,On leave,Temporary Caregivers on Leave,"This group primarily consists of women who are currently on leave from their jobs, often balancing family responsibilities with their professional lives. They have a moderate level of education and income, and while they face some challenges with mental and physical health, they maintain a connection to their community, although local service satisfaction is relatively low."
Inactive 1,Greenwich,2983,41.7,,None/Not applicable,3.7,1547.1,1.2,1.5,0.9,Female,4.2,300.0,37.4,36.0,3.4,2.6,2.3,2.8,0.0,3.8,1038.0,No,Employer premises,-8.0,Inactive: 100%,E09000011,LA,Inactive,Struggling Inactive Families,"This group is primarily composed of women in their early forties who are inactive in the workforce and live in larger households with children. They face challenges with both mental and physical health, resulting in lower income levels and a reliance on public transport, while experiencing moderate community cohesion and unsatisfactory local services."
Inactive 2,Greenwich,9680,50.0,,None/Not applicable,4.0,1267.5,0.8,0.0,0.0,Female,2.3,168.0,35.9,34.3,3.3,2.6,2.2,2.7,-0.8,4.0,724.9,No,-8.0,-8.0,Inactive: 100%,E09000011,LA,Inactive,Struggling Inactive Women,"This group consists of women around the age of 50 who are currently inactive in the workforce. With limited qualifications and low monthly income, they face challenges related to both mental and physical health, which significantly impact their quality of life and community engagement."
Employed 1,Hackney,22855,31.3,Yes,None/Not applicable,1.5,2713.9,2.9,0.0,0.0,Male,2.0,2030.0,44.2,55.3,3.1,2.3,2.2,2.6,25.6,3.6,2796.5,Yes,Employer premises,-8.0,Employed: 100%,E09000012,LA,Employed,Young Urban Professionals,"This group consists of young, well-educated males who are in stable employment, earning a decent income while living in shared households. They have a good level of higher qualifications but face challenges with mental health and are reliant on public transport in a community with moderate cohesion."
Employed 2,Hackney,16998,42.5,No,None/Not applicable,3.7,2026.9,5.9,1.7,1.0,Male,3.9,1182.6,46.5,51.7,3.5,2.5,2.2,2.6,15.6,4.0,3019.7,Yes,Employer premises,-8.0,Employed: 100%,E09000012,LA,Employed,Middle-Class Commuters,"This group predominantly consists of employed males in their early forties, living in households with an average of nearly four members and one child. While they enjoy a moderate income and have a decent physical health score, their mental health indicates some challenges, and they rely on public transport for commuting, reflecting a balance between work and family commitments."
Employed 3,Hackney,18227,54.9,,None/Not applicable,4.1,1969.5,6.2,0.0,0.0,Male,2.7,1329.2,49.4,49.7,3.4,2.5,2.2,2.7,17.9,3.7,2675.0,Yes,Employer premises,-8.0,Employed: 100%,E09000012,LA,Employed,Middle-Aged Urban Workers,"This group consists primarily of middle-aged men who are fully employed, typically without children in their household. They experience moderate mental and physical health, live in a community with average cohesion, and rely on public transport while maintaining some access to a car for commuting."
Employed 4,Hackney,22879,41.0,Yes,None/Not applicable,1.5,2823.7,3.4,1.7,1.0,Female,3.7,1872.8,46.2,53.4,3.5,2.6,2.2,2.5,22.0,4.0,3940.9,Yes,Employer premises,-8.0,Employed: 100%,E09000012,LA,Employed,Working Multilingual Families,"This group consists primarily of employed women around the age of 41, who have a strong educational background with an average qualification level of a higher degree. They are family-oriented, typically living in households with around 3.7 members and one child, and value community cohesion, though they face challenges with local services and mental health."
Employed 5,Hackney,16133,54.7,,None/Not applicable,1.6,2529.6,3.8,0.0,0.0,Male,2.2,1515.9,47.9,50.7,3.4,2.5,2.2,2.5,20.2,3.6,3781.5,Yes,Employer premises,-8.0,Employed: 100%,E09000012,LA,Employed,Mid-Life Commuter Workers,"This group consists of mid-aged men, predominantly employed in stable jobs with a high level of education. They enjoy a decent income but face challenges with mental health and community cohesion, reflecting a need for stronger local services and support networks."
Employed 6,Hackney,10028,46.4,Yes,None/Not applicable,1.6,7111.5,2.9,0.7,0.5,Male,3.0,3723.3,48.9,54.4,3.4,2.5,2.2,2.5,25.2,3.6,4948.4,Yes,Employer premises,-8.0,Employed: 100%,E09000012,LA,Employed,Diverse Urban Professionals,"This group consists of employed individuals in their mid-40s, predominantly male, who often speak English as a second language. With high qualifications and a solid income, they navigate a diverse urban environment but face moderate mental health challenges and a sense of community that is average. Their reliance on public transport and the presence of minimal children in households reflects their distinct lifestyle choices."
Employed 7,Hackney,18130,29.5,,None/Not applicable,2.9,1671.2,6.5,0.0,0.0,Male,3.1,1287.3,44.3,53.4,3.3,2.4,2.1,2.7,23.3,3.7,1632.3,Yes,Employer premises,-8.0,Employed: 100%,E09000012,LA,Employed,Young Urban Workers,"This group consists primarily of young, employed males who are navigating early adulthood in urban settings. With an average age of 29.5, they typically have a first-degree qualification and face moderate mental health challenges, reflecting the pressures of their social class. They enjoy a decent income but are often dissatisfied with local services, particularly in shopping and transport."
Employed 8,Hackney,6996,33.1,,Muslim/Islam,2.3,1671.5,2.3,0.4,0.1,Male,6.3,657.5,46.1,51.8,3.4,2.5,2.3,2.7,15.9,3.3,815.8,Yes,Employer premises,-8.0,Employed: 100%,E09000012,LA,Employed,Young Urban Professionals,"This group consists of predominantly young, employed Muslim males aged around 33, living in larger households. They have a decent level of education, with many holding first degrees, and exhibit moderate mental and physical health scores, reflecting their active urban lifestyle and reliance on public transport."
Employed 9,Hackney,722,50.1,,Other,2.5,2943.7,3.9,0.4,0.2,Male,2.4,1318.5,45.8,47.5,3.6,2.3,2.1,2.4,16.3,3.6,4618.6,Yes,Employer premises,-8.0,Employed: 100%,E09000012,LA,Employed,Mid-Career Urban Workers,"This group consists of employed males averaging around 50 years old, earning a comfortable income with a moderate level of education. They have a reasonable mental and physical health score, yet they experience lower satisfaction with local services, reflecting a need for improvement in their community amenities."
Retired 1,Hackney,15708,78.9,,Christian,4.6,1418.9,0.1,0.0,0.0,Female,1.8,2.0,49.5,37.4,3.7,2.5,2.2,2.7,-4.5,3.9,665.1,Yes,-8.0,-8.0,Retired: 100%,E09000012,LA,Retired,Independent Senior Women,"This group consists of retired women, averaging nearly 79 years old, living independently with no children in their households. They typically have a modest income and face some challenges with physical health, but maintain a reasonable level of community cohesion despite lower satisfaction with local services."
Retired 2,Hackney,218,62.3,,Muslim/Islam,3.1,1282.2,2.4,1.4,1.0,Male,3.8,1026.4,52.5,43.1,3.9,3.2,2.0,2.2,8.7,4.0,2476.6,No,Employer premises,-8.0,Retired: 100%,E09000012,LA,Retired,Active Muslim Retirees,"This group comprises predominantly male retirees who maintain a moderate level of education and enjoy a stable income. With a strong sense of community, they engage in local life despite lower physical health scores, relying on public transport and local services for their daily needs."
Retired 3,Hackney,7605,69.7,,None/Not applicable,2.2,2044.3,2.0,0.0,0.0,Male,1.9,450.0,49.8,44.9,3.6,2.7,2.2,2.6,3.9,3.8,2950.4,Yes,-8.0,-8.0,Retired: 100%,E09000012,LA,Retired,Independent Retired Males,"This group consists of older men who are enjoying their retirement with a relatively high level of independence. They tend to have a good income and educational background, though they face some health challenges. Living alone in a community that offers moderate cohesion, they rely on public transport for mobility but also maintain car access for convenience."
Retired 4,Hackney,458,75.0,,Other,4.5,3833.4,0.2,0.0,0.0,Female,1.7,67.7,46.8,35.8,3.7,2.2,2.0,2.7,-5.7,2.6,311.1,No,-8.0,-8.0,Retired: 100%,E09000012,LA,Retired,Independent Senior Women,"This group consists of retired women, averaging 75 years old, who live alone without children in their households. While they enjoy a decent monthly income, they face challenges regarding their physical and mental health, and they have limited access to local services and transportation options."
Unemployed 1,Hackney,11447,43.3,,None/Not applicable,3.6,707.5,1.2,0.0,0.0,Male,3.3,336.3,40.8,46.4,3.3,2.2,2.1,2.6,1.9,3.3,464.1,No,Employer premises,-8.0,Unemployed: 100%,E09000012,LA,Unemployed,Struggling Urban Unemployed,"This group consists primarily of middle-aged males who are currently unemployed and face significant challenges in their daily lives. With low personal income and mental health scores, they often live in households with no children and rely on limited local services, indicating a need for improved community support and resources."
Unemployed 2,Hackney,4263,40.5,Yes,None/Not applicable,3.3,1064.7,1.5,1.8,1.0,Female,3.9,448.3,42.1,44.1,3.4,2.4,2.2,2.5,5.7,3.5,783.6,No,Employer premises,-8.0,Unemployed: 100%,E09000012,LA,Unemployed,Struggling Single Parents,"This group primarily consists of female single parents who are currently unemployed, navigating life with an average of 1.8 children in their households. With limited income and lower mental and physical health scores, they often rely on public transport and face challenges in accessing quality local services."
Student,Hackney,8160,25.2,,None/Not applicable,3.2,1075.9,2.5,0.1,0.1,Female,3.6,529.9,45.7,54.8,3.3,2.2,2.1,2.7,9.8,3.5,820.5,No,Employer premises,-8.0,Student / training: 100%,E09000012,LA,Student,Aspiring Young Scholars,"This group consists primarily of students aged around 25, pursuing higher education while living in shared households. They typically have moderate qualifications and experience some financial constraints, with a focus on public transport for commuting. Despite their vibrant academic pursuits, they face challenges with mental health and community engagement."
On leave,Hackney,8672,40.6,,None/Not applicable,3.1,1298.1,1.1,1.6,0.7,Female,4.0,375.5,43.4,48.0,3.4,2.5,2.3,2.8,3.4,3.7,1134.1,Yes,Employer premises,-8.0,On leave: 100%,E09000012,LA,On leave,Temporary Leave Takers,"This group consists primarily of individuals currently on leave from work, predominantly women, with an average age of around 40. They tend to have a high social class and possess qualifications in higher education, but face challenges with mental and physical health, which may be impacting their work situation."
Inactive 1,Hackney,12180,48.2,,None/Not applicable,3.8,1264.5,0.8,0.0,0.0,Female,2.4,147.9,35.8,35.5,3.3,2.5,2.2,2.8,-0.8,4.0,799.3,No,-8.0,-8.0,Inactive: 100%,E09000012,LA,Inactive,Struggling Inactive Individuals,"This group consists primarily of middle-aged women with low income and limited qualifications, reflecting a high level of inactivity in the workforce. They experience significant mental and physical health challenges and live in areas with average community cohesion and subpar local services, indicating a struggle to engage with their environment."
Inactive 2,Hackney,2834,41.4,,None/Not applicable,3.6,1676.6,1.3,1.6,1.0,Female,3.9,289.2,38.0,35.1,3.3,2.6,2.3,2.9,-0.3,3.6,1125.6,No,Employer premises,-8.0,Inactive: 100%,E09000012,LA,Inactive,Struggling Urban Caregivers,"This group consists mainly of inactive women in their early 40s, balancing family responsibilities with limited financial resources. With a moderate level of education and low mental and physical health scores, they experience challenges in accessing local services and have a strong reliance on public transport, reflecting a sense of community despite their struggles."
Employed 1,Hammersmith and Fulham,13842,56.7,,None/Not applicable,1.5,2635.2,3.4,0.0,0.0,Female,2.0,1551.9,48.6,51.1,3.5,2.6,2.2,2.5,19.0,3.7,4462.7,Yes,Employer premises,-8.0,Employed: 100%,E09000013,LA,Employed,Midlife Commuting Professionals,"This group comprises employed females in their late 50s, predominantly without children, who enjoy high levels of education and decent monthly income. They experience moderate mental and physical health scores and show a commitment to public transport, although they also have access to a vehicle for commuting to work."
Employed 2,Hammersmith and Fulham,14949,42.1,Yes,None/Not applicable,1.4,2985.8,3.1,1.7,1.0,Female,3.8,1946.0,46.3,54.1,3.5,2.7,2.2,2.5,21.6,4.0,4586.7,Yes,Employer premises,-8.0,Employed: 100%,E09000013,LA,Employed,Diverse Working Families,"This group consists of employed individuals, primarily female, who are balancing work and family life with an average of 1.7 children per household. They possess high qualifications and earn a decent income, but their mental health scores suggest they may face challenges. With a strong reliance on public transport, they are navigating diverse community environments while striving for better local services."
Employed 3,Hammersmith and Fulham,13405,56.6,,None/Not applicable,3.7,2070.5,6.2,0.0,0.0,Male,2.5,1363.2,49.2,49.7,3.5,2.6,2.2,2.6,19.0,3.8,2618.3,Yes,Employer premises,-8.0,Employed: 100%,E09000013,LA,Employed,Middle-Aged Urban Workers,"This group consists predominantly of employed men aged around 57, living in households with no children. They have a moderate level of qualifications and income, but experience average mental and physical health, indicating a need for better community services and cohesion."
Employed 4,Hammersmith and Fulham,19236,31.0,Yes,None/Not applicable,1.5,2878.5,2.9,0.0,0.0,Male,1.9,2071.3,44.2,55.9,3.1,2.3,2.2,2.5,26.1,3.5,2981.6,Yes,Employer premises,-8.0,Employed: 100%,E09000013,LA,Employed,Rising Urban Professionals,"This group consists of young, male professionals in their early thirties, predominantly employed and earning a comfortable income. They are well-qualified, with an average education level equivalent to a first degree, and while they have no children, they actively engage in their urban environment, though they experience moderate mental health challenges."
Employed 5,Hammersmith and Fulham,10568,42.4,No,None/Not applicable,3.3,2088.0,5.9,1.7,1.0,Female,3.8,1225.6,46.3,51.9,3.5,2.6,2.2,2.6,15.5,4.0,3422.4,Yes,Employer premises,-8.0,Employed: 100%,E09000013,LA,Employed,Working Class Families,"This group consists primarily of employed individuals, averaging in their early 40s, with a focus on family life. They tend to have moderate qualifications and income, alongside a stable work routine, but face challenges with local services and mental health. Community ties are moderate, reflecting a balance between work and home life."
Employed 6,Hammersmith and Fulham,541,54.4,,Other,2.2,2858.3,4.2,0.3,0.2,Female,2.0,1572.0,49.4,47.6,3.6,2.2,2.2,2.4,20.8,3.6,3547.6,Yes,Employer premises,-8.0,Employed: 100%,E09000013,LA,Employed,Middle-Aged Commuter Women,"This group consists mainly of employed women in their mid-50s who have a first degree, indicating a solid educational background. With a moderate income and a reliance on public transport, they embody a blend of professional responsibility and community engagement, though they experience average mental and physical health scores."
Employed 7,Hammersmith and Fulham,12254,29.6,,None/Not applicable,2.8,1706.3,6.6,0.0,0.0,Male,2.9,1303.9,44.8,53.8,3.3,2.4,2.1,2.6,22.5,3.7,1652.4,Yes,Employer premises,-8.0,Employed: 100%,E09000013,LA,Employed,Young Urban Workers,"This group consists primarily of young, employed males in their late 20s, living in urban settings without children. They hold a first degree on average and experience moderate mental health, while their physical health is slightly above average. With a reliance on public transport for commuting, they face challenges due to lower-rated local services in their area."
Employed 8,Hammersmith and Fulham,5226,33.1,,Muslim/Islam,1.9,1905.2,2.8,0.1,0.0,Male,5.7,963.8,46.4,53.0,3.4,2.5,2.2,2.7,23.6,3.3,759.5,Yes,Employer premises,-8.0,Employed: 100%,E09000013,LA,Employed,Young Urban Professionals,"This group consists of young, predominantly male professionals aged around 33, who are well-educated with an average higher degree qualification. They earn a decent income and have a moderate level of community cohesion, but they face some challenges in mental health and local service satisfaction."
Employed 9,Hammersmith and Fulham,7945,47.9,Yes,None/Not applicable,1.5,7206.5,2.9,0.6,0.4,Male,2.9,3814.3,49.2,54.3,3.5,2.5,2.2,2.5,25.9,3.6,5625.7,Yes,Employer premises,-8.0,Employed: 100%,E09000013,LA,Employed,Internationally Mobile Professionals,"This group consists primarily of middle-aged male professionals who are well-educated, with an average qualification just shy of a higher degree. They demonstrate a strong employment status and a relatively high income, indicating successful careers, yet they show signs of moderate mental health scores and reside in communities with average cohesion and local services."
Retired 1,Hammersmith and Fulham,3292,68.8,,None/Not applicable,2.6,1517.7,5.1,0.0,0.0,Female,2.0,939.1,50.0,47.7,3.6,2.7,2.2,2.6,19.0,3.8,3265.9,Yes,Employer premises,-8.0,Retired: 100%,E09000013,LA,Retired,Independent Senior Women,"This group consists of retired women averaging nearly 69 years old, living independently without children at home. They typically hold a first degree and enjoy a moderate income, but their physical health scores suggest they face some challenges. While they engage with their community and utilize public transport, they also value their independence and mobility."
Retired 2,Hammersmith and Fulham,6872,74.8,,Christian,1.7,2460.1,0.2,0.0,0.0,Female,1.7,159.9,50.7,43.8,3.7,2.6,2.2,2.6,-3.2,3.8,2645.9,Yes,-8.0,-8.0,Retired: 100%,E09000013,LA,Retired,Affluent Retired Women,"This group comprises predominantly affluent retired women, averaging nearly 75 years in age. With a high level of education and a strong social class ranking, they enjoy a comfortable income and have a moderate sense of community, though they experience some challenges with physical health."
Retired 3,Hammersmith and Fulham,10447,80.0,,Christian,4.6,1369.6,0.0,0.0,0.0,Female,1.8,4.1,50.1,38.0,3.7,2.5,2.2,2.7,-4.3,3.9,672.2,Yes,-8.0,-8.0,Retired: 100%,E09000013,LA,Retired,Independent Senior Women,"This group consists of elderly women, primarily living alone, who are enjoying their retirement years. With an average age of 80, they have a modest income and a reasonable level of mental health but face challenges in physical health. They value community connections but experience limited satisfaction with local services."
Retired 4,Hammersmith and Fulham,158,62.6,,None/Not applicable,2.4,1810.4,1.9,1.3,1.0,Male,3.8,1197.1,49.8,47.3,3.9,3.2,2.0,2.2,7.0,4.0,4256.0,Yes,Employer premises,-8.0,Retired: 100%,E09000013,LA,Retired,Comfortably Retired Males,"This group consists of well-educated retired men, averaging in their early sixties, who enjoy a stable income and a decent quality of life. They are generally satisfied with their community and have a moderate level of health, balancing leisure and family life with a commitment to public transport usage."
Unemployed 1,Hammersmith and Fulham,2095,40.3,Yes,None/Not applicable,2.9,1040.1,1.3,1.8,1.0,Female,3.8,705.5,40.9,45.9,3.4,2.4,2.2,2.5,3.1,3.6,760.7,No,Employer premises,-8.0,Unemployed: 100%,E09000013,LA,Unemployed,Struggling Urban Families,"This group consists primarily of unemployed women around 40 years old, often with one child in a household averaging nearly four members. They face challenges with mental and physical health, live in areas with moderate community cohesion, and experience dissatisfaction with local services, particularly in transport and shopping."
Unemployed 2,Hammersmith and Fulham,6376,43.1,,None/Not applicable,3.2,674.2,1.4,0.0,0.0,Male,2.9,490.0,41.1,47.4,3.3,2.2,2.1,2.6,4.8,3.3,641.6,No,Employer premises,-8.0,Unemployed: 100%,E09000013,LA,Unemployed,Struggling Urban Individuals,"This group consists mostly of unemployed men averaging around 43 years old, living in small households. They experience challenges with mental and physical health, have limited income, and report a low standard of local services, indicating a struggle to access community resources."
Student,Hammersmith and Fulham,4753,25.4,,None/Not applicable,2.9,1182.4,2.5,0.1,0.1,Male,3.2,577.2,45.2,55.6,3.2,2.3,2.1,2.7,9.9,3.6,782.5,No,Employer premises,-8.0,Student / training: 100%,E09000013,LA,Student,Young Urban Students,"This group consists primarily of young students, averaging 25 years old, who are engaged in higher education. They typically live in shared households, have no children, and experience moderate mental health challenges. With limited income and a reliance on public transport, they navigate a vibrant urban lifestyle while focusing on their studies."
On leave,Hammersmith and Fulham,4681,42.9,,None/Not applicable,2.9,1215.0,1.1,1.4,0.7,Female,3.8,392.5,43.0,48.3,3.4,2.5,2.3,2.7,2.7,3.7,1265.7,Yes,Employer premises,-8.0,On leave: 100%,E09000013,LA,On leave,Temporary Leave Takers,"This group consists primarily of individuals currently on leave from work, with an average age of around 43. They typically have a higher qualification level and belong to a higher social class, yet they face challenges in mental and physical health, reflected in their lower scores. Despite their situation, they maintain a moderate household size and show a tendency to rely on public transport for mobility."
Inactive 1,Hammersmith and Fulham,1375,43.1,,None/Not applicable,3.2,1741.0,1.5,1.6,1.0,Female,3.8,344.6,38.0,36.6,3.4,2.7,2.3,2.9,1.1,3.6,1707.1,Yes,-8.0,-8.0,Inactive: 100%,E09000013,LA,Inactive,Inactive Urban Caregivers,"This group consists mostly of women around their early forties who are currently not engaged in the workforce. Despite their inactivity, they are relatively well-educated and typically manage small households with children. However, they face challenges with mental and physical health, and their local services are perceived as below average."
Inactive 2,Hammersmith and Fulham,6662,48.7,,None/Not applicable,3.4,1296.8,1.0,0.0,0.0,Female,2.3,170.7,36.5,37.0,3.3,2.5,2.2,2.7,-0.0,4.0,950.7,No,-8.0,-8.0,Inactive: 100%,E09000013,LA,Inactive,Disconnected Urban Inactives,"This group consists mainly of women around their late 40s who are economically inactive, with no children in their households. They experience lower mental and physical health scores and live in areas with moderate community cohesion, facing challenges with local services, especially public transport and shopping."
Employed 1,Haringey,6317,35.1,,Muslim/Islam,2.4,1693.1,2.3,0.5,0.2,Male,6.2,756.5,45.9,52.0,3.4,2.5,2.3,2.6,14.5,3.5,972.6,Yes,Employer premises,-8.0,Employed: 100%,E09000014,LA,Employed,Young Urban Professionals,"This group consists mainly of young, employed males, averaging just over 35 years old, who often commute short distances to work. They have a good level of education and are primarily from a Muslim background, navigating life in a diverse urban environment with moderate community ties and a mixed experience of local services."
Employed 2,Haringey,20545,31.5,Yes,None/Not applicable,1.5,2840.9,2.9,0.0,0.0,Male,1.9,2055.4,44.3,55.4,3.1,2.3,2.2,2.6,25.7,3.6,2847.6,Yes,Employer premises,-8.0,Employed: 100%,E09000014,LA,Employed,Young Urban Professionals,"This group consists of young, single males who are highly educated, often holding a higher degree. They enjoy a decent income and are employed in professional roles, yet they face challenges with mental health and live in areas with moderate community cohesion and local services."
Employed 3,Haringey,16051,29.0,,None/Not applicable,2.9,1640.0,6.5,0.0,0.0,Male,3.1,1265.5,44.5,53.6,3.3,2.4,2.1,2.6,22.2,3.6,1599.7,Yes,Employer premises,-8.0,Employed: 100%,E09000014,LA,Employed,Young Urban Workers,"This group consists of young males in their late twenties, primarily employed with a moderate income level. They exhibit a mix of average qualifications and health scores, reflecting a stable, yet challenging lifestyle in a city environment with limited local services."
Employed 4,Haringey,21996,55.4,,None/Not applicable,1.6,3867.3,3.3,0.0,0.0,Male,2.4,2080.7,48.5,51.4,3.4,2.6,2.2,2.5,20.9,3.7,4977.1,Yes,Employer premises,-8.0,Employed: 100%,E09000014,LA,Employed,Middle-Aged Career Professionals,"This group predominantly consists of employed males averaging 55 years old, with a high level of education, typically holding higher degrees. They enjoy a solid income and stable employment, yet they demonstrate moderate mental and physical health scores, indicating room for improvement in their wellbeing. With no children living in their households, they likely have more disposable income but may also experience a lower sense of community cohesion."
Employed 5,Haringey,21642,42.9,No,None/Not applicable,3.2,2043.4,5.6,1.7,1.0,Male,3.9,1203.0,46.6,51.9,3.5,2.6,2.2,2.6,15.5,4.0,3388.1,Yes,Employer premises,-8.0,Employed: 100%,E09000014,LA,Employed,Working-Class Families,"This group consists primarily of employed males around the age of 43, often balancing work and family life with an average of 1.7 children per household. They hold qualifications typically at a higher education level, yet their social class reflects lower managerial roles, and they experience moderate health and community cohesion, suggesting a need for improved local services."
Employed 6,Haringey,23891,43.0,Yes,None/Not applicable,1.4,4127.6,2.9,1.6,1.0,Male,3.8,2481.3,46.5,54.1,3.5,2.6,2.2,2.5,23.9,4.0,4636.3,Yes,Employer premises,-8.0,Employed: 100%,E09000014,LA,Employed,Middle-aged Urban Workers,"This group consists of middle-aged men who are employed and typically earn a good income. They are well-qualified, with a high level of education, and have a moderate level of mental and physical health. Although they predominantly rely on public transport, they also own a vehicle, highlighting their mixed approach to commuting."
Employed 7,Haringey,21865,56.1,,None/Not applicable,3.8,1980.3,6.0,0.0,0.0,Male,2.6,1292.3,49.1,49.5,3.5,2.6,2.2,2.6,18.0,3.8,2929.2,Yes,Employer premises,-8.0,Employed: 100%,E09000014,LA,Employed,Middle-Aged Commuter Males,"This group consists mainly of men in their late 50s who are actively employed and commute to work. They have moderate qualifications and income levels, but face challenges with community cohesion and local services. Despite a stable employment status, their mental and physical health scores indicate room for improvement."
Employed 8,Haringey,769,52.6,,Other,2.4,2924.5,4.0,0.4,0.3,Female,2.4,1387.5,47.0,48.0,3.6,2.4,2.2,2.5,18.4,3.7,4228.2,Yes,Employer premises,-8.0,Employed: 100%,E09000014,LA,Employed,Middle-Aged Working Women,"This group consists of employed women averaging around 53 years of age, often without children in their households. They have a decent income and hold a first degree, though their mental and physical health scores suggest they face some challenges. While they rely on public transport, community ties are moderately strong, and they navigate a mix of local service satisfaction."
Retired 1,Haringey,4057,68.4,,None/Not applicable,2.9,1507.3,5.3,0.0,0.0,Female,2.1,903.6,50.3,46.7,3.6,2.7,2.3,2.6,16.6,3.9,3423.1,Yes,Employer premises,-8.0,Retired: 100%,E09000014,LA,Retired,Independent Senior Residents,"This group consists mainly of retired women with an average age of 68, enjoying a stable monthly income. They have a moderate level of education and demonstrate a fair level of mental health, though their physical health could be better. Living in a smaller household, they rely on public transport but also have access to a car, reflecting their independence and adaptability in a community with moderate service ratings."
Retired 2,Haringey,306,64.1,,None/Not applicable,3.1,1836.2,1.5,1.2,1.0,Male,3.7,770.9,50.3,44.4,3.9,3.0,2.0,2.3,3.2,4.1,4139.7,Yes,-8.0,-8.0,Retired: 100%,E09000014,LA,Retired,Comfortable Golden Agers,"This group consists of retired males averaging 64 years old, enjoying a comfortable lifestyle with a decent monthly income. They tend to have higher social class standings, although their physical health scores indicate some challenges, reflecting a generally cohesive community with moderate satisfaction in local services."
Retired 3,Haringey,9495,73.9,,Christian,1.8,2390.3,0.3,0.0,0.0,Male,1.8,198.3,50.6,43.7,3.7,2.7,2.2,2.6,-3.3,3.8,2706.4,Yes,-8.0,-8.0,Retired: 100%,E09000014,LA,Retired,Affluent Retired Singles,"This group consists of older, predominantly male retirees living alone, enjoying a comfortable income and high educational qualifications. With strong community ties and a decent mental health score, they navigate their retirement with access to transport, though they express some dissatisfaction with local services."
Retired 4,Haringey,577,74.9,,Other,4.2,3584.2,0.4,0.0,0.0,Female,1.7,90.7,46.6,35.6,3.6,2.3,2.0,2.7,-5.8,2.7,435.6,No,-8.0,-8.0,Retired: 100%,E09000014,LA,Retired,Independent Senior Women,"This group consists of older, retired women living alone, with a strong sense of independence. Despite their advanced age, they enjoy a comfortable income, yet face challenges with physical health and local services. They value community but may feel isolated due to limited transport options."
Retired 5,Haringey,16798,79.0,,Christian,4.7,1358.1,0.0,0.0,0.0,Female,1.9,2.6,49.4,37.7,3.7,2.6,2.2,2.7,-4.6,4.0,762.2,Yes,-8.0,-8.0,Retired: 100%,E09000014,LA,Retired,Independent Golden Agers,"This group comprises mostly independent elderly women, averaging 79 years old, who have retired from their careers. With a modest monthly income and a somewhat limited social environment, they value their independence, often relying on their cars for mobility while navigating a community that offers average services."
Unemployed 1,Haringey,7495,49.6,,None/Not applicable,4.2,1087.3,0.1,0.4,0.2,Female,3.6,85.3,42.1,44.0,3.4,2.2,2.1,2.6,-3.5,3.3,338.3,No,-8.0,-8.0,Unemployed: 100%,E09000014,LA,Unemployed,Struggling Urban Unemployed,"This group consists mainly of middle-aged women facing long-term unemployment, with an average age of nearly 50. They have a low level of formal qualifications and earn minimal income, leading to challenges in mental and physical health. Living in a community with moderate cohesion and limited access to local services, they rely heavily on public transport for mobility."
Unemployed 2,Haringey,6347,36.5,Yes,None/Not applicable,2.6,446.4,2.7,0.5,0.3,Male,3.4,704.1,40.2,47.9,3.3,2.3,2.2,2.6,10.1,3.5,1078.4,No,Employer premises,-8.0,Unemployed: 100%,E09000014,LA,Unemployed,Struggling Urban Unemployed,"This group primarily consists of unemployed males around the age of 36, many of whom do not speak English as their first language. With a low monthly income and moderate mental and physical health scores, they face challenges in both employment and community engagement, living in households that are relatively large but often lacking in stability."
Student,Haringey,8227,25.0,,Christian,3.2,1106.8,2.5,0.1,0.1,Male,3.5,533.6,45.9,54.3,3.3,2.2,2.1,2.7,9.0,3.5,635.4,No,Employer premises,-8.0,Student / training: 100%,E09000014,LA,Student,Urban Student Life,"This group consists primarily of young, male students living in shared accommodations, often engaged in higher education. With a moderate level of qualifications and a focus on public transport, they navigate their city with a limited income, reflecting a vibrant yet challenging student lifestyle. Community cohesion is average, and while their physical health is relatively better, mental health scores indicate potential struggles."
On leave,Haringey,7793,42.9,,None/Not applicable,3.2,1220.0,0.9,1.5,0.7,Female,3.9,320.7,42.9,47.4,3.5,2.5,2.2,2.7,1.9,3.7,1168.8,Yes,Employer premises,-8.0,On leave: 100%,E09000014,LA,On leave,Temporary Leave Families,"This group consists primarily of women aged around 43 who are currently on leave from work, often balancing family responsibilities with their careers. They typically have a moderate level of qualifications and a smaller personal income, while living in households with an average of nearly four members. Community ties are moderate, reflecting a mix of support and challenges in their local environment."
Inactive 1,Haringey,2596,42.1,,None/Not applicable,3.4,1742.6,1.2,1.6,1.0,Female,3.9,320.5,37.8,36.0,3.3,2.7,2.3,2.9,0.3,3.8,1145.9,Yes,Employer premises,-8.0,Inactive: 100%,E09000014,LA,Inactive,Homebound Caregivers,"This group consists primarily of inactive females around their early 40s, often serving as caregivers at home. They have a moderate level of education and face challenges in both mental and physical health, impacting their daily lives. With low household incomes and a reliance on public transport, they navigate their community with limited access to local services."
Inactive 2,Haringey,10867,48.7,,None/Not applicable,3.8,1234.1,0.9,0.0,0.0,Female,2.5,172.7,36.2,35.8,3.3,2.5,2.2,2.8,-0.2,4.0,914.2,No,-8.0,-8.0,Inactive: 100%,E09000014,LA,Inactive,Disconnected Urban Dwellers,"This group consists primarily of middle-aged women who are currently inactive in the workforce and live in a household with low income. With a below-average health score and limited community engagement, they face challenges in accessing local services and transportation, contributing to their sense of disconnection from the surrounding community."
Employed 1,Harrow,25399,44.2,Yes,None/Not applicable,1.4,4100.3,2.8,1.7,1.0,Male,3.9,2438.8,47.6,53.1,3.6,2.6,2.2,2.5,23.6,3.9,4423.9,Yes,Employer premises,-8.0,Employed: 100%,E09000015,LA,Employed,Ambitious Urban Workers,"This group consists of predominantly male professionals aged around 44, who are highly qualified with an average higher degree. They enjoy a comfortable income and demonstrate a commitment to family life, usually having one child. Although they face some challenges with mental health and community cohesion, they actively rely on public transport for commuting and are engaged in their local environment."
Employed 2,Harrow,8914,31.8,,Muslim/Islam,2.7,1560.4,4.3,0.3,0.1,Male,6.3,966.3,45.8,51.7,3.6,2.6,2.1,2.7,16.6,3.6,1299.1,Yes,Employer premises,-8.0,Employed: 100%,E09000015,LA,Employed,Young Urban Muslim Professionals,"This group consists primarily of young, employed Muslim men who have a decent level of education and work in professional environments. With a strong sense of community, they face challenges in mental health and local service satisfaction, yet they actively engage with public transport and maintain a stable income."
Employed 3,Harrow,19858,58.1,,None/Not applicable,3.8,1948.6,5.9,0.0,0.0,Male,2.9,1263.0,48.8,49.1,3.5,2.5,2.2,2.6,17.4,3.8,2775.3,Yes,Employer premises,-8.0,Employed: 100%,E09000015,LA,Employed,Midlife Commuter Workers,"This group consists primarily of middle-aged men who are actively employed, earning a modest income with a lower-than-average qualification level. They tend to live in smaller households without children, rely on public transport for commuting, and experience average mental and physical health, reflecting a stable yet unremarkable lifestyle in a community with moderate cohesion."
Employed 4,Harrow,16531,29.2,Yes,None/Not applicable,2.2,2044.9,4.5,0.0,0.0,Male,2.5,1554.7,44.6,54.5,3.2,2.4,2.2,2.6,22.9,3.6,2388.2,Yes,Employer premises,-8.0,Employed: 100%,E09000015,LA,Employed,Young Urban Professionals,"This group consists of young, employed males in their late twenties who are generally well-educated, holding at least a first degree. They live in households of around two and a half people, often using public transport for commuting, but also have access to a car, reflecting a blend of urban and suburban lifestyles."
Employed 5,Harrow,806,51.6,,Other,2.2,3194.5,4.0,0.6,0.4,Female,3.1,1402.4,48.5,50.1,3.6,2.0,2.1,2.3,17.0,3.8,4635.4,Yes,Employer premises,-8.0,Employed: 100%,E09000015,LA,Employed,Middle-Aged Commuting Professionals,"This group consists of mostly female professionals in their early 50s, earning a solid income with a good level of education, typically holding a first degree. They enjoy a reasonable standard of living but are somewhat affected by moderate mental health scores, indicating possible stressors in their lives. They rely on public transport for commuting, reflecting a commitment to environmental habits, despite being car owners."
Employed 6,Harrow,17514,54.7,,None/Not applicable,1.6,4064.1,3.0,0.0,0.0,Male,2.9,2251.0,48.9,51.6,3.5,2.6,2.2,2.6,23.6,3.7,4711.9,Yes,Employer premises,-8.0,Employed: 100%,E09000015,LA,Employed,Established Middle-Aged Workers,"This group consists of predominantly male workers in their mid-50s, showcasing a strong educational background with an average highest qualification of a first degree. They enjoy a substantial monthly income and exhibit moderate health scores, while living in a community with fair cohesion and local services."
Employed 7,Harrow,23648,43.3,No,None/Not applicable,3.3,1937.6,5.6,1.8,1.0,Male,4.2,1176.5,46.8,51.1,3.6,2.6,2.1,2.6,14.8,4.0,3260.6,Yes,Employer premises,-8.0,Employed: 100%,E09000015,LA,Employed,Middle-Class Commuters,"This group consists primarily of middle-aged, employed males who are navigating their careers while balancing family life with an average of 1.8 children in the household. They enjoy decent physical health but face some challenges with mental well-being, likely influenced by their moderate social class and local service ratings."
Retired 1,Harrow,10904,76.1,,Christian,1.8,2599.2,0.1,0.0,0.0,Male,1.9,147.4,50.5,42.9,3.7,2.7,2.3,2.6,-4.4,3.9,2457.6,Yes,-8.0,-8.0,Retired: 100%,E09000015,LA,Retired,Affluent Senior Singles,"This group consists of older men, predominantly around 76 years of age, who are well-educated and financially stable, with a high average qualification level. Despite living alone with no children, they maintain a decent income but show mixed results in physical health, indicating they may require support in local services and community engagement."
Retired 2,Harrow,3988,76.1,,Muslim/Islam,4.3,1174.3,0.1,0.0,0.0,Female,5.4,4.3,48.5,37.4,3.8,2.3,2.0,2.7,-4.4,3.8,488.0,Yes,-8.0,-8.0,Retired: 100%,E09000015,LA,Retired,Retired Muslim Matriarchs,"This group consists mainly of elderly Muslim women, averaging 76 years old, who are fully retired. They live in larger households and maintain a strong sense of community, although they face challenges with physical health and local services. With limited personal income, they are reliant on public transport but prioritize family and social connections in their daily lives."
Retired 3,Harrow,18755,80.0,,Christian,4.6,1326.6,0.0,0.0,0.0,Female,1.8,6.9,49.4,38.7,3.7,2.5,2.2,2.7,-4.7,4.0,895.8,Yes,-8.0,-8.0,Retired: 100%,E09000015,LA,Retired,Independent Senior Women,"This group comprises predominantly retired women, averaging around 80 years old, living independently in their own households. They possess a moderate level of education and experience challenges related to physical health, but maintain a reasonable income, indicating a degree of financial stability in their retirement years."
Retired 4,Harrow,4343,69.1,,None/Not applicable,2.9,1507.9,5.2,0.0,0.0,Male,2.3,1028.6,49.9,47.3,3.6,2.7,2.2,2.6,16.4,3.8,3154.8,Yes,Employer premises,-8.0,Retired: 100%,E09000015,LA,Retired,Active Older Retirees,"This group consists of retired males averaging 69 years old, enjoying a comfortable income and a moderate level of health. They have no children living in the household and tend to rely on public transport, though they also own a vehicle, indicating a blend of independence and community engagement."
Retired 5,Harrow,480,77.7,,Other,4.1,3087.5,0.1,0.0,0.0,Female,1.9,32.6,47.8,33.8,3.7,2.3,2.1,2.8,-5.8,2.9,468.1,No,-8.0,-8.0,Retired: 100%,E09000015,LA,Retired,Independent Golden Years,"This group consists of retired women averaging nearly 78 years old, living independently with no children in the household. Despite their solid income and high social class, they face challenges with physical health and local service satisfaction, indicating a need for better community resources and support."
Retired 6,Harrow,671,69.3,,Muslim/Islam,3.8,1162.7,0.5,1.1,1.0,Male,4.0,443.7,50.7,41.2,4.3,2.2,1.5,2.2,-2.4,2.8,2039.3,No,-8.0,-8.0,Retired: 100%,E09000015,LA,Retired,Community-Oriented Retirees,"This group consists of retired Muslim men, averaging 69 years of age, who actively engage in their community. Despite facing challenges in physical health, they maintain strong neighborhood ties and have a moderate income, contributing to local cohesion through their familial connections."
Unemployed 1,Harrow,4994,56.9,,Muslim/Islam,4.4,666.1,1.0,0.1,0.1,Female,4.3,212.6,43.7,42.4,3.5,2.2,2.1,2.6,-0.5,3.5,603.1,No,-8.0,-8.0,Unemployed: 100%,E09000015,LA,Unemployed,Isolated Muslim Women,"This group consists predominantly of unemployed Muslim women with an average age of nearly 57. They face significant challenges with low income and health issues, living in households with few children and low community cohesion, reflecting a distinct experience of marginalization within their local area."
Unemployed 2,Harrow,6676,34.5,Yes,Muslim/Islam,2.8,670.1,1.8,1.0,0.5,Male,4.1,445.3,42.9,47.0,3.4,2.4,2.2,2.6,3.8,3.5,738.0,No,Employer premises,-8.0,Unemployed: 100%,E09000015,LA,Unemployed,Struggling Urban Families,"This group consists mainly of unemployed males, averaging 34.5 years old, who are part of larger households typically with one child. They face challenges such as lower personal incomes and moderate mental and physical health scores, while also experiencing a sense of community, albeit in an area with limited local services."
Student,Harrow,7777,23.4,,Muslim/Islam,3.1,1023.3,2.8,0.1,0.1,Male,4.0,400.2,45.4,54.3,3.4,2.3,2.1,2.7,8.3,3.5,648.4,No,Employer premises,-8.0,Student / training: 100%,E09000015,LA,Student,Urban Student Community,"This group consists of young, predominantly male students, averaging around 23 years old, who are actively engaged in their education. With a moderate social class standing and a focus on public transport, they experience lower satisfaction with local services while maintaining a vibrant community spirit, as indicated by their neighbourhood cohesion score."
On leave,Harrow,7064,45.6,,Muslim/Islam,3.4,933.5,0.8,1.5,0.7,Female,4.5,251.2,45.0,47.0,3.6,2.5,2.1,2.6,-0.2,3.8,877.9,Yes,Employer premises,-8.0,On leave: 100%,E09000015,LA,On leave,Resilient Muslim Families,"This group consists predominantly of Muslim women aged around 45, who are currently on leave from work, often balancing family responsibilities with their employment. They tend to have moderate qualifications and face challenges in both mental and physical health, while living in a community that shows a good level of cohesion despite lower ratings for local services."
Inactive,Harrow,7702,48.6,,None/Not applicable,3.6,1296.9,1.2,0.4,0.2,Female,3.3,337.0,37.0,35.7,3.4,2.6,2.2,2.7,1.7,3.9,874.8,Yes,Employer premises,-8.0,Inactive: 100%,E09000015,LA,Inactive,Inactive Urban Dwellers,"This group consists predominantly of middle-aged women who are currently inactive in the workforce. They show lower levels of mental and physical health, with modest income levels and a reliance on public transport, reflecting a community that may struggle with local services and cohesion."
Employed 1,Havering,17554,26.7,Yes,None/Not applicable,3.2,1639.5,5.4,0.0,0.0,Male,3.2,1221.2,44.2,54.0,3.3,2.5,2.2,2.6,20.5,3.8,1998.2,Yes,Employer premises,-8.0,Employed: 100%,E09000016,LA,Employed,Young Urban Workers,"This group consists of young employed males, averaging just under 27 years old, who are navigating their early careers in a bustling urban environment. Despite a moderate level of education and income, they face challenges with mental health and report dissatisfaction with local services, highlighting a need for better community support."
Employed 2,Havering,27299,41.9,No,None/Not applicable,3.6,2017.1,5.6,1.7,1.0,Male,3.9,1285.8,46.5,52.3,3.6,2.7,2.2,2.6,15.4,4.1,3684.0,Yes,Employer premises,-8.0,Employed: 100%,E09000016,LA,Employed,Working-class Urban Families,"This group consists predominantly of employed males around the age of 42, typically with lower higher qualifications and a moderate income. They are family-oriented, living in households with an average of nearly four members, and they face challenges related to mental health and satisfaction with local services."
Employed 3,Havering,26372,57.6,,None/Not applicable,4.1,1937.4,5.8,0.0,0.0,Female,2.7,1205.0,48.9,49.4,3.6,2.8,2.3,2.6,14.8,4.0,3747.3,Yes,Employer premises,-8.0,Employed: 100%,E09000016,LA,Employed,Midlife Commuting Women,"This group consists of employed women in their late 50s, often living in small households without children. They have moderate qualifications and income levels, and while they rely on public transport for commuting, they have a decent sense of community despite lower satisfaction with local services."
Employed 4,Havering,24821,42.8,Yes,None/Not applicable,1.8,4213.1,2.8,1.7,1.0,Male,3.9,2558.4,46.7,54.4,3.6,2.8,2.3,2.5,24.3,4.0,5271.4,Yes,Employer premises,-8.0,Employed: 100%,E09000016,LA,Employed,Ambitious Working Families,"This group is characterized by their strong employment status and relatively high qualifications, averaging a higher degree. They tend to be younger parents, with a focus on family life, and are actively engaged in their local community, though they face challenges with mental health and local services."
Employed 5,Havering,573,49.5,,Other,2.8,2720.8,4.3,0.5,0.3,Female,2.9,1426.2,44.5,48.0,3.5,2.7,2.2,2.4,15.8,3.5,3399.6,Yes,Employer premises,-8.0,Employed: 100%,E09000016,LA,Employed,Midlife Commuter Professionals,"This group consists primarily of employed women in their late 40s, showcasing a balanced lifestyle with a moderate income and decent qualifications. They enjoy a relatively short commute to work and engage with their local community, although they experience some challenges with mental and physical health."
Employed 6,Havering,19448,49.1,Yes,None/Not applicable,1.7,3936.6,2.9,0.0,0.0,Male,2.4,2283.9,47.5,53.1,3.5,2.7,2.3,2.6,23.9,3.8,5198.3,Yes,Employer premises,-8.0,Employed: 100%,E09000016,LA,Employed,Middle-Aged Urban Workers,"This group consists of predominantly male, middle-aged individuals who are employed and have a high level of education, often holding higher degrees. They enjoy a stable income and utilize public transport for commuting, but report moderate mental health scores and less satisfaction with local services, indicating potential areas for improvement in their community."
Retired 1,Havering,35712,79.7,,Christian,4.8,1329.2,0.0,0.0,0.0,Female,1.8,3.0,49.5,37.9,3.7,2.6,2.3,2.7,-4.8,4.0,974.4,Yes,-8.0,-8.0,Retired: 100%,E09000016,LA,Retired,Independent Golden Years,"This group consists mainly of older women, averaging around 80 years of age, who enjoy their retirement with a modest income. Although they live alone and often experience some physical health challenges, they maintain a sense of independence and community engagement, relying on local public transport for mobility."
Retired 2,Havering,10328,72.5,,Christian,2.2,2504.9,0.3,0.0,0.0,Male,1.9,262.4,50.9,44.7,3.7,2.8,2.3,2.6,-3.5,3.9,3087.2,Yes,-8.0,-8.0,Retired: 100%,E09000016,LA,Retired,Independent Retired Gentlemen,"This group consists of older, predominantly male retirees who enjoy a comfortable monthly income and possess a university degree. Despite living alone, they maintain a reasonable level of mental health but face some challenges with physical health, and they prefer to utilize public transport for their mobility."
Retired 3,Havering,487,77.5,,Other,4.2,2317.4,0.1,0.0,0.0,Female,1.7,40.8,47.2,35.4,3.7,2.5,2.2,2.8,-5.1,3.7,564.5,Yes,-8.0,-8.0,Retired: 100%,E09000016,LA,Retired,Independent Golden Agers,"This group consists of retired women, averaging 77.5 years old, who enjoy a comfortable monthly income. They live independently, have no children in their households, and maintain a moderate level of community engagement, although they face some challenges with their physical health."
Retired 4,Havering,462,63.6,,None/Not applicable,3.3,1968.0,0.8,1.2,1.0,Male,3.5,618.2,48.7,41.0,3.9,3.0,1.9,2.4,-0.6,3.8,4802.4,Yes,-8.0,-8.0,Retired: 100%,E09000016,LA,Retired,Active Retired Explorers,"This group consists of relatively young retirees averaging 63.6 years, who maintain an active lifestyle and a moderate income. With a strong social class standing and a focus on using public transport, they often engage in community activities, although they face challenges with physical health and local service satisfaction."
Retired 5,Havering,5015,67.5,,None/Not applicable,3.8,1406.4,5.7,0.0,0.0,Male,2.2,770.6,50.5,46.1,3.6,2.9,2.3,2.6,14.0,4.0,3535.7,Yes,Employer premises,-8.0,Retired: 100%,E09000016,LA,Retired,Content Retired Gentlemen,"This group consists of older men, averaging 67.5 years, who enjoy a comfortable retirement with a modest income. They have a lower level of formal education and are generally satisfied with their mental health, but their physical health could be better. With no children in the household, they often rely on local services that are seen as average, and they tend to use public transport occasionally."
Unemployed,Havering,9243,40.7,Yes,None/Not applicable,3.8,722.7,1.4,0.5,0.3,Female,3.5,377.4,40.9,45.8,3.3,2.5,2.3,2.7,3.0,3.7,779.2,No,Employer premises,-8.0,Unemployed: 100%,E09000016,LA,Unemployed,Struggling Urban Families,"This group consists predominantly of unemployed individuals, averaging around 40 years old, often living in households with multiple members but few children. They face challenges such as low monthly income and poor mental and physical health, compounded by limited access to local services and public transport, which affects their community integration."
Student,Havering,7744,22.4,,None/Not applicable,3.4,944.5,3.1,0.1,0.0,Female,3.7,452.0,43.6,56.0,3.3,2.4,2.2,2.7,8.7,3.5,911.0,No,Employer premises,-8.0,Student / training: 100%,E09000016,LA,Student,Vibrant Young Scholars,"This group comprises primarily female students with an average age of just over 22, living in shared households. They are characterized by a moderate level of education, low income, and a strong reliance on public transport, reflecting their active pursuit of education in a community that fosters social connections."
On leave,Havering,7051,44.2,,None/Not applicable,3.7,1059.5,1.1,1.5,0.7,Female,4.0,311.9,43.7,48.2,3.5,2.7,2.3,2.7,1.2,3.9,1363.9,Yes,Employer premises,-8.0,On leave: 100%,E09000016,LA,On leave,Temporary Leave Seekers,"This group consists primarily of women in their mid-40s who are currently on leave from work. They have a relatively moderate level of education and belong to a higher social class, but face challenges with both mental and physical health. With a household size of four and a strong reliance on public transport, they experience average satisfaction with local services and exhibit a decent sense of community cohesion."
Inactive,Havering,10015,47.9,,None/Not applicable,4.1,1357.1,1.0,0.4,0.2,Female,2.8,247.4,36.3,35.1,3.4,2.7,2.3,2.8,-0.3,4.1,849.3,No,-8.0,-8.0,Inactive: 100%,E09000016,LA,Inactive,Inactive Community Members,"This group primarily consists of inactive individuals, averaging nearly 48 years old, and predominantly female. With limited income and lower scores in both mental and physical health, they experience moderate neighborhood cohesion and are reliant on public transport, highlighting a need for improved local services and community support."
Employed 1,Hillingdon,17340,55.9,,None/Not applicable,1.8,3001.1,3.4,0.0,0.0,Female,2.6,1795.1,48.4,50.9,3.5,2.7,2.3,2.6,21.2,3.9,4890.8,Yes,Employer premises,-8.0,Employed: 100%,E09000017,LA,Employed,Mid-Career Urban Professionals,"This group comprises predominantly female professionals in their late 50s, earning a solid income with a high level of education. They enjoy a reasonable standard of living and tend to live in two-person households, but they may face challenges with community cohesion and local services."
Employed 2,Hillingdon,6140,34.6,,Muslim/Islam,2.5,1784.3,2.8,0.8,0.2,Male,6.5,939.4,45.9,50.7,3.6,2.5,2.2,2.7,14.8,3.6,1438.7,Yes,Employer premises,-8.0,Employed: 100%,E09000017,LA,Employed,Young Urban Muslim Professionals,"This group consists of young, predominantly male professionals in their mid-30s, actively employed and living in larger households. They have a moderate level of education and income, alongside reasonable health scores, but face some challenges with local services and community cohesion."
Employed 3,Hillingdon,13815,30.4,Yes,None/Not applicable,1.9,2536.1,2.9,0.0,0.0,Male,2.1,1851.9,44.6,54.5,3.2,2.4,2.3,2.6,25.1,3.6,2950.0,Yes,Employer premises,-8.0,Employed: 100%,E09000017,LA,Employed,Ambitious Young Professionals,"This group consists of young, employed males in their early 30s, who are predominantly highly qualified with a strong focus on their careers. They experience moderate mental health challenges but are generally in good physical health, with a decent income and a reliance on public transport for commuting, reflecting their urban lifestyle."
Employed 4,Hillingdon,23920,42.3,Yes,None/Not applicable,1.6,2863.1,3.0,1.6,1.0,Female,3.8,1920.8,46.2,53.4,3.5,2.7,2.2,2.5,22.4,4.0,4600.8,Yes,Employer premises,-8.0,Employed: 100%,E09000017,LA,Employed,Diverse Working Families,"This group consists of employed women who are well-qualified, with an average degree, and a stable family life, typically having one child. They experience moderate mental health challenges and have a somewhat diverse community background, reflected in their use of public transport for commuting despite a reliance on personal vehicles."
Employed 5,Hillingdon,11691,47.8,Yes,None/Not applicable,1.6,7135.8,2.8,1.1,0.7,Male,3.6,3822.5,49.0,54.2,3.6,2.6,2.2,2.5,28.2,3.7,5555.9,Yes,Employer premises,-8.0,Employed: 100%,E09000017,LA,Employed,Diverse Urban Professionals,"This group consists of employed individuals, predominantly male, with a strong educational background, averaging a higher degree. They have a moderate household size and are likely to have one child, reflecting a blend of family and professional life. With a decent income and reasonable mental and physical health scores, they navigate their urban environment while relying on public transport for daily commuting."
Employed 6,Hillingdon,12750,27.7,,None/Not applicable,3.2,1569.1,6.7,0.0,0.0,Male,3.5,1199.8,44.5,53.6,3.3,2.5,2.1,2.6,21.0,3.7,1793.8,Yes,Employer premises,-8.0,Employed: 100%,E09000017,LA,Employed,Young Urban Strivers,"This group consists of young, predominantly male individuals in their late twenties who are employed and earning a moderate income. With a focus on their careers, they tend to live in shared households and have no children, reflecting a lifestyle centered around work and social engagements in urban settings."
Employed 7,Hillingdon,22008,57.2,,None/Not applicable,4.1,1974.6,6.0,0.0,0.0,Male,2.7,1291.8,48.8,49.3,3.5,2.7,2.2,2.7,16.9,3.9,3299.5,Yes,Employer premises,-8.0,Employed: 100%,E09000017,LA,Employed,Middle-Aged Commuter Males,"This group consists of predominantly middle-aged men who are employed and live in households averaging nearly three members. They have a moderate level of education, with qualifications typically around A-levels, and experience decent mental and physical health, although slightly below average. They rely on public transport for commuting but also own a vehicle, indicating flexibility in their travel options."
Employed 8,Hillingdon,23000,42.8,No,None/Not applicable,3.6,2025.2,5.9,1.7,1.0,Male,4.0,1220.4,46.7,51.7,3.6,2.6,2.2,2.6,15.3,4.1,3470.3,Yes,Employer premises,-8.0,Employed: 100%,E09000017,LA,Employed,Working-Class Commuters,"This group consists of employed individuals, primarily male, averaging just under 43 years old. They tend to have some higher education but predominantly work in lower supervisory roles, enjoy moderate income, and face challenges in mental health, reflecting a typical working-class lifestyle with reliance on public transport and limited local services."
Employed 9,Hillingdon,704,50.1,,Other,2.3,2873.2,4.1,0.5,0.3,Female,2.9,1499.0,46.5,49.3,3.6,2.4,2.1,2.4,18.2,3.7,4002.6,Yes,Employer premises,-8.0,Employed: 100%,E09000017,LA,Employed,Mid-Career Urban Commuters,"This group consists largely of employed women in their early fifties, balancing work and life in a dynamic urban setting. With a decent income and moderate health scores, they navigate their daily commutes using public transport, while also expressing a need for better local services and community connections."
Retired 1,Hillingdon,27081,79.4,,Christian,4.7,1332.1,0.0,0.0,0.0,Female,2.0,3.3,49.3,38.2,3.7,2.6,2.2,2.7,-4.8,4.0,937.9,Yes,-8.0,-8.0,Retired: 100%,E09000017,LA,Retired,Contented Senior Citizens,"This group consists primarily of retired women averaging nearly 80 years of age, enjoying a stable income. They typically live in small households without children and exhibit moderate community cohesion, though they face challenges with physical health and local service standards."
Retired 2,Hillingdon,492,76.8,,Other,4.1,2623.6,0.2,0.0,0.0,Female,1.8,75.5,47.8,34.8,3.7,2.4,2.1,2.7,-5.3,3.4,764.4,No,-8.0,-8.0,Retired: 100%,E09000017,LA,Retired,Independent Elderly Women,"This group consists primarily of retired women living alone, with an average age of nearly 77. They tend to have moderate educational qualifications and a comfortable income, but face challenges in physical health and community engagement, reflected in lower scores for local services and neighbourhood cohesion."
Retired 3,Hillingdon,11575,74.1,,Christian,1.9,2545.2,0.2,0.0,0.0,Male,2.0,199.7,50.7,43.5,3.7,2.7,2.3,2.6,-4.1,3.9,2828.5,Yes,-8.0,-8.0,Retired: 100%,E09000017,LA,Retired,Affluent Elderly Gentlemen,"This group consists of well-educated retired men, averaging 74 years old, who enjoy a comfortable lifestyle with a high monthly income. Despite their strong educational background, they experience some challenges in physical health, and they live in a community with moderate cohesion and local service satisfaction."
Retired 4,Hillingdon,4696,67.7,,None/Not applicable,3.3,1449.7,5.4,0.0,0.0,Male,2.2,919.3,50.4,46.6,3.6,2.8,2.3,2.6,15.4,3.9,3434.0,Yes,Employer premises,-8.0,Retired: 100%,E09000017,LA,Retired,Comfortable Retired Gentlemen,"This group consists of older men, averaging 67 years, who are fully retired and enjoy a comfortable lifestyle. With a moderate income and decent health scores, they have no children living at home and tend to value community, even though local services could improve."
Retired 5,Hillingdon,480,65.2,,None/Not applicable,3.4,1659.6,0.7,1.2,1.0,Male,3.8,658.0,49.1,42.1,4.0,2.7,1.7,2.3,-0.5,3.3,3851.6,Yes,-8.0,-8.0,Retired: 100%,E09000017,LA,Retired,Active Golden Agers,"This group consists of retired males averaging 65 years old, enjoying a moderate income and reasonable community ties. Despite facing some physical health challenges, they remain engaged in their neighborhoods, leveraging local transport and maintaining a family-oriented household."
Unemployed 1,Hillingdon,3925,40.8,Yes,Muslim/Islam,3.4,951.3,1.6,1.9,1.0,Female,4.2,456.2,41.9,43.7,3.4,2.5,2.2,2.6,3.7,3.6,794.4,No,Employer premises,-8.0,Unemployed: 100%,E09000017,LA,Unemployed,Struggling Urban Families,"This group consists primarily of unemployed women, often single parents, navigating life in a challenging urban environment. With low household income and health scores, they face difficulties in accessing local services and community support, while also dealing with the complexities of raising children in a non-English speaking background."
Unemployed 2,Hillingdon,9105,43.2,,None/Not applicable,3.7,627.8,1.2,0.0,0.0,Male,3.7,303.4,42.0,46.4,3.4,2.3,2.2,2.7,1.4,3.4,652.7,No,Employer premises,-8.0,Unemployed: 100%,E09000017,LA,Unemployed,Struggling Urban Dwellers,"This group consists mainly of unemployed males around 43 years old, living in households with an average size of nearly four. They face significant financial challenges, with low personal income and poor mental and physical health scores, indicating a need for improved local services and community support."
Student,Hillingdon,9334,23.4,,None/Not applicable,3.2,1002.5,2.9,0.1,0.1,Male,3.8,464.4,44.6,54.8,3.3,2.3,2.2,2.7,8.8,3.5,768.4,No,Employer premises,-8.0,Student / training: 100%,E09000017,LA,Student,Urban Student Life,"This group consists predominantly of young individuals around the age of 23, who are fully engaged in their studies and live in shared households. They typically have lower incomes and qualifications, and while they enjoy a vibrant urban lifestyle, their mental health scores indicate some challenges in well-being, reflecting the pressures of student life in a bustling environment."
On leave,Hillingdon,8231,44.4,,None/Not applicable,3.5,1032.3,1.0,1.5,0.7,Female,4.3,300.7,44.2,47.4,3.5,2.6,2.2,2.6,0.7,3.8,1068.6,Yes,Employer premises,-8.0,On leave: 100%,E09000017,LA,On leave,Temporary Leave Takers,"This group consists primarily of women in their mid-40s who are currently on leave from work. With a moderate level of education and a strong presence of community ties, they navigate the challenges of balancing family life with personal health, often relying on public transport and local services that are perceived as lacking."
Inactive,Hillingdon,10678,47.7,,None/Not applicable,3.8,1307.7,1.1,0.4,0.2,Female,3.0,273.1,36.2,35.3,3.4,2.6,2.2,2.8,0.9,4.0,828.1,No,-8.0,-8.0,Inactive: 100%,E09000017,LA,Inactive,Struggling Inactive Residents,"This group consists predominantly of inactive females with an average age of nearly 48, who have limited engagement in the workforce and lower qualifications. They experience significant challenges regarding their mental and physical health, as well as lower satisfaction with local services, contributing to a sense of community disconnect."
Employed 1,Hounslow,9644,32.0,,Muslim/Islam,2.7,1567.8,4.2,0.3,0.1,Male,6.2,956.4,46.0,51.5,3.6,2.6,2.1,2.7,16.3,3.6,1219.2,Yes,Employer premises,-8.0,Employed: 100%,E09000018,LA,Employed,Young Muslim Professionals,"This group consists mainly of young employed Muslim males, averaging 32 years old, who are navigating their careers while living in larger households. With a decent income and a focus on public transport, they show a moderate level of community cohesion, though they face some challenges in mental health and local service satisfaction."
Employed 2,Hounslow,18985,53.1,,None/Not applicable,1.6,4221.9,3.0,0.0,0.0,Male,2.5,2409.5,48.4,52.2,3.4,2.6,2.2,2.6,24.6,3.7,4869.6,Yes,Employer premises,-8.0,Employed: 100%,E09000018,LA,Employed,Middle-Aged Urban Professionals,"This group consists primarily of middle-aged men with high educational qualifications, typically holding higher degrees. They enjoy a comfortable income while living in households with no children, indicating a focus on career and personal pursuits. Despite their solid financial standing, they experience moderate mental health challenges and live in areas with average community cohesion and local services."
Employed 3,Hounslow,24011,43.0,No,None/Not applicable,3.3,1988.2,5.6,1.8,1.0,Male,4.1,1198.4,46.3,51.4,3.5,2.6,2.2,2.6,15.3,4.0,3357.3,Yes,Employer premises,-8.0,Employed: 100%,E09000018,LA,Employed,Middle-Class Family Strivers,"This group consists of predominantly employed men aged around 43, balancing work and family life with an average of nearly two children per household. They have moderate qualifications and income levels, and while they experience some challenges with mental health, they maintain a decent standard of living, relying on public transport and local amenities that could use improvement."
Employed 4,Hounslow,22739,56.9,,None/Not applicable,3.8,1974.8,6.0,0.0,0.0,Male,2.7,1333.2,48.8,49.2,3.5,2.5,2.2,2.6,18.0,3.8,2896.2,Yes,Employer premises,-8.0,Employed: 100%,E09000018,LA,Employed,Middle-Aged Commuting Workers,"This group primarily consists of middle-aged men, averaging nearly 57 years old, who are engaged in employment and live in households of about 2.7 people. With moderate qualifications and a social class ranking indicating semi-routine jobs, they face challenges in mental and physical health, while relying on public transport for commuting and expressing a low level of satisfaction with local services."
Employed 5,Hounslow,24878,43.5,Yes,None/Not applicable,1.5,4092.0,2.8,1.7,1.0,Male,3.9,2458.2,47.2,53.4,3.5,2.6,2.2,2.5,23.9,3.9,4577.2,Yes,Employer premises,-8.0,Employed: 100%,E09000018,LA,Employed,Ambitious Urban Professionals,"This group consists primarily of employed males aged around 43, often with a high level of education, holding first or higher degrees. They typically live in households with a moderate number of children and demonstrate a good level of physical health, though their mental health scores indicate some challenges. Despite their relatively high income and professional status, they experience moderate community cohesion and local service satisfaction."
Employed 6,Hounslow,745,51.7,,Other,2.3,2979.3,4.0,0.5,0.3,Female,2.9,1417.2,46.6,49.3,3.5,2.4,2.2,2.4,18.6,3.7,4272.1,Yes,Employer premises,-8.0,Employed: 100%,E09000018,LA,Employed,Middle-Aged Commuting Workers,"This group consists mainly of employed women in their early fifties, typically working in lower managerial roles. They enjoy a reasonable income but face moderate challenges regarding their mental and physical health. Community ties are relatively strong, although local services like shopping and leisure could use improvement."
Employed 7,Hounslow,22281,29.7,Yes,None/Not applicable,2.3,2051.3,4.6,0.0,0.0,Male,2.4,1557.7,44.5,54.7,3.2,2.4,2.2,2.6,23.1,3.6,2428.4,Yes,Employer premises,-8.0,Employed: 100%,E09000018,LA,Employed,Young Urban Strivers,"This group consists of young males, primarily employed and earning a decent income, but often facing challenges related to their mental health. With a focus on public transport and a moderate level of community cohesion, they navigate urban life without children, reflecting a dynamic yet demanding stage of life."
Retired 1,Hounslow,9148,74.7,,Christian,1.8,2538.7,0.2,0.0,0.0,Male,1.8,175.0,50.2,43.7,3.7,2.7,2.2,2.6,-3.9,3.8,2608.0,Yes,-8.0,-8.0,Retired: 100%,E09000018,LA,Retired,Affluent Senior Singles,"This group consists of older males, primarily living alone, with an impressive average level of education and a high income for their demographic. They enjoy a comfortable retirement lifestyle, though they may face challenges with physical health and local service satisfaction."
Retired 2,Hounslow,17495,79.2,,Christian,4.6,1359.8,0.0,0.0,0.0,Female,1.8,2.4,49.0,38.2,3.7,2.5,2.2,2.7,-4.7,4.0,827.9,Yes,-8.0,-8.0,Retired: 100%,E09000018,LA,Retired,Independent Senior Women,"This group consists of retired women averaging 79 years old, living independently without children in the household. They have a moderate level of education, with most holding A-level qualifications, and experience a mix of mental and physical health challenges. Despite their age, they maintain a degree of financial independence, though they face some limitations in local services and community cohesion."
Retired 3,Hounslow,4102,68.6,,None/Not applicable,3.1,1430.1,5.4,0.0,0.0,Male,2.2,982.2,50.0,46.9,3.6,2.7,2.3,2.6,16.8,3.8,3310.8,Yes,Employer premises,-8.0,Retired: 100%,E09000018,LA,Retired,Independent Retired Gentlemen,"This group consists of older men, averaging nearly 69 years, who are fully retired and live in smaller households. They have a decent yet modest income, with a moderate level of education and average health scores, indicating that while they enjoy their independence, they may also face some health challenges."
Retired 4,Hounslow,471,67.1,,Muslim/Islam,3.8,1188.2,0.8,1.2,1.0,Male,3.9,530.1,50.2,40.0,4.2,2.5,1.7,2.2,-0.5,3.1,2301.4,No,-8.0,-8.0,Retired: 100%,E09000018,LA,Retired,Active Retired Community Members,"This group consists of older Muslim men, predominantly retired, who maintain a moderate level of community engagement and social interaction. They enjoy a good level of mental health, though their physical health is slightly lower, and they rely on public transport for mobility, indicating a commitment to remaining active despite not driving."
Retired 5,Hounslow,2606,76.1,,Muslim/Islam,4.3,1457.1,0.1,0.0,0.0,Female,5.2,21.3,48.0,36.8,3.8,2.1,1.9,2.7,-4.0,3.7,586.0,Yes,-8.0,-8.0,Retired: 100%,E09000018,LA,Retired,Elderly Muslim Matriarchs,"This group consists of elderly Muslim women, primarily retired and living in larger households. Despite facing health challenges, they maintain a moderate income and demonstrate a strong sense of community, though they experience lower satisfaction with local services."
Unemployed 1,Hounslow,3940,41.2,,Muslim/Islam,3.3,871.7,1.7,2.0,1.0,Female,4.3,483.9,42.3,43.2,3.4,2.4,2.2,2.5,3.7,3.6,752.8,No,Employer premises,-8.0,Unemployed: 100%,E09000018,LA,Unemployed,Struggling Muslim Families,"This group consists primarily of unemployed Muslim women, averaging 41 years old, who are raising two children in a larger household. They face significant challenges with low personal income and health issues, while living in a community with moderate cohesion and limited access to quality local services."
Unemployed 2,Hounslow,9326,44.5,,Muslim/Islam,3.6,632.1,1.2,0.0,0.0,Male,3.8,289.6,42.2,45.8,3.4,2.3,2.2,2.7,1.5,3.4,513.7,No,Employer premises,-8.0,Unemployed: 100%,E09000018,LA,Unemployed,Struggling Urban Muslims,"This group comprises primarily unemployed Muslim men in their mid-40s, living in larger households with no children. They face significant challenges, reflected in low monthly income and poor mental and physical health scores, while experiencing limited community cohesion and dissatisfaction with local services."
Student,Hounslow,7458,23.8,,Muslim/Islam,3.1,1019.5,2.8,0.1,0.1,Male,3.9,448.9,45.4,54.5,3.3,2.3,2.2,2.7,8.2,3.5,760.1,No,Employer premises,-8.0,Student / training: 100%,E09000018,LA,Student,Urban Student Life,"This group is composed of young, predominantly male students living in a vibrant urban environment. With an average age of just under 24, they are focused on their education and have a moderate income, relying heavily on public transport. Community ties are present but not particularly strong, reflecting the challenges of student life in a bustling city."
On leave,Hounslow,7798,44.5,,Muslim/Islam,3.5,1021.4,0.9,1.5,0.7,Female,4.4,260.1,44.0,47.1,3.5,2.5,2.2,2.7,0.2,3.8,933.9,Yes,Employer premises,-8.0,On leave: 100%,E09000018,LA,On leave,Temporary Leave Families,"This group predominantly consists of Muslim women around the age of 44, who are currently on leave from work. They typically have a moderate level of education and face challenges with mental and physical health, while managing small households with children in a community with moderate cohesion."
Inactive 1,Hounslow,2207,42.4,,None/Not applicable,3.4,1839.8,1.6,1.6,1.0,Female,3.9,482.9,37.5,36.8,3.4,2.6,2.3,2.8,4.2,3.8,1641.5,Yes,Employer premises,-8.0,Inactive: 100%,E09000018,LA,Inactive,Disengaged Domestic Caregivers,"This group consists predominantly of inactive females aged around 42, often managing households of about four members, including at least one child. They tend to have lower qualifications and experience mental and physical health challenges, which may contribute to their current employment status, while displaying moderate community engagement."
Inactive 2,Hounslow,7816,49.7,,None/Not applicable,3.8,1140.6,1.0,0.0,0.0,Female,2.8,182.9,36.2,35.4,3.4,2.6,2.2,2.7,-0.2,3.9,676.8,No,-8.0,-8.0,Inactive: 100%,E09000018,LA,Inactive,Inactive Urban Dwellers,"This group consists primarily of middle-aged women who are currently inactive in the workforce and do not have children. They experience lower mental and physical health scores and have limited income and reliance on public transport, indicating challenges in their daily lives and community engagement."
Employed 1,Islington,7846,30.3,,Muslim/Islam,2.3,1723.1,2.7,0.2,0.1,Male,6.0,852.2,45.3,52.1,3.4,2.4,2.2,2.7,18.5,3.4,899.1,Yes,Employer premises,-8.0,Employed: 100%,E09000019,LA,Employed,Diverse Young Professionals,"This group consists mainly of young Muslim men in their early thirties, who are employed and living in larger households. They have a solid educational background with a first degree on average, but face some challenges in mental health and local service satisfaction, indicating room for community support and improvement."
Employed 2,Islington,20069,28.9,,None/Not applicable,3.0,1643.6,6.5,0.0,0.0,Male,2.9,1261.3,44.0,53.6,3.3,2.5,2.1,2.7,22.5,3.7,1613.1,Yes,Employer premises,-8.0,Employed: 100%,E09000019,LA,Employed,Young Urban Workers,"This group consists of young, predominantly male professionals who are employed and live in households with a few members. They have a moderate level of education and income, but face some challenges in mental health and community cohesion, reflecting a busy urban lifestyle with limited local services."
Employed 3,Islington,8841,44.2,Yes,None/Not applicable,1.4,6391.5,2.8,0.0,0.0,Male,2.1,3400.3,47.0,54.2,3.3,2.3,2.2,2.5,25.1,3.5,4808.0,Yes,Employer premises,-8.0,Employed: 100%,E09000019,LA,Employed,Ambitious Mid-career Professionals,"This group consists of predominantly male individuals in their mid-40s who are highly educated, averaging a higher degree qualification. They enjoy a comfortable income, are employed full-time, and typically live in small households with no children, indicating a focus on their professional lives and personal development."
Employed 4,Islington,17587,39.7,Yes,None/Not applicable,1.4,2547.4,3.4,1.6,1.0,Female,3.7,1727.2,45.5,53.7,3.5,2.7,2.2,2.5,21.1,4.0,4188.2,Yes,Employer premises,-8.0,Employed: 100%,E09000019,LA,Employed,Diverse Working Families,"This group comprises primarily employed women around 40 years old, often with one child, who speak English as a second language. They hold high qualifications and earn a decent income, yet they experience moderate mental health challenges and live in communities with a fair level of cohesion."
Employed 5,Islington,14702,55.7,,None/Not applicable,4.0,1999.6,6.1,0.0,0.0,Male,2.4,1328.9,48.9,49.0,3.4,2.7,2.2,2.7,16.6,3.8,3126.7,Yes,Employer premises,-8.0,Employed: 100%,E09000019,LA,Employed,Middle-Aged Commuter Males,"This group consists primarily of middle-aged men averaging around 56 years old, who are fully employed and have a moderate level of education, typically holding A-level qualifications. They experience average mental and physical health scores, live in households without children, and use public transport for commuting, despite having access to a car. Their satisfaction with local services is relatively low, indicating potential areas for improvement in their community."
Employed 6,Islington,25608,30.6,Yes,None/Not applicable,1.5,2522.1,2.9,0.0,0.0,Male,2.0,1902.4,44.1,55.4,3.1,2.4,2.3,2.6,26.3,3.6,2826.4,Yes,Employer premises,-8.0,Employed: 100%,E09000019,LA,Employed,Young Urban Migrants,"This group consists of young, male professionals in their 30s who have moved to urban areas, often speaking English as a second language. With high qualifications and decent incomes, they tend to be well-educated and employed, but they struggle with mental health while navigating a community that is moderately cohesive."
Employed 7,Islington,13965,40.2,No,None/Not applicable,3.5,2045.0,5.9,1.7,1.0,Female,3.8,1219.7,45.7,51.6,3.5,2.6,2.2,2.6,15.8,4.1,3315.2,Yes,Employer premises,-8.0,Employed: 100%,E09000019,LA,Employed,Working-Class Families,"This group consists of predominantly employed women in their early 40s, typically managing households with around two children. They have moderate qualifications and income levels, indicating they are likely to be working hard to provide for their families while facing challenges related to mental health and community resources."
Employed 8,Islington,603,48.4,,Other,2.1,2925.0,3.8,0.4,0.2,Female,2.5,1628.7,46.8,48.4,3.5,2.3,2.1,2.4,18.9,3.6,4014.1,Yes,Employer premises,-8.0,Employed: 100%,E09000019,LA,Employed,Middle-Aged Urban Professionals,"This group consists primarily of employed women around the age of 48, characterized by their decent earning potential and moderate qualifications, with most holding a first degree. They enjoy a reasonable standard of living but face challenges with their mental and physical health. Despite living in a community with average cohesion, they rely heavily on public transport for commuting and have limited local services satisfaction."
Employed 9,Islington,6668,43.6,,None/Not applicable,1.5,6305.1,2.8,1.7,1.0,Male,3.9,3402.0,48.0,54.5,3.5,2.7,2.2,2.5,26.2,3.9,5909.8,Yes,Employer premises,-8.0,Employed: 100%,E09000019,LA,Employed,Middle-Class Commuter Dads,"This group consists of employed males around age 43, typically earning a high income and holding advanced qualifications. They are family-oriented, with an average of 1.7 children in the household, but face moderate mental health challenges and live in areas with decent community cohesion."
Employed 10,Islington,13707,55.2,,None/Not applicable,1.6,2446.1,3.7,0.0,0.0,Female,2.3,1515.2,47.7,50.1,3.4,2.6,2.3,2.6,19.4,3.8,4155.4,Yes,Employer premises,-8.0,Employed: 100%,E09000019,LA,Employed,Mid-Career Urban Professionals,"This group consists of employed women in their mid-50s who hold advanced qualifications and earn a comfortable income. They live in small households without children, indicating a focus on career and personal development, while their moderate mental and physical health scores suggest a need for better community and local services."
Retired 1,Islington,15102,78.9,,Christian,4.7,1397.9,0.0,0.0,0.0,Female,1.7,2.3,49.0,36.7,3.7,2.5,2.2,2.7,-4.5,3.9,739.2,Yes,-8.0,-8.0,Retired: 100%,E09000019,LA,Retired,Older Independent Retirees,"This group consists of predominantly elderly women living alone, with an average age of nearly 79. They have a moderate level of education, a stable income from retirement, and demonstrate a reasonable level of community cohesion, but face challenges in their physical health and local service satisfaction."
Retired 2,Islington,7670,72.5,,Christian,1.8,2470.8,0.2,0.0,0.0,Male,1.8,193.9,49.9,43.2,3.7,2.7,2.3,2.6,-3.8,3.8,2893.0,Yes,-8.0,-8.0,Retired: 100%,E09000019,LA,Retired,Affluent Elderly Gentlemen,"This group consists of well-off retired men averaging around 72 years old, enjoying a comfortable lifestyle with a high level of education, often holding higher degrees. Despite being in good financial shape, their physical health scores suggest they may face some challenges, while their community engagement is moderate, indicating a decent but not overly strong sense of neighbourhood cohesion."
Retired 3,Islington,165,59.2,,None/Not applicable,3.4,1569.3,1.4,1.3,1.0,Male,3.4,809.4,48.8,39.0,3.8,3.3,1.9,2.3,2.8,3.8,3217.3,Yes,-8.0,-8.0,Retired: 100%,E09000019,LA,Retired,Active Retired Explorers,"This group of retired individuals is marked by their engagement in community activities and a relatively high level of social interaction despite their age. They enjoy a stable income and possess a strong sense of neighborhood cohesion, although they face some challenges with physical health and local service satisfaction."
Retired 4,Islington,2842,67.0,,None/Not applicable,3.0,1492.1,5.3,0.0,0.0,Male,2.0,878.6,50.1,46.3,3.6,2.8,2.3,2.6,16.0,3.8,3390.3,Yes,Employer premises,-8.0,Retired: 100%,E09000019,LA,Retired,Active Retired Men,"This group consists of retired men who are around 67 years old and have a moderate educational background, with qualifications in higher education. They maintain a reasonably comfortable income level but face some health challenges, and they live in a community with moderate cohesion and local services that could be improved."
Unemployed 1,Islington,3322,38.0,Yes,None/Not applicable,3.2,1049.8,1.4,1.8,1.0,Female,3.8,546.8,40.6,44.5,3.4,2.5,2.3,2.6,4.7,3.5,708.0,No,Employer premises,-8.0,Unemployed: 100%,E09000019,LA,Unemployed,Struggling Single Parents,"This group primarily consists of unemployed females, averaging 38 years old, who are navigating life with an average of 1.8 children in their households. Despite facing challenges related to health and lower income, they maintain a strong commitment to their families while living in communities with moderate cohesion and limited local services."
Unemployed 2,Islington,10709,39.9,,None/Not applicable,3.4,669.1,1.4,0.0,0.0,Male,3.2,395.5,40.1,47.0,3.3,2.3,2.2,2.7,3.9,3.3,471.5,No,Employer premises,-8.0,Unemployed: 100%,E09000019,LA,Unemployed,Struggling Job Seekers,"This group consists of predominantly unemployed males in their late thirties, who have a moderate level of education and limited income. They experience challenges in both mental and physical health, while living in a community with average cohesion and lower satisfaction with local services."
Student,Islington,9083,24.0,,None/Not applicable,3.1,1041.9,2.6,0.1,0.0,Female,3.6,517.3,44.2,55.0,3.3,2.3,2.2,2.7,9.8,3.5,812.6,No,Employer premises,-8.0,Student / training: 100%,E09000019,LA,Student,Young Urban Students,"This group consists primarily of young, female students living in shared households. They have a moderate level of qualifications and a limited income, relying heavily on public transport for mobility. With no children and a focus on education, they navigate their vibrant urban environment while facing challenges related to mental health and local services."
On leave,Islington,7519,39.6,,None/Not applicable,3.1,1287.4,1.4,1.5,0.7,Female,3.8,486.7,43.0,48.6,3.4,2.6,2.3,2.7,5.2,3.8,1441.6,Yes,Employer premises,-8.0,On leave: 100%,E09000019,LA,On leave,Temporary Leave Residents,"This group consists mainly of women in their late 30s who are currently on leave from their jobs. With a moderate social class and average qualifications, they typically have a small family and face some challenges with mental health while living in a community with moderate cohesion and limited local services."
Inactive 1,Islington,2522,40.0,,None/Not applicable,3.6,1702.1,1.1,1.7,1.0,Female,3.8,271.7,36.1,35.1,3.4,2.5,2.3,2.9,-0.4,3.7,951.6,Yes,Employer premises,-8.0,Inactive: 100%,E09000019,LA,Inactive,Inactive Urban Caregivers,"This group primarily consists of women in their 40s who are currently inactive in the workforce, often managing household responsibilities and caring for children. Despite a moderate level of education and a relatively high social class, they face challenges with both mental and physical health, which may impact their engagement with local services and community activities."
Inactive 2,Islington,12214,46.5,,None/Not applicable,3.8,1250.8,0.8,0.0,0.0,Female,2.3,165.6,35.6,36.0,3.3,2.6,2.2,2.8,-0.8,4.0,697.4,No,-8.0,-8.0,Inactive: 100%,E09000019,LA,Inactive,Inactive Urban Residents,"This group consists of predominantly inactive females averaging around 46 years old, living in households with a modest income and no children. They exhibit lower mental and physical health scores, indicating challenges in well-being, and experience limited satisfaction with local services, suggesting a need for improved community support and resources."
Employed 1,Kensington and Chelsea,52993,45.9,Yes,None/Not applicable,2.1,2781.7,4.2,0.0,0.0,Male,2.1,1720.8,47.1,52.8,3.3,2.5,2.2,2.6,20.8,3.7,3445.5,Yes,Employer premises,-8.0,Employed: 100%,E09000020,LA,Employed,Working-Class City Dwellers,"This group consists of employed males in their late 40s, predominantly using public transport to navigate urban life. They have a solid educational background with a first degree but face challenges in mental health, indicating a need for community support and better local services."
Employed 2,Kensington and Chelsea,26082,41.9,Yes,None/Not applicable,2.1,2953.9,4.0,1.5,0.9,Male,4.1,1733.5,46.6,53.3,3.5,2.6,2.2,2.5,19.3,3.9,3947.9,Yes,Employer premises,-8.0,Employed: 100%,E09000020,LA,Employed,Middle-Class Commuter Families,"This group consists of employed males, averaging in their early forties, who often commute to work and have an average of one to two children. With a moderate income and qualifications, they demonstrate a blend of work-life balance while navigating challenges in mental health and local service satisfaction."
Retired 1,Kensington and Chelsea,9084,75.0,,Christian,1.6,2482.1,0.2,0.0,0.0,Female,1.6,147.3,51.0,44.5,3.7,2.7,2.2,2.6,-3.6,3.8,2786.7,Yes,-8.0,-8.0,Retired: 100%,E09000020,LA,Retired,Independent Golden Agers,"This group consists of mostly retired women around the age of 75, enjoying a comfortable lifestyle with a high level of education and an impressive monthly income. They live alone, exhibit moderate mental health, and engage with their community, although they face some challenges with local services and physical health."
Retired 2,Kensington and Chelsea,4348,69.6,,None/Not applicable,2.5,1539.5,5.1,0.0,0.0,Female,2.0,868.1,50.6,48.0,3.6,2.7,2.2,2.5,14.7,3.9,3510.8,Yes,Employer premises,-8.0,Retired: 100%,E09000020,LA,Retired,Independent Retired Women,"This group consists of retired women averaging nearly 70 years old who enjoy a degree of financial stability with a modest monthly income. They live in small households without children, demonstrating a fair level of community engagement but face challenges with local services and physical health."
Retired 3,Kensington and Chelsea,143,63.8,,Christian,2.3,1741.2,1.6,1.3,1.0,Male,4.0,980.7,48.0,47.6,3.8,3.4,2.0,2.2,4.5,3.9,4846.9,Yes,-8.0,-8.0,Retired: 100%,E09000020,LA,Retired,Active Retired Gentlemen,"This group consists of predominantly male retirees with a strong sense of community and decent financial stability, averaging a good income for their age. They are well-educated, typically holding a first degree, and enjoy a moderate quality of life, although they face some challenges with their physical and mental health."
Retired 4,Kensington and Chelsea,10917,80.7,,Christian,4.4,1395.8,0.0,0.0,0.0,Female,1.6,5.4,50.3,38.6,3.7,2.5,2.2,2.7,-4.3,3.9,731.2,Yes,-8.0,-8.0,Retired: 100%,E09000020,LA,Retired,Independent Senior Living,"This group consists of retired women averaging around 81 years old, living independently without children in their households. They enjoy a modest income and have a decent mental health score, but face challenges with their physical health and local services, which impacts their overall quality of life."
Retired 5,Kensington and Chelsea,300,76.6,,Other,3.9,2872.1,0.1,0.0,0.0,Female,1.4,21.6,48.0,37.4,3.8,2.3,2.1,2.6,-5.3,3.3,523.5,No,-8.0,-8.0,Retired: 100%,E09000020,LA,Retired,Independent Elderly Women,"This group consists of elderly women, primarily living alone and enjoying a comfortable retirement with a decent monthly income. Although they face some health challenges and rely on public transport, they maintain a reasonable level of community cohesion despite limited local services."
Unemployed 1,Kensington and Chelsea,1847,40.9,Yes,None/Not applicable,2.8,954.3,1.3,1.7,1.0,Female,4.1,674.4,41.7,45.8,3.4,2.5,2.2,2.5,1.3,3.5,863.5,No,Employer premises,-8.0,Unemployed: 100%,E09000020,LA,Unemployed,Struggling Urban Families,"This group primarily consists of unemployed women around 41 years old, often living in larger households with children. They face challenges related to mental and physical health, and their community ties are moderate, with limited access to local services and public transport, indicating a need for support and resources."
Unemployed 2,Kensington and Chelsea,4956,44.0,,None/Not applicable,3.0,681.8,1.4,0.0,0.0,Male,2.7,489.8,41.4,47.1,3.3,2.2,2.2,2.7,4.7,3.3,650.4,No,Employer premises,-8.0,Unemployed: 100%,E09000020,LA,Unemployed,Struggling Urban Males,"This group consists predominantly of unemployed men in their mid-40s, with a moderate level of education but limited job prospects. They experience significant mental and physical health challenges and live in households that are relatively small, often relying on public transport in a community with average cohesion and local services."
Student,Kensington and Chelsea,4333,25.8,,None/Not applicable,2.7,1215.8,2.5,0.1,0.1,Male,3.1,577.3,45.2,55.8,3.2,2.3,2.1,2.7,9.8,3.6,796.5,No,Employer premises,-8.0,Student / training: 100%,E09000020,LA,Student,Dynamic Young Scholars,"This group consists of predominantly male students in their mid-twenties who are actively engaged in their education. They have a moderate level of qualification and are navigating student life, with low income and minimal family responsibilities, reflecting a focus on personal and academic development."
On leave,Kensington and Chelsea,4741,44.9,,None/Not applicable,2.8,1113.0,1.0,1.4,0.7,Female,3.9,336.0,42.9,48.5,3.5,2.6,2.2,2.7,0.9,3.8,1374.3,Yes,Employer premises,-8.0,On leave: 100%,E09000020,LA,On leave,Temporary Leave Seekers,"This group consists primarily of women in their mid-40s who are currently on leave from work, with a strong presence of higher managerial or professional backgrounds. They maintain a modest income while managing small households, often with at least one child. Despite facing challenges in mental and physical health, they enjoy a relatively good community cohesion but have mixed feelings about local services."
Inactive 1,Kensington and Chelsea,5266,52.3,,None/Not applicable,3.3,1325.6,1.1,0.0,0.0,Female,2.0,184.4,36.1,35.5,3.3,2.5,2.2,2.7,-0.5,3.9,1148.2,No,-8.0,-8.0,Inactive: 100%,E09000020,LA,Inactive,Inactive Urban Dwellers,"This group consists predominantly of middle-aged women who are not currently engaged in the workforce. They have a modest income and lower levels of physical and mental health, and they face challenges related to local services and community cohesion."
Inactive 2,Kensington and Chelsea,1309,42.9,,None/Not applicable,3.2,1570.0,1.5,1.4,0.9,Female,4.2,295.5,37.8,37.7,3.4,2.6,2.3,2.8,0.3,3.7,1704.0,Yes,-8.0,-8.0,Inactive: 100%,E09000020,LA,Inactive,Caring Community Inactives,"This group mainly consists of women aged around 43 who are currently inactive in the workforce, focusing instead on family responsibilities. With a modest income and a slightly above-average level of educational attainment, they report challenges in both mental and physical health, while benefiting from a decent sense of community cohesion despite lower satisfaction with local services."
Employed 1,Kingston upon Thames,483,50.4,,Other,2.2,3056.6,3.8,0.5,0.3,Female,2.8,1550.7,46.0,49.4,3.5,2.5,2.3,2.4,17.6,3.8,3972.3,Yes,Employer premises,-8.0,Employed: 100%,E09000021,LA,Employed,Middle-Aged Urban Workers,"This group consists primarily of employed females around the age of 50, often living in small households without children. They hold a first degree on average and enjoy a stable income, but face moderate mental and physical health challenges, reflecting a need for improved local services and community cohesion."
Employed 2,Kingston upon Thames,16796,42.5,No,None/Not applicable,3.1,1986.3,5.3,1.7,1.0,Male,4.0,1276.6,46.4,52.4,3.6,2.7,2.2,2.6,15.0,4.1,3838.9,Yes,Employer premises,-8.0,Employed: 100%,E09000021,LA,Employed,Middle-Class Commuters,"This group consists predominantly of employed males around their early forties, balancing work and family life with an average of 1.7 children per household. They have a moderate level of education, reflected in their qualifications, and show a strong reliance on public transport for commuting, despite having access to a car, indicating a practical approach to daily travel."
Employed 3,Kingston upon Thames,10840,28.0,,None/Not applicable,3.0,1611.7,5.7,0.0,0.0,Male,3.9,1174.8,44.6,53.6,3.3,2.5,2.2,2.6,20.1,3.7,1795.9,Yes,Employer premises,-8.0,Employed: 100%,E09000021,LA,Employed,Young Urban Workers,"This group consists of young, predominantly male individuals in their late twenties, who are employed but hold qualifications lower than a degree. They earn a modest income and have a decent physical health score, although their mental health score suggests they may be facing some challenges. With no children and a reliance on public transport, they navigate their urban environment while seeking better local services and community connections."
Employed 4,Kingston upon Thames,13575,31.5,Yes,None/Not applicable,1.5,2743.3,3.1,0.0,0.0,Female,1.9,1960.3,44.3,55.2,3.1,2.4,2.2,2.6,25.3,3.6,3010.5,Yes,Employer premises,-8.0,Employed: 100%,E09000021,LA,Employed,Young Urban Professionals,"This group consists primarily of young, employed women in their early thirties, who are likely to be well-educated with higher degrees. Despite their strong income, they face some challenges with mental health and live in a community with moderate cohesion and local service satisfaction, often relying on public transport for their daily commute."
Employed 5,Kingston upon Thames,14176,55.6,Yes,None/Not applicable,1.6,4128.0,3.0,0.0,0.0,Male,2.7,2248.6,48.8,51.8,3.5,2.7,2.3,2.6,22.3,3.8,5487.7,Yes,Employer premises,-8.0,Employed: 100%,E09000021,LA,Employed,Mid-Life Urban Professionals,"This group consists of predominantly male professionals in their mid-50s, who are well-qualified with an average higher degree. They enjoy a comfortable income, although they face challenges with mental health and community engagement, reflected in moderate ratings for local services and neighborhood cohesion."
Employed 6,Kingston upon Thames,15580,56.5,,None/Not applicable,3.8,1963.0,5.9,0.0,0.0,Male,2.5,1294.7,48.8,49.6,3.5,2.7,2.2,2.6,16.4,3.9,3602.3,Yes,Employer premises,-8.0,Employed: 100%,E09000021,LA,Employed,Midlife Commuter Males,"This group consists of middle-aged men with a modest level of higher education and a stable employment status. They earn a decent income but report challenges with both mental and physical health, reflecting a need for better local services and community support."
Employed 7,Kingston upon Thames,18063,43.4,Yes,None/Not applicable,1.4,4324.0,2.7,1.7,1.0,Male,4.0,2556.3,47.0,54.2,3.6,2.8,2.3,2.5,24.8,4.0,5056.0,Yes,Employer premises,-8.0,Employed: 100%,E09000021,LA,Employed,Diverse Working Families,"This group consists of employed individuals, primarily male, with a diverse background and an average age of 43. They tend to have high qualifications and earn a substantial income, yet they navigate challenges in mental health and local services, reflecting a need for community support."
Retired 1,Kingston upon Thames,15130,79.7,,Christian,4.6,1348.9,0.0,0.0,0.0,Female,1.9,3.7,49.6,38.5,3.7,2.6,2.2,2.7,-4.8,4.0,973.2,Yes,-8.0,-8.0,Retired: 100%,E09000021,LA,Retired,Independent Senior Women,"This group consists of older, retired women who typically live alone and enjoy a modest income. With a focus on community and limited physical health, they navigate their local area primarily by car and public transport, while valuing their independence and social connections."
Retired 2,Kingston upon Thames,8569,74.2,,Christian,1.8,2499.0,0.2,0.0,0.0,Male,1.9,163.7,50.5,43.9,3.7,2.7,2.3,2.6,-4.3,3.9,2910.2,Yes,-8.0,-8.0,Retired: 100%,E09000021,LA,Retired,Independent Golden Oldies,"This group of primarily retired males, averaging 74 years old, enjoys a comfortable lifestyle with high educational qualifications and a significant personal income. They prioritize independence, living alone without children in their households, and rely on public transport for occasional travel, reflecting a strong sense of community despite lower satisfaction with local services."
Retired 3,Kingston upon Thames,256,75.7,,Other,3.6,2257.0,0.2,0.0,0.0,Female,1.7,78.4,48.3,37.3,3.7,2.3,2.1,2.7,-4.9,3.5,873.4,Yes,-8.0,-8.0,Retired: 100%,E09000021,LA,Retired,Independent Elderly Women,"This cluster consists of retired women averaging 75 years old, living independently with no children in their households. They enjoy a good level of income but face challenges with physical health, highlighting a need for community support and better local services."
Retired 4,Kingston upon Thames,3355,68.1,,None/Not applicable,3.0,1532.1,5.1,0.0,0.0,Male,2.1,896.9,50.6,46.6,3.6,2.8,2.3,2.6,14.7,3.9,3445.7,Yes,Employer premises,-8.0,Retired: 100%,E09000021,LA,Retired,Active Retirees,"This group consists of older males, averaging 68 years, who are enjoying their retirement with a moderate income. They have some higher education qualifications and exhibit a good level of community engagement, although they might face challenges in physical health and local services."
Retired 5,Kingston upon Thames,235,65.1,,None/Not applicable,2.8,1973.6,0.8,1.1,1.0,Male,3.8,818.0,48.9,44.8,4.1,2.7,1.8,2.3,0.5,3.4,4483.4,Yes,-8.0,-8.0,Retired: 100%,E09000021,LA,Retired,Contented Golden Agers,"This group consists of retired males, averaging around 65 years old, who enjoy a comfortable lifestyle with a decent income and a strong sense of community. They are well-educated with a first degree on average, though they may face some challenges in physical health, indicating a need for accessible local services and leisure activities."
Unemployed,Kingston upon Thames,6909,41.5,Yes,None/Not applicable,3.3,706.6,1.5,0.5,0.3,Female,3.6,445.4,41.1,46.4,3.4,2.4,2.2,2.7,2.7,3.5,764.8,No,Employer premises,-8.0,Unemployed: 100%,E09000021,LA,Unemployed,Struggling Urban Families,"This group consists primarily of unemployed individuals, with an average age of 41.5. They experience significant challenges, reflected in their low mental and physical health scores, and they live in households that are larger than average but often lack access to reliable local services."
Student,Kingston upon Thames,5440,23.6,,None/Not applicable,3.1,1055.5,2.9,0.1,0.0,Female,3.6,509.2,43.7,55.8,3.3,2.4,2.2,2.7,10.1,3.5,845.7,No,Employer premises,-8.0,Student / training: 100%,E09000021,LA,Student,Budget-Conscious Young Scholars,"This group consists mainly of young female students living in shared households, navigating their educational journeys with limited income. They exhibit moderate physical health but face challenges with mental health, reflecting the pressures of student life, while relying heavily on public transport for their daily commutes."
On leave,Kingston upon Thames,4520,44.2,,None/Not applicable,3.1,1032.9,1.2,1.4,0.7,Female,4.0,363.2,44.2,48.6,3.5,2.6,2.2,2.7,1.7,3.9,1434.9,Yes,Employer premises,-8.0,On leave: 100%,E09000021,LA,On leave,Temporary Leave Takers,"This cluster consists predominantly of women aged around 44, who are currently on leave from work. They have a moderate level of education and belong to a higher social class, but their mental and physical health scores suggest they may be experiencing challenges. With a relatively low income and moderate community cohesion, they rely on public transport and have a household size of four, indicating family responsibilities."
Inactive,Kingston upon Thames,6160,47.3,,None/Not applicable,3.5,1292.8,1.2,0.3,0.2,Female,2.8,283.7,35.9,36.3,3.3,2.6,2.3,2.8,0.8,4.0,901.2,No,-8.0,-8.0,Inactive: 100%,E09000021,LA,Inactive,Disengaged Local Residents,"This group consists of primarily inactive individuals, averaging 47 years old, with low engagement in the workforce. They tend to have moderate qualifications and face challenges with both mental and physical health, indicating a need for community support and resources. Despite living in a neighbourhood with decent cohesion, their low satisfaction with local services highlights potential areas for improvement in their living environment."
Employed 1,Lambeth,34834,31.2,Yes,None/Not applicable,1.5,2771.2,2.9,0.0,0.0,Male,2.0,2057.8,44.3,55.4,3.1,2.3,2.3,2.6,26.2,3.6,2769.4,Yes,Employer premises,-8.0,Employed: 100%,E09000022,LA,Employed,Young Urban Professionals,"This group consists of predominantly young males in their early thirties, typically employed in professional roles with high qualifications. They enjoy a decent income and have no children, often living in small households. Despite having good physical health, their mental health scores suggest room for improvement, and they rely on public transport for commuting."
Employed 2,Lambeth,22711,55.8,,None/Not applicable,4.0,1992.1,6.2,0.0,0.0,Male,2.6,1362.4,49.3,49.7,3.4,2.6,2.2,2.7,19.1,3.7,2600.3,Yes,Employer premises,-8.0,Employed: 100%,E09000022,LA,Employed,Middle-Aged Commuter Workers,"This group consists primarily of middle-aged men with an average age of nearly 56 who are fully employed and live in households with a moderate size. They tend to have A-level qualifications and are navigating a working class environment, often relying on public transport for their daily commute, while reporting average mental and physical health scores."
Employed 3,Lambeth,28645,40.7,Yes,None/Not applicable,1.4,2977.9,3.2,1.6,1.0,Female,3.7,1976.9,45.7,54.0,3.4,2.6,2.2,2.5,22.6,4.0,4256.0,Yes,Employer premises,-8.0,Employed: 100%,E09000022,LA,Employed,Diverse Urban Families,"This group consists primarily of employed women in their early 40s, often with one child. They possess a high level of education, reflected in their average qualification being a higher degree, but face challenges with mental health and live in areas with moderate community cohesion and local services."
Employed 4,Lambeth,21359,41.8,No,None/Not applicable,3.4,2107.2,5.9,1.7,1.0,Female,3.8,1259.2,46.4,51.4,3.5,2.5,2.2,2.6,16.6,4.0,2953.8,Yes,Employer premises,-8.0,Employed: 100%,E09000022,LA,Employed,Working-Class Families,"This group comprises primarily employed individuals, predominantly women, who are in their early forties and live in households with an average of 3.8 members. They maintain a modest income and have a stable family structure, often relying on public transport for commuting, though they also own a vehicle. With a moderate sense of community cohesion, they prioritize their children's upbringing while navigating the challenges of local amenities and health."
Employed 5,Lambeth,9680,33.2,,Muslim/Islam,2.4,1657.5,3.0,0.4,0.1,Male,6.1,874.2,45.9,52.0,3.4,2.6,2.2,2.7,18.8,3.4,822.0,Yes,Employer premises,-8.0,Employed: 100%,E09000022,LA,Employed,Young Muslim Professionals,"This group consists primarily of young, employed Muslim men, averaging just over 33 years old. They have a solid educational background with a focus on higher qualifications and earn a modest monthly income, yet they experience challenges in both mental health and local service satisfaction in their community."
Employed 6,Lambeth,13552,46.8,Yes,None/Not applicable,1.5,7135.4,2.8,0.6,0.4,Male,2.9,3743.8,49.2,54.3,3.4,2.5,2.2,2.5,25.6,3.7,5185.3,Yes,Employer premises,-8.0,Employed: 100%,E09000022,LA,Employed,Diverse Urban Professionals,"This group consists of employed individuals, predominantly males, with a strong educational background, averaging higher degrees. They have a healthy gross monthly income and enjoy a reasonable quality of life, despite living in an area with moderate local service ratings and a diverse community. Their reliance on public transport and relatively short commuting times reflect an urban lifestyle."
Employed 7,Lambeth,942,50.7,,Other,2.4,3016.6,3.7,0.3,0.2,Female,2.3,1456.0,46.8,47.2,3.5,2.2,2.1,2.4,17.7,3.5,4491.7,Yes,Employer premises,-8.0,Employed: 100%,E09000022,LA,Employed,Mid-Age Commuting Professionals,"This group comprises predominantly employed females in their early 50s, with a solid educational background reflected in their above-average qualifications. They enjoy a comfortable income but face moderate mental and physical health challenges, while their community ties are reasonably strong, indicating a balance between professional life and local engagement."
Employed 8,Lambeth,22548,55.6,,None/Not applicable,1.6,2570.9,3.7,0.0,0.0,Female,2.2,1567.2,48.1,50.4,3.4,2.5,2.2,2.5,21.1,3.6,3804.9,Yes,Employer premises,-8.0,Employed: 100%,E09000022,LA,Employed,Middle-Aged Professional Women,"This group consists of employed women around the age of 55, often holding higher qualifications and occupying intermediate social class positions. They exhibit a decent level of income and engage in public transport, but their mental health scores suggest room for improvement in well-being and community cohesion."
Employed 9,Lambeth,24524,30.2,,None/Not applicable,2.8,1800.6,6.5,0.0,0.0,Male,2.9,1357.0,44.3,53.9,3.3,2.3,2.1,2.7,23.8,3.7,1781.2,Yes,Employer premises,-8.0,Employed: 100%,E09000022,LA,Employed,Young Urban Workers,"This group consists mainly of young, employed men in their early thirties, living in a moderately sized household. They have a decent level of education, earning a stable income, but face challenges with mental health and community cohesion, indicating a need for stronger local support and services."
Retired 1,Lambeth,11284,69.9,,None/Not applicable,2.1,2127.8,1.9,0.0,0.0,Male,2.0,496.5,50.2,45.1,3.6,2.7,2.3,2.6,4.2,3.8,3055.5,Yes,-8.0,-8.0,Retired: 100%,E09000022,LA,Retired,Affluent Retired Gentlemen,"This group comprises well-educated retired men averaging nearly 70 years of age, enjoying a comfortable income and high social standing. Despite a lack of children in their households, they are invested in their community, although they express some dissatisfaction with local services."
Retired 2,Lambeth,19246,79.5,,Christian,4.5,1422.3,0.1,0.0,0.0,Female,1.8,3.4,49.9,38.0,3.7,2.5,2.2,2.7,-4.5,3.9,737.8,Yes,-8.0,-8.0,Retired: 100%,E09000022,LA,Retired,Independent Senior Women,"This group consists of elderly women, predominantly living alone, who have transitioned into retirement. They enjoy a modest income and exhibit a strong sense of independence, although they may face challenges related to their health and local services, which are rated lower in satisfaction. With a solid community presence, they value their neighbourhood connections despite limited mobility options."
Retired 3,Lambeth,307,62.7,,Muslim/Islam,2.9,1408.2,2.7,1.4,1.0,Male,3.8,1032.6,52.7,45.5,3.9,3.1,2.0,2.3,9.1,4.1,2458.1,Yes,Employer premises,-8.0,Retired: 100%,E09000022,LA,Retired,Active Retired Muslims,"This group consists of Muslim men who are in their early sixties and have a relatively good mental health score, though their physical health could be better. They enjoy a strong sense of community, as reflected in their neighbourhood cohesion, and they have a moderate level of education and income, which supports their active lifestyle in retirement."
Retired 4,Lambeth,582,75.2,,Other,4.3,3883.8,0.2,0.0,0.0,Female,1.7,54.7,46.6,35.7,3.7,2.2,2.0,2.7,-5.9,2.5,339.5,No,-8.0,-8.0,Retired: 100%,E09000022,LA,Retired,Independent Senior Women,"This group consists of retired women, averaging 75 years old, living alone without children. They enjoy a comfortable income despite facing challenges in physical health, and they experience moderate community cohesion, reflecting a blend of independence and social engagement."
Unemployed 1,Lambeth,12627,42.7,,None/Not applicable,3.4,708.4,1.4,0.0,0.0,Male,3.1,425.0,41.2,46.9,3.3,2.2,2.2,2.7,3.5,3.3,532.2,No,Employer premises,-8.0,Unemployed: 100%,E09000022,LA,Unemployed,Struggling Urban Males,"This group consists of middle-aged unemployed men, averaging 42.7 years old, with low personal income and qualifications. They face challenges with mental and physical health, live in urban areas with limited access to local services, and have low community cohesion."
Unemployed 2,Lambeth,4175,39.5,Yes,None/Not applicable,3.2,1020.6,1.4,1.7,1.0,Female,3.7,556.2,41.7,44.7,3.3,2.4,2.2,2.5,6.1,3.5,802.8,No,Employer premises,-8.0,Unemployed: 100%,E09000022,LA,Unemployed,Struggling Single Parents,"This group consists predominantly of unemployed women, averaging 39.5 years old, who often face challenges in their daily lives. With a low income and moderate mental and physical health scores, they rely on public transport for mobility and have a strong sense of community despite limited local services."
Student,Lambeth,8553,25.7,,Christian,3.1,1151.7,2.7,0.1,0.1,Male,3.5,585.6,45.6,54.7,3.3,2.2,2.1,2.7,10.2,3.5,972.9,No,Employer premises,-8.0,Student / training: 100%,E09000022,LA,Student,Young Urban Students,"This group consists mainly of young adults around 26 years old, predominantly male, who are engaged in full-time studies. With a moderate level of qualifications and a low household income, they rely on public transport and have a strong presence in the community, despite facing challenges with mental health. Their lifestyle is characterized by a focus on education and limited family responsibilities, as most do not have children."
On leave,Lambeth,8932,39.8,,None/Not applicable,2.9,1368.9,1.3,1.6,0.7,Female,3.8,473.8,43.7,48.9,3.4,2.6,2.3,2.7,5.4,3.7,1314.3,Yes,Employer premises,-8.0,On leave: 100%,E09000022,LA,On leave,Temporary Leave Families,"This group primarily consists of women aged around 40 who are currently on leave from their jobs. They tend to have a higher level of education and belong to the higher managerial or professional social class, but their mental and physical health scores indicate they might be facing some challenges, impacting their overall well-being."
Inactive 1,Lambeth,9675,50.7,,None/Not applicable,4.3,1297.8,0.3,0.0,0.0,Female,2.1,78.6,35.7,32.5,3.3,2.5,2.2,2.8,-2.8,4.0,601.3,No,-8.0,-8.0,Inactive: 100%,E09000022,LA,Inactive,Inactive Urban Dwellers,"This group consists primarily of middle-aged women who are currently inactive in the workforce and have no children. They experience significant challenges with both mental and physical health, and live in areas with moderate community cohesion and lower satisfaction with local services."
Inactive 2,Lambeth,6542,39.8,,None/Not applicable,2.6,1443.7,2.1,0.7,0.4,Female,3.4,334.5,39.2,42.2,3.4,2.5,2.2,2.7,4.3,3.9,1442.7,Yes,-8.0,-8.0,Inactive: 100%,E09000022,LA,Inactive,Economically Inactive Families,"This group consists primarily of economically inactive females, averaging in their late 30s, who often live in households of multiple members. They generally have a modest educational background and face challenges in both physical and mental health, contributing to their inactivity in the workforce."
Employed 1,Lewisham,6067,34.4,,Muslim/Islam,2.4,1696.1,2.5,0.5,0.2,Male,6.3,849.7,46.7,52.0,3.5,2.5,2.3,2.7,16.1,3.5,934.9,Yes,Employer premises,-8.0,Employed: 100%,E09000023,LA,Employed,Young Muslim Professionals,"This group primarily consists of young, employed Muslim men in their mid-thirties, earning a modest gross monthly income. They tend to have higher educational qualifications, are well integrated into their community, and rely on public transport for commuting, although they also have access to a car."
Employed 2,Lewisham,21053,42.6,No,None/Not applicable,3.6,2056.2,5.9,1.7,1.0,Female,3.8,1233.8,46.6,51.4,3.5,2.6,2.2,2.6,16.1,4.0,2964.9,Yes,Employer premises,-8.0,Employed: 100%,E09000023,LA,Employed,Working-Class Families,"This group consists primarily of employed women who play a central role in managing their households, which typically include one or two children. They have a moderate level of education and tend to face challenges with local services, while their mental health score indicates some room for improvement in well-being."
Employed 3,Lewisham,21482,31.6,Yes,None/Not applicable,1.6,2679.0,2.8,0.0,0.0,Male,2.0,1989.9,44.5,54.9,3.2,2.3,2.2,2.6,25.9,3.6,2763.1,Yes,Employer premises,-8.0,Employed: 100%,E09000023,LA,Employed,Young Urban Professionals,"This group consists of young, employed males in their early thirties who are navigating urban life. With a strong educational background and a decent income, they are focused on their careers while facing challenges in mental health and community engagement."
Employed 4,Lewisham,12605,47.5,Yes,None/Not applicable,1.6,7133.3,2.8,0.8,0.5,Male,3.2,3791.8,49.0,54.3,3.5,2.6,2.2,2.5,27.5,3.7,4977.5,Yes,Employer premises,-8.0,Employed: 100%,E09000023,LA,Employed,Emerging Professional Migrants,"This group is characterized by middle-aged, employed men who have settled into the UK from diverse backgrounds, as indicated by the prevalence of English as a second language. They enjoy relatively high qualifications and income levels, yet navigate a community with moderate cohesion and local service satisfaction, often relying on public transport for their daily commute."
Employed 5,Lewisham,26646,41.6,Yes,None/Not applicable,1.5,2920.8,3.2,1.7,1.0,Female,3.8,1954.6,45.9,53.6,3.5,2.6,2.2,2.5,22.6,4.0,4113.0,Yes,Employer premises,-8.0,Employed: 100%,E09000023,LA,Employed,Diverse Working Families,"This group consists primarily of employed females around middle age who are raising families while navigating work-life balance. With a strong educational background, they earn a decent income but face challenges related to mental health and local service satisfaction, particularly in transport and leisure facilities."
Employed 6,Lewisham,22982,55.8,,None/Not applicable,4.1,1969.4,6.2,0.0,0.0,Male,2.6,1323.7,49.1,49.3,3.5,2.6,2.2,2.7,18.4,3.7,2802.4,Yes,Employer premises,-8.0,Employed: 100%,E09000023,LA,Employed,Middle-Aged Commuting Workers,"This group consists primarily of employed males around the age of 56, who typically have A-level qualifications and work in routine jobs. They experience average levels of mental and physical health and have limited engagement with children, reflecting a focus on work and commuting, with a notable reliance on public transport for travel."
Employed 7,Lewisham,20609,55.4,,None/Not applicable,1.7,2725.2,3.6,0.0,0.0,Female,2.3,1658.0,48.3,50.7,3.4,2.6,2.2,2.5,22.1,3.7,4088.9,Yes,Employer premises,-8.0,Employed: 100%,E09000023,LA,Employed,Middle-Aged Commuting Professionals,"This group consists of predominantly employed women, averaging around 55 years old, with a strong educational background reflected in their high qualifications. They enjoy a comfortable income and have a decent level of mental and physical health, but experience moderate community cohesion and local service satisfaction."
Employed 8,Lewisham,17346,29.0,,None/Not applicable,3.0,1654.4,6.5,0.0,0.0,Male,3.1,1281.8,44.8,53.6,3.3,2.4,2.1,2.6,23.1,3.7,1609.2,Yes,Employer premises,-8.0,Employed: 100%,E09000023,LA,Employed,Young Urban Strivers,"This group consists of young, predominantly male professionals in their late twenties, focused on building their careers in urban settings. They enjoy a moderate income but face challenges with mental health and community cohesion, indicating a need for better local services and support systems."
Employed 9,Lewisham,920,50.5,,Other,2.4,2981.9,3.9,0.4,0.3,Female,2.5,1387.0,46.7,47.7,3.5,2.3,2.2,2.5,19.4,3.7,5115.9,Yes,Employer premises,-8.0,Employed: 100%,E09000023,LA,Employed,Middle-Aged Urban Workers,"This group consists of predominantly employed women in their early fifties living in urban settings. They have a solid educational background with a first-degree average qualification and enjoy a moderate income, though their mental and physical health scores indicate room for improvement. With a small household size and limited community engagement, they rely on public transport for commuting despite having access to a car."
Retired 1,Lewisham,12005,69.6,,None/Not applicable,2.2,2090.6,1.8,0.0,0.0,Male,2.0,452.8,50.5,44.7,3.6,2.7,2.3,2.6,2.5,3.8,3060.6,Yes,-8.0,-8.0,Retired: 100%,E09000023,LA,Retired,Comfortable Silver Surfers,"This group consists of predominantly retired males aged around 70, enjoying a comfortable lifestyle with a decent monthly income. They tend to have higher education qualifications and come from a well-off social class, although they experience moderate physical health challenges and have limited local service satisfaction."
Retired 2,Lewisham,21365,79.2,,Christian,4.6,1411.7,0.1,0.0,0.0,Female,1.7,2.9,49.7,37.9,3.7,2.6,2.2,2.7,-4.6,3.9,819.6,Yes,-8.0,-8.0,Retired: 100%,E09000023,LA,Retired,Independent Golden Agers,"This group consists of predominantly female retirees averaging 79 years old, living independently with no children in the household. With a modest income and a strong commitment to their community, they enjoy a degree of neighborhood cohesion, although they express some dissatisfaction with local services and their overall physical health."
Retired 3,Lewisham,393,62.9,,None/Not applicable,3.3,1568.9,1.9,1.3,1.0,Male,3.6,865.0,51.7,43.1,3.9,3.0,2.0,2.3,5.3,4.1,2979.9,Yes,-8.0,-8.0,Retired: 100%,E09000023,LA,Retired,Active Retired Gentlemen,"This group consists mainly of retired men who enjoy a stable lifestyle with a decent monthly income. They have a moderate level of education and maintain a good social standing, although their physical health could be better. With a strong sense of community, they engage in public transport and have a small household size, often living with children."
Retired 4,Lewisham,701,75.8,,Other,4.4,3916.2,0.1,0.0,0.0,Female,1.7,29.1,46.3,35.2,3.7,2.3,2.0,2.7,-6.1,2.7,492.0,No,-8.0,-8.0,Retired: 100%,E09000023,LA,Retired,Independent Senior Women,"This group consists of predominantly retired women averaging 75 years of age, living independently with no children in the household. Despite a modest monthly income, they experience challenges in physical health and rely on local services, which are rated below average in quality."
Unemployed 1,Lewisham,11172,43.3,,None/Not applicable,3.6,715.2,1.3,0.0,0.0,Male,3.2,328.1,41.2,46.3,3.3,2.2,2.2,2.7,2.4,3.3,506.7,No,Employer premises,-8.0,Unemployed: 100%,E09000023,LA,Unemployed,Struggling Urban Unemployed,"This group consists predominantly of middle-aged men who are currently unemployed and face challenges in both mental and physical health. With a low average income and no children in their households, they often rely on public transport and are living in an area with moderate community cohesion and local service satisfaction."
Unemployed 2,Lewisham,4263,40.4,Yes,None/Not applicable,3.3,1043.8,1.5,1.8,1.0,Female,3.9,468.0,42.0,44.1,3.4,2.5,2.2,2.5,6.1,3.5,862.7,No,Employer premises,-8.0,Unemployed: 100%,E09000023,LA,Unemployed,Struggling Urban Families,"This group consists predominantly of unemployed women around 40 years old, often living in households with multiple members and children. They face challenges with mental and physical health, have lower qualifications, and experience limited local services, contributing to a sense of community disconnection."
Student,Lewisham,8797,25.1,,Christian,3.2,1038.3,2.6,0.1,0.1,Female,3.6,555.7,45.6,54.5,3.3,2.2,2.1,2.7,9.0,3.5,776.5,No,Employer premises,-8.0,Student / training: 100%,E09000023,LA,Student,Young Urban Scholars,"This group consists primarily of young female students living in urban areas, with an average age of just over 25. They are engaged in higher education, often relying on public transport for their commutes, and are characterized by a modest income that reflects their student status. Their community ties are relatively strong, but they face challenges with mental health and access to local services."
On leave,Lewisham,8838,41.5,,None/Not applicable,3.2,1284.5,1.1,1.6,0.7,Female,3.9,393.3,43.7,47.7,3.4,2.5,2.2,2.7,3.4,3.7,1181.1,Yes,Employer premises,-8.0,On leave: 100%,E09000023,LA,On leave,Temporary Leave Families,"This group consists primarily of women who are currently on leave from their jobs, indicating a temporary pause in their professional lives. They have a relatively young average age and are generally well-educated, often having one or more children at home. Despite facing some challenges with mental and physical health, they maintain a moderate level of community cohesion and rely on public transport for mobility."
Inactive 1,Lewisham,11583,49.4,,None/Not applicable,3.9,1289.4,0.9,0.0,0.0,Female,2.3,187.4,36.1,34.9,3.3,2.5,2.2,2.7,0.0,4.0,912.6,No,-8.0,-8.0,Inactive: 100%,E09000023,LA,Inactive,Disengaged Urban Women,"This group consists primarily of middle-aged women who are not participating in the workforce and have no children. With low mental and physical health scores, they face challenges in their daily lives and have limited access to quality local services, which affects their engagement with the community."
Inactive 2,Lewisham,3348,41.5,,None/Not applicable,3.5,1596.0,1.4,1.5,0.9,Female,4.1,330.3,38.3,35.8,3.4,2.6,2.3,2.9,0.6,3.7,931.1,No,Employer premises,-8.0,Inactive: 100%,E09000023,LA,Inactive,Struggling Inactive Households,"This group primarily consists of inactive females around 41 years old, often living in larger households with around 1.5 children. They face challenges with mental and physical health, reflected in lower scores, and experience limited access to local services, contributing to their overall struggle to engage with the workforce."
Employed 1,Merton,6246,52.1,Yes,None/Not applicable,1.5,6622.0,2.9,0.0,0.0,Male,2.5,3390.7,49.8,53.6,3.5,2.6,2.2,2.5,26.1,3.6,5501.8,Yes,Employer premises,-8.0,Employed: 100%,E09000024,LA,Employed,Career-Focused Urban Professionals,"This group consists of employed males, averaging in their early fifties, who are highly qualified with a predominance of higher degrees. They earn a substantial income and live in households without children, showcasing a strong focus on their careers. Despite their professional success, they experience moderate mental health and reside in neighborhoods with average community cohesion."
Employed 2,Merton,9181,42.1,,None/Not applicable,3.0,2057.4,6.8,1.6,1.0,Female,3.6,1319.2,46.1,52.1,3.5,2.6,2.2,2.6,17.5,4.1,3577.3,Yes,Employer premises,-8.0,Employed: 100%,E09000024,LA,Employed,Working-Class Families,"This group consists primarily of employed women around their early 40s, who often juggle work and family life with an average of 1.6 children at home. They have a moderate level of education, with most holding qualifications below a first degree, and they experience average physical health but face challenges in mental well-being. Living in a community with a decent level of cohesion, they rely on public transport while also maintaining car access for convenience."
Employed 3,Merton,7466,45.3,,None/Not applicable,1.4,6556.8,2.7,1.7,1.0,Male,4.0,3606.3,48.1,54.5,3.6,2.7,2.2,2.5,27.4,3.9,5569.9,Yes,Employer premises,-8.0,Employed: 100%,E09000024,LA,Employed,Middle-Aged Professional Dads,"This group consists primarily of employed men around the age of 45, who have achieved high educational qualifications and earn a substantial income. They are family-oriented, living in households with an average of one child, and while they exhibit moderate health scores, they face challenges in local service satisfaction and community cohesion."
Employed 4,Merton,11602,30.9,Yes,None/Not applicable,1.5,2769.8,2.9,0.0,0.0,Male,1.9,2018.1,44.3,55.6,3.1,2.3,2.3,2.6,25.8,3.6,2900.7,Yes,Employer premises,-8.0,Employed: 100%,E09000024,LA,Employed,Urban Young Professionals,"This group consists predominantly of young, employed males, averaging just under 31 years of age. With high educational qualifications and a good income, they enjoy a reasonable quality of life despite facing some mental health challenges and living in areas with moderate community cohesion and local services."
Employed 5,Merton,8473,57.8,,None/Not applicable,4.0,1910.7,6.8,0.0,0.0,Male,1.9,1220.2,49.1,48.5,3.5,2.8,2.3,2.7,16.3,4.0,3363.3,Yes,Employer premises,-8.0,Employed: 100%,E09000024,LA,Employed,Middle-Aged Commuter Males,"This group consists of predominantly male individuals around 58 years old, living alone and employed full-time. They have a modest level of education, with most holding A-levels, and experience average health scores, indicating some challenges in mental and physical well-being. Despite a decent income, their local services ratings suggest they may be dissatisfied with their community amenities."
Employed 6,Merton,3720,29.6,,Muslim/Islam,2.1,1831.3,3.1,0.0,0.0,Female,5.8,973.7,46.0,52.9,3.5,2.5,2.3,2.8,23.4,3.5,942.4,Yes,Employer premises,-8.0,Employed: 100%,E09000024,LA,Employed,Young Muslim Professionals,"This group consists of young, employed Muslim women averaging around 30 years old, who are establishing their careers with a solid educational background, reflected in their first-degree qualifications. They live in larger households, often utilizing public transport for commuting, but still maintain a car for convenience. While they show moderate community cohesion and face some challenges with local services, they are actively engaged in the workforce and balancing their personal and professional lives."
Employed 7,Merton,13747,42.8,Yes,None/Not applicable,1.2,2580.4,3.1,1.7,1.0,Female,3.8,1770.4,46.3,54.1,3.6,2.7,2.2,2.5,21.1,4.0,4221.2,Yes,Employer premises,-8.0,Employed: 100%,E09000024,LA,Employed,Diverse Working Families,"This group consists primarily of employed women around their early forties, often with at least one child in the household. They are well-educated, with a high average qualification level, and although they experience moderate mental health challenges, they maintain a decent income. Their community ties are solid, but they face some challenges with local services and public transport."
Employed 8,Merton,611,52.5,,Other,2.3,2930.6,4.1,0.5,0.3,Female,2.7,1594.9,47.4,48.7,3.6,2.3,2.2,2.4,20.6,3.6,4121.9,Yes,Employer premises,-8.0,Employed: 100%,E09000024,LA,Employed,Mid-career urban workers,"This group consists of employed women in their early fifties, often working in intermediate roles with a good level of education, typically holding a first degree. They enjoy a decent income and have a moderate level of community engagement, but their mental and physical health scores indicate some room for improvement. Public transport is a common choice for commuting, reflecting their urban lifestyle."
Employed 9,Merton,7290,54.6,,None/Not applicable,3.7,2491.1,3.2,0.0,0.0,Female,2.6,1580.7,48.9,51.5,3.5,2.7,2.2,2.6,21.0,4.0,4036.0,Yes,Employer premises,-8.0,Employed: 100%,E09000024,LA,Employed,Midlife Commuter Professionals,"This group consists of employed women in their mid-50s who tend to have intermediate qualifications and a steady income. With no children at home, they enjoy a moderate standard of living, relying on public transport for work commutes while navigating a community with decent neighbourhood cohesion."
Employed 10,Merton,4053,45.9,No,Muslim/Islam,3.8,1859.3,5.3,2.4,1.0,Male,5.9,1002.6,49.2,50.5,3.6,2.6,2.1,2.5,10.3,4.1,3035.1,Yes,Employer premises,-8.0,Employed: 100%,E09000024,LA,Employed,Middle-Income Muslim Families,"This group consists primarily of employed Muslim families, with an average age of around 46. They tend to have moderate qualifications and income levels, supporting a sizable household with children. While they experience reasonable mental and physical health, they face challenges with local services and community cohesion."
Employed 11,Merton,10357,56.0,,None/Not applicable,1.3,2400.0,3.7,0.0,0.0,Female,2.5,1434.1,48.5,51.5,3.5,2.6,2.2,2.5,18.4,3.7,4374.6,Yes,Employer premises,-8.0,Employed: 100%,E09000024,LA,Employed,Middle-Aged Working Women,"This group consists of employed women averaging 56 years old, who hold high qualifications and are well-compensated with a gross monthly income of £2,400. While they do not have children in their households, they experience moderate mental and physical health scores, and they rely on public transport for commuting while facing challenges with local services and community cohesion."
Employed 12,Merton,8997,28.5,,None/Not applicable,2.9,1770.8,6.6,0.0,0.0,Male,2.8,1342.5,44.3,54.2,3.3,2.4,2.1,2.6,21.9,3.7,1949.5,Yes,Employer premises,-8.0,Employed: 100%,E09000024,LA,Employed,Young Urban Workers,"This group consists of young, employed males averaging 28.5 years old, who are navigating their early careers in urban settings. With a moderate level of education and a solid income, they experience average physical health but face challenges with their mental well-being, indicating the pressures of city life. They are also reliant on public transport, reflecting the need for better local services in their community."
Employed 13,Merton,5038,52.2,,None/Not applicable,3.7,1919.6,6.6,0.0,0.0,Male,4.6,1484.3,48.7,50.4,3.6,2.5,2.1,2.6,17.8,3.7,2335.2,Yes,Employer premises,-8.0,Employed: 100%,E09000024,LA,Employed,Middle-Aged Commuter Males,"This group consists predominantly of middle-aged men, averaging 52 years old, who are fully employed and commute to work, typically using public transport. They have a moderate level of qualifications and income, reflecting their position in the lower managerial and professional social class, while also facing challenges with mental health and local service satisfaction."
Employed 14,Merton,6958,41.9,,None/Not applicable,3.6,2716.9,3.0,1.6,1.0,Male,3.7,1701.5,46.3,52.6,3.6,2.8,2.2,2.6,17.7,4.1,4325.7,Yes,Employer premises,-8.0,Employed: 100%,E09000024,LA,Employed,Middle-Aged Commuter Dads,"This group consists predominantly of employed males around the age of 42, who typically have one or two children at home. They have a moderate level of educational qualifications and earn a decent income, though they face challenges with mental health and local service satisfaction, indicating a need for better community support and resources."
Retired 1,Merton,15632,79.6,,Christian,4.6,1330.6,0.0,0.0,0.0,Female,1.9,3.1,49.8,38.9,3.7,2.6,2.2,2.7,-4.7,4.0,876.9,Yes,-8.0,-8.0,Retired: 100%,E09000024,LA,Retired,Independent Senior Women,"This group consists primarily of retired women averaging nearly 80 years old, living independently with no children in the household. They have a modest income and face some challenges with physical health, but maintain a decent level of community cohesion despite limited satisfaction with local services."
Retired 2,Merton,8850,74.2,,Christian,1.8,2519.7,0.2,0.0,0.0,Female,1.9,200.3,50.8,44.4,3.7,2.7,2.3,2.6,-3.8,3.9,2872.7,Yes,-8.0,-8.0,Retired: 100%,E09000024,LA,Retired,Affluent Retired Women,"This group consists of well-educated retired women, averaging 74 years old, living independently. With a high personal income and a strong social status, they enjoy a moderate level of community cohesion, though they experience some challenges with local services and physical health."
Retired 3,Merton,350,76.2,,Other,4.1,3252.3,0.2,0.0,0.0,Female,1.7,65.1,47.0,36.6,3.7,2.3,2.1,2.7,-5.3,3.0,438.6,No,-8.0,-8.0,Retired: 100%,E09000024,LA,Retired,Independent Elderly Women,"This group is primarily composed of retired women living alone, averaging 76 years old, with a strong sense of independence. They possess a moderate level of education and enjoy a comfortable monthly income, but face challenges with physical health. Despite their financial stability, they experience lower satisfaction with local services and community cohesion."
Retired 4,Merton,330,65.5,,None/Not applicable,3.1,1708.9,1.0,1.2,1.0,Male,3.9,850.3,50.2,45.8,4.0,2.8,1.9,2.3,1.8,3.6,4026.5,Yes,-8.0,-8.0,Retired: 100%,E09000024,LA,Retired,Comfortably Retired Gentlemen,"This group consists of older men, averaging 65.5 years, who are enjoying their retirement with a stable income and a strong social status. They generally have a good level of education, maintain a decent standard of living, and experience a sense of community, although their physical health scores indicate some areas for improvement."
Retired 5,Merton,3583,67.9,,None/Not applicable,3.0,1477.2,5.2,0.0,0.0,Male,2.2,945.9,50.6,46.7,3.6,2.8,2.3,2.6,15.6,3.9,3498.9,Yes,Employer premises,-8.0,Retired: 100%,E09000024,LA,Retired,Older Independent Retirees,"This group consists of older males, averaging nearly 68 years old, who are fully retired and live in smaller households. They enjoy a moderate income and demonstrate a fair level of community cohesion, yet they face some challenges with local services, particularly in shopping and leisure."
Unemployed 1,Merton,5777,43.7,,None/Not applicable,3.5,626.0,1.4,0.0,0.0,Male,3.5,383.0,42.0,46.8,3.4,2.2,2.1,2.7,3.0,3.4,634.1,No,Employer premises,-8.0,Unemployed: 100%,E09000024,LA,Unemployed,Struggling Urban Unemployed,"This group consists primarily of middle-aged men who are currently unemployed, with an average age of around 44. They have a modest educational background and low monthly income, contributing to their challenges in accessing local services and maintaining good mental and physical health."
Unemployed 2,Merton,2461,41.0,,None/Not applicable,3.3,866.8,1.7,1.9,1.0,Female,4.2,624.5,41.9,44.5,3.4,2.5,2.2,2.5,4.7,3.6,951.1,Yes,Employer premises,-8.0,Unemployed: 100%,E09000024,LA,Unemployed,Struggling Urban Families,"This group consists primarily of unemployed women, with an average age of 41, who are raising families in a challenging economic environment. They experience lower mental and physical health scores, indicating significant stress, and have limited satisfaction with local services, contributing to their tough living conditions."
Student,Merton,5026,24.4,,None/Not applicable,3.1,1111.1,2.9,0.1,0.1,Male,3.6,522.1,45.1,55.2,3.3,2.3,2.2,2.7,9.5,3.6,827.4,No,Employer premises,-8.0,Student / training: 100%,E09000024,LA,Student,Urban Student Collective,"This group consists of young, predominantly male students averaging around 24 years old, living in shared households. With a focus on education, they have a moderate level of qualifications and rely on public transport, reflecting a vibrant yet challenging urban lifestyle marked by limited personal income and a sense of community cohesion."
On leave,Merton,5677,44.1,,None/Not applicable,3.2,1050.6,1.0,1.5,0.7,Female,4.2,322.6,44.2,48.5,3.5,2.6,2.2,2.7,1.2,3.8,1178.1,Yes,Employer premises,-8.0,On leave: 100%,E09000024,LA,On leave,Temporary Work Break Families,"This group consists primarily of women aged around 44 who are currently on leave from work, often balancing family responsibilities with their careers. They have a moderate level of education and belong to a higher social class, but their mental and physical health scores indicate they may be facing challenges. With a decent household size and a reliance on public transport, they navigate their local services with average satisfaction."
Inactive,Merton,6929,47.7,,None/Not applicable,3.6,1300.2,1.3,0.3,0.2,Female,2.9,288.1,37.4,36.7,3.3,2.6,2.2,2.7,1.3,4.0,1023.2,No,-8.0,-8.0,Inactive: 100%,E09000024,LA,Inactive,Disconnected Urban Inactives,"This group consists mainly of inactive females averaging 47 years old, who experience significant challenges in mental and physical health. They have a low income and qualifications, live in a community with moderate cohesion, and rely heavily on public transport, but are dissatisfied with local services."
Employed 1,Newham,42915,55.0,,None/Not applicable,3.0,2758.7,5.0,0.0,0.0,Male,3.0,1745.9,48.9,50.1,3.4,2.4,2.1,2.6,21.7,3.6,2805.3,Yes,Employer premises,-8.0,Employed: 100%,E09000025,LA,Employed,Middle-Aged Commuter Males,"This group consists of employed men around the age of 55, living in households without children. They hold an average qualification level of 'other higher', work primarily at their employer's premises, and rely on public transport for commuting, although they also own a vehicle."
Employed 2,Newham,54652,42.8,No,None/Not applicable,2.5,2811.6,4.3,1.8,1.0,Male,4.3,1701.4,47.0,51.5,3.5,2.5,2.1,2.6,18.8,3.9,3322.2,Yes,Employer premises,-8.0,Employed: 100%,E09000025,LA,Employed,Middle-Class Commuters,"This group consists primarily of employed males around the age of 43, who generally hold a first degree and work in small employer roles. They enjoy a decent income, yet face moderate mental health challenges and show a reliance on public transport for commuting, despite having access to a car."
Employed 3,Newham,44560,29.6,Yes,None/Not applicable,2.3,2058.7,4.4,0.0,0.0,Male,3.5,1473.0,44.7,53.9,3.3,2.4,2.1,2.6,22.7,3.5,1811.6,Yes,Employer premises,-8.0,Employed: 100%,E09000025,LA,Employed,Young Urban Professionals,"This group consists of young, predominantly male professionals in their late twenties, earning a decent income and living in households with multiple members. They have a first-degree qualification on average and rely on public transport for commuting, reflecting a balance between urban living and professional aspirations, although they experience moderate mental health challenges."
Retired 1,Newham,27557,76.1,,Christian,3.9,1667.8,0.6,0.0,0.0,Female,2.4,187.4,49.0,40.0,3.7,2.5,2.2,2.7,-1.9,3.8,1143.6,Yes,-8.0,-8.0,Retired: 100%,E09000025,LA,Retired,Contented Senior Citizens,"This group consists of older women, averaging 76 years, who are enjoying retirement with a stable income. They have a good level of education and are part of a cohesive community, although they express some dissatisfaction with local services and have moderate physical health challenges."
Retired 2,Newham,535,66.6,,Muslim/Islam,4.1,897.3,0.8,1.2,1.0,Male,3.9,454.8,52.2,38.0,4.1,2.5,1.7,2.3,-0.7,3.1,1126.7,No,-8.0,-8.0,Retired: 100%,E09000025,LA,Retired,Community-focused Muslim retirees,"This group comprises retired Muslim males averaging 66.6 years old, living in relatively tight-knit households. They demonstrate a strong sense of community, reflected in their high neighbourhood cohesion score, despite facing challenges with local services and lower physical health."
Unemployed 1,Newham,6089,32.5,,Muslim/Islam,2.5,330.7,2.5,0.0,0.0,Male,3.9,399.9,41.8,49.9,3.3,2.2,2.2,2.5,5.5,3.3,704.9,No,Employer premises,-8.0,Unemployed: 100%,E09000025,LA,Unemployed,Struggling Young Muslims,"This group consists primarily of young Muslim men who are currently unemployed and face significant economic challenges. With a low average income and limited qualifications, they often experience poorer mental and physical health, compounded by a lack of community cohesion and dissatisfaction with local services."
Unemployed 2,Newham,9867,52.4,,Muslim/Islam,4.5,869.5,0.2,0.0,0.0,Female,4.4,87.0,43.0,42.8,3.5,2.1,2.1,2.7,-3.2,3.2,265.4,No,-8.0,-8.0,Unemployed: 100%,E09000025,LA,Unemployed,Struggling Urban Muslims,"This group primarily consists of unemployed Muslim women with an average age of 52.4, living in larger households. They face significant challenges, including low personal income and health issues, while also experiencing moderate community cohesion but limited satisfaction with local services."
Unemployed 3,Newham,6411,41.9,Yes,Muslim/Islam,3.4,798.8,1.5,2.0,1.0,Female,4.5,509.8,44.2,42.5,3.5,2.3,2.1,2.5,4.2,3.4,574.2,No,Employer premises,-8.0,Unemployed: 100%,E09000025,LA,Unemployed,Struggling urban families,"This group consists predominantly of unemployed women, many of whom are Muslim and have children. They face challenges related to low income and poor mental and physical health, living in an environment with limited local services and cohesion."
Student 1,Newham,11059,22.3,,Muslim/Islam,3.3,769.0,2.2,0.0,0.0,Male,4.2,382.1,46.7,54.5,3.4,2.2,2.1,2.7,7.0,3.5,584.7,No,Employer premises,-8.0,Student / training: 100%,E09000025,LA,Student,Urban Student Community,"This group consists of young male students, predominantly aged around 22, who are navigating their educational journey while living in shared households. With a moderate level of qualifications and low personal income, they rely heavily on public transport and have limited engagement with local services, reflecting a vibrant yet challenging urban lifestyle."
Student 2,Newham,1392,39.7,,None/Not applicable,2.4,2345.4,3.1,1.0,0.6,Female,2.6,528.6,44.4,48.6,3.5,2.1,2.0,2.7,6.0,4.0,440.2,Yes,Employer premises,-8.0,Student / training: 100%,E09000025,LA,Student,Ambitious Young Scholars,"This group consists mainly of female students in their late thirties, typically living in shared households. They have a moderate level of education and a decent monthly income, but face challenges with mental and physical health, all while navigating a community with average cohesion and local services."
On leave,Newham,11324,43.8,,Muslim/Islam,3.5,1016.5,0.6,1.5,0.7,Female,4.6,179.3,44.5,46.3,3.5,2.4,2.1,2.7,-0.9,3.7,608.3,Yes,Employer premises,-8.0,On leave: 100%,E09000025,LA,On leave,Leave-taking Muslim Mothers,"This group primarily consists of Muslim women who are currently on leave from their jobs, reflecting their commitment to family responsibilities. With an average of 1.5 children per household, they often juggle childcare alongside their own health challenges, as indicated by their lower mental and physical health scores. Despite facing some community cohesion and service satisfaction issues, they actively utilize public transport and have access to a vehicle."
Inactive 1,Newham,9164,50.9,,None/Not applicable,4.4,1126.4,0.2,0.0,0.0,Female,2.8,40.9,34.9,32.8,3.4,2.4,2.1,2.7,-3.5,3.9,473.3,No,-8.0,-8.0,Inactive: 100%,E09000025,LA,Inactive,Disengaged Urban Residents,"This group primarily consists of females averaging around 51 years old, who are inactive and not engaged in the workforce. With low mental and physical health scores, they experience limited satisfaction with local services and lack access to personal transportation, highlighting their challenges in mobility and community involvement."
Inactive 2,Newham,5495,40.4,,None/Not applicable,2.7,1421.9,2.3,0.8,0.5,Male,3.8,432.7,39.5,39.5,3.4,2.6,2.2,2.7,7.8,3.7,1111.2,Yes,Employer premises,-8.0,Inactive: 100%,E09000025,LA,Inactive,Struggling Urban Inactives,"This group consists of predominantly middle-aged males who are currently inactive in the workforce, with a lower-than-average level of qualifications and income. They face challenges in both physical and mental health, and live in a community with moderate cohesion and satisfaction regarding local services."
Employed 1,Redbridge,11445,31.1,,Muslim/Islam,2.7,1598.5,4.2,0.3,0.1,Male,6.3,961.0,45.6,51.8,3.6,2.6,2.1,2.7,16.6,3.5,1344.2,Yes,Employer premises,-8.0,Employed: 100%,E09000026,LA,Employed,Young Urban Muslim Professionals,"This group consists predominantly of young, employed Muslim men in their early thirties who typically live in larger households. With a good level of education and a moderate income, they experience average physical health but struggle with mental health, indicating a need for community support and enhancement of local services."
Employed 2,Redbridge,21323,53.1,Yes,None/Not applicable,1.5,4185.0,3.0,0.0,0.0,Male,2.6,2341.1,48.3,51.7,3.5,2.6,2.2,2.6,24.2,3.7,4807.4,Yes,Employer premises,-8.0,Employed: 100%,E09000026,LA,Employed,Middle-Aged Urban Workers,"This group consists of middle-aged men, primarily employed and earning a solid income. Although they have a high level of education, they tend to be in intermediate social classes and show moderate mental and physical health scores, indicating areas for improvement in well-being."
Employed 3,Redbridge,28935,42.6,No,None/Not applicable,3.3,1946.8,5.5,1.8,1.0,Male,4.2,1174.7,46.4,51.2,3.6,2.6,2.1,2.6,14.5,4.0,3234.6,Yes,Employer premises,-8.0,Employed: 100%,E09000026,LA,Employed,Working-Class Families,"This group is primarily composed of employed males in their early 40s, living in households with an average of 4.2 members and around 1.8 own children. They have a moderate level of qualifications and income, with a focus on public transport for commuting, though they also own a vehicle. Community ties are relatively strong, but satisfaction with local services is below average."
Employed 4,Redbridge,23460,29.2,Yes,None/Not applicable,2.2,2011.1,4.4,0.0,0.0,Male,2.5,1536.1,44.5,54.5,3.2,2.4,2.2,2.6,23.0,3.7,2369.8,Yes,Employer premises,-8.0,Employed: 100%,E09000026,LA,Employed,Young Urban Workers,"This group consists of predominantly young males in their late twenties who are employed and live in small households. They have a moderate level of education, with many not having children, and they rely on public transport for commuting, although they also have access to personal vehicles."
Employed 5,Redbridge,23553,56.9,,None/Not applicable,3.8,1922.1,5.9,0.0,0.0,Male,2.8,1259.6,48.5,48.9,3.5,2.6,2.2,2.6,16.8,3.9,3065.8,Yes,Employer premises,-8.0,Employed: 100%,E09000026,LA,Employed,Middle-Aged Commuter Workers,"This group is predominantly male and consists of individuals in their late 50s who are fully employed, with a modest monthly income. They have a lower level of formal qualifications and experience average mental and physical health scores, indicating a need for community support and improved local services."
Employed 6,Redbridge,30423,43.4,Yes,None/Not applicable,1.4,4131.6,2.8,1.7,1.0,Male,3.9,2493.7,47.1,53.4,3.6,2.6,2.2,2.5,24.2,3.9,4596.5,Yes,Employer premises,-8.0,Employed: 100%,E09000026,LA,Employed,Diverse Urban Professionals,"This group comprises primarily employed males around their early 40s, many of whom speak English as a second language. They are well-educated, with high qualifications and a solid income, yet they experience moderate mental health scores. Community cohesion is decent, but local services, including transport and shopping, could use improvement."
Employed 7,Redbridge,927,50.6,,Other,2.1,3149.5,3.9,0.6,0.3,Female,3.1,1475.8,47.6,49.4,3.5,2.1,2.1,2.3,18.8,3.8,4106.1,Yes,Employer premises,-8.0,Employed: 100%,E09000026,LA,Employed,Middle-Aged Urban Professionals,"This group consists mainly of employed women around the age of 50, often with a good level of education, holding at least a first degree. They have a decent income but report moderate mental and physical health scores, suggesting some challenges. Their community engagement is average, and they rely on public transport, despite having access to a car."
Retired 1,Redbridge,22337,79.6,,Christian,4.6,1345.8,0.0,0.0,0.0,Female,1.7,2.6,49.2,38.2,3.7,2.5,2.2,2.7,-4.7,4.0,893.5,Yes,-8.0,-8.0,Retired: 100%,E09000026,LA,Retired,Independent Senior Women,"This group consists primarily of older, retired women living independently. With an average age of nearly 80, they often have a modest income and a somewhat limited engagement with local services, reflecting a need for improved community support and resources."
Retired 2,Redbridge,4151,67.9,,None/Not applicable,3.1,1507.5,5.3,0.0,0.0,Male,2.2,992.4,50.2,46.8,3.6,2.8,2.3,2.6,15.7,3.9,3337.6,Yes,Employer premises,-8.0,Retired: 100%,E09000026,LA,Retired,Active Golden Agers,"This group consists of retired males, averaging nearly 68 years old, who enjoy a reasonable monthly income and maintain a moderate level of health. They live in smaller households without children, showcasing a sense of community but expressing some dissatisfaction with local services."
Retired 3,Redbridge,11983,73.9,,Christian,1.8,2555.4,0.2,0.0,0.0,Male,1.9,172.8,50.4,43.6,3.7,2.7,2.3,2.6,-4.1,3.8,2679.3,Yes,-8.0,-8.0,Retired: 100%,E09000026,LA,Retired,Affluent Retired Gentlemen,"This group consists of older, affluent men in their early seventies who have enjoyed a high level of education and hold prestigious qualifications. With no children in their households, they lead independent lives, have a decent income, and generally experience average mental health, although their physical health could be better. Their engagement with local services is moderate, reflecting a need for improved community resources."
Retired 4,Redbridge,547,66.3,,Muslim/Islam,3.8,1332.9,0.5,1.2,1.0,Male,3.8,461.4,49.7,41.1,4.1,2.4,1.6,2.3,-2.6,2.9,2390.8,No,-8.0,-8.0,Retired: 100%,E09000026,LA,Retired,Faithful Retired Community,"This group consists of older Muslim men, averaging around 66 years, who are retired and live in larger households. They enjoy a strong sense of community, reflected in their high neighbourhood cohesion score, but face challenges with local services and physical health."
Retired 5,Redbridge,3591,75.1,,Muslim/Islam,4.3,1174.2,0.1,0.0,0.0,Female,5.6,10.2,48.1,37.8,3.7,2.4,2.0,2.7,-4.3,3.8,513.8,Yes,-8.0,-8.0,Retired: 100%,E09000026,LA,Retired,Senior Muslim Matriarchs,"This group consists mainly of elderly Muslim women, averaging 75 years old, who are retired and live in larger households. They have a modest income and a lower educational qualification level, indicating a lifetime of traditional roles, with strong ties to their community, though they face challenges with physical health and local service satisfaction."
Retired 6,Redbridge,520,76.9,,Other,4.1,2807.4,0.2,0.0,0.0,Female,1.8,47.7,47.6,33.7,3.6,2.4,2.1,2.7,-5.4,3.2,870.0,Yes,-8.0,-8.0,Retired: 100%,E09000026,LA,Retired,Independent Golden Agers,"This group consists mainly of independent women in their late 70s who have enjoyed a stable financial situation with a notable monthly income. Although they are retired, their health scores indicate some challenges in physical well-being, and they live alone in a community with moderate cohesion and local services."
Unemployed 1,Redbridge,11174,43.6,,Muslim/Islam,3.6,611.5,1.2,0.0,0.0,Male,3.9,247.9,42.1,45.8,3.4,2.3,2.2,2.7,0.8,3.4,552.9,No,-8.0,-8.0,Unemployed: 100%,E09000026,LA,Unemployed,Struggling Community Men,"This group consists of middle-aged Muslim men who are currently unemployed, living in larger households with no children. They face challenges related to lower mental and physical health scores, limited income, and dissatisfaction with local services, highlighting their need for community support and resources."
Unemployed 2,Redbridge,5255,41.0,,Muslim/Islam,3.3,861.5,1.7,2.0,1.0,Female,4.4,428.4,43.2,43.3,3.5,2.4,2.2,2.5,3.7,3.6,804.4,No,Employer premises,-8.0,Unemployed: 100%,E09000026,LA,Unemployed,Struggling Muslim Families,"This group primarily comprises unemployed Muslim women around 41 years old, living in larger households with an average of 4.4 members. With low monthly incomes and mental and physical health scores well below average, they face challenges in accessing local services and public transport, highlighting the need for community support."
Student,Redbridge,11117,23.4,,Muslim/Islam,3.2,1008.2,2.8,0.1,0.1,Male,4.0,421.6,45.3,54.3,3.4,2.3,2.1,2.7,8.4,3.5,700.4,No,Employer premises,-8.0,Student / training: 100%,E09000026,LA,Student,Young Urban Scholars,"This group consists of predominantly young male students, averaging 23 years old, who are engaged in higher education. They typically have moderate qualifications and a low personal income, reflecting their focus on studies rather than full-time employment. Despite living in a community with moderate cohesion and local service ratings, they rely heavily on public transport for commuting and have minimal family responsibilities."
On leave,Redbridge,10100,44.4,,Muslim/Islam,3.5,974.3,0.8,1.5,0.7,Female,4.4,253.7,44.8,47.0,3.6,2.5,2.1,2.6,-0.1,3.8,891.1,Yes,Employer premises,-8.0,On leave: 100%,E09000026,LA,On leave,Caring Community Caregivers,"This group consists predominantly of women aged around 44, who are currently on leave from work. They typically have modest qualifications and income, but are deeply embedded in their families and communities, showing a strong commitment to their children and neighborhood despite facing challenges in mental and physical health."
Inactive,Redbridge,11549,47.7,,None/Not applicable,3.7,1294.8,1.1,0.4,0.2,Female,3.1,294.7,36.6,35.5,3.4,2.6,2.2,2.7,1.1,3.9,802.2,Yes,-8.0,-8.0,Inactive: 100%,E09000026,LA,Inactive,Inactive Midlife Residents,"This group consists primarily of middle-aged women who are currently inactive in the workforce, with a low average income and below-average health scores. They tend to live in households with a moderate size but few children, reflecting a lifestyle that may be less engaged with community activities and reliant on public transport."
Employed 1,Richmond upon Thames,18242,57.1,,None/Not applicable,3.6,2002.1,5.8,0.0,0.0,Female,2.4,1235.8,49.1,49.7,3.5,2.8,2.3,2.6,15.5,4.0,3749.8,Yes,Employer premises,-8.0,Employed: 100%,E09000027,LA,Employed,Middle-Aged Working Women,"This group consists of employed women with an average age of 57, typically lacking children in their households. They have a moderate level of education and a steady income, but face challenges in mental and physical health, reflecting a need for community support and improved local services."
Employed 2,Richmond upon Thames,23567,44.4,Yes,None/Not applicable,1.3,4247.3,2.8,1.6,1.0,Male,3.9,2520.1,47.0,54.5,3.6,2.8,2.3,2.5,23.9,3.9,5106.5,Yes,Employer premises,-8.0,Employed: 100%,E09000027,LA,Employed,Professional Urban Families,"This group consists of employed professionals, primarily male, with an average age of 44. They have high qualifications and earn a substantial income, indicating a stable economic position, although they experience moderate mental health challenges. With a strong reliance on public transport and a small household size, they reflect a blend of urban living and family life."
Employed 3,Richmond upon Thames,18864,29.3,Yes,None/Not applicable,2.0,2211.8,4.2,0.0,0.0,Male,2.4,1623.2,44.3,55.3,3.2,2.4,2.2,2.6,23.9,3.6,2592.5,Yes,Employer premises,-8.0,Employed: 100%,E09000027,LA,Employed,Young Urban Workers,"This group consists of younger males, averaging 29 years old, who are employed and often use public transport to commute. They typically have a first degree as their highest qualification and experience moderate mental health challenges, indicating a need for better community support and local services."
Employed 4,Richmond upon Thames,604,52.0,,Other,2.1,2925.6,4.0,0.4,0.3,Female,2.6,1597.2,47.4,49.7,3.5,2.4,2.2,2.4,18.3,3.6,3769.3,Yes,Employer premises,-8.0,Employed: 100%,E09000027,LA,Employed,Mid-Career Urban Workers,"This group consists primarily of employed women in their early fifties, earning a decent monthly income and holding a first degree as their highest qualification. They live in households with a moderate size, rely on public transport for commuting, and exhibit average mental and physical health scores, reflecting the challenges of balancing work and personal life."
Employed 5,Richmond upon Thames,22159,54.9,Yes,None/Not applicable,1.4,4074.5,3.0,0.0,0.0,Male,2.4,2198.1,48.7,52.5,3.5,2.7,2.2,2.5,20.6,3.8,5460.7,Yes,Employer premises,-8.0,Employed: 100%,E09000027,LA,Employed,Middle-Aged Commuter Professionals,"This group consists of employed males, predominantly in their mid-50s, who tend to have high educational qualifications and a comfortable income. Although they do not have children, they are part of a household with a moderate size and display a reliance on public transport for commuting, despite owning a vehicle."
Employed 6,Richmond upon Thames,17206,42.2,,None/Not applicable,3.0,2000.1,5.4,1.6,0.9,Male,4.2,1255.4,46.6,52.5,3.6,2.7,2.2,2.6,14.7,4.1,3758.1,Yes,Employer premises,-8.0,Employed: 100%,E09000027,LA,Employed,Struggling Family Providers,"This group consists primarily of employed males in their early forties who manage households with an average of 4.2 members, often including children. They have a moderate level of education and work in lower supervisory roles, earning a net monthly income that reflects their financial challenges while relying on public transport for commuting."
Retired 1,Richmond upon Thames,10793,75.5,,Christian,1.7,1833.4,0.1,0.0,0.0,Female,1.7,75.9,51.0,44.1,3.7,2.7,2.3,2.6,-4.7,3.9,2651.5,Yes,-8.0,-8.0,Retired: 100%,E09000027,LA,Retired,Independent Senior Ladies,"This group consists of older women, predominantly retired and living alone, with a strong educational background reflected in their high qualifications. They enjoy a comfortable income, but may face challenges with local services and health, indicating a need for community support and improved amenities."
Retired 2,Richmond upon Thames,312,65.6,,Christian,2.1,2190.4,1.0,1.1,1.0,Male,3.9,937.4,48.1,49.3,3.9,3.1,2.0,2.2,2.4,3.7,5435.1,Yes,-8.0,-8.0,Retired: 100%,E09000027,LA,Retired,Affluent Senior Settlers,"This group consists of well-off retired men averaging 65 years old, enjoying a comfortable lifestyle with a strong sense of community. With high qualifications and a solid income, they tend to be engaged in their neighborhoods, although they face moderate challenges in physical and mental health."
Retired 3,Richmond upon Thames,4966,67.9,,None/Not applicable,2.7,1560.4,5.0,0.0,0.0,Female,2.0,879.4,50.9,47.4,3.6,2.8,2.3,2.6,13.8,3.9,3814.6,Yes,Employer premises,-8.0,Retired: 100%,E09000027,LA,Retired,Independent Senior Women,"This group consists primarily of retired women around 68 years old, living in smaller households with no children. Although they have a modest income and moderate health scores, they maintain a degree of independence, relying on public transport for mobility while actively engaging with their community."
Retired 4,Richmond upon Thames,329,76.5,,Other,3.5,2109.2,0.2,0.0,0.0,Female,1.5,49.1,48.1,37.3,3.8,2.4,2.1,2.6,-4.8,3.7,821.0,Yes,-8.0,-8.0,Retired: 100%,E09000027,LA,Retired,Independent Retired Women,"This group consists of older retired women who are living independently, with an average age of 76.5 years. They tend to have a moderate level of qualifications and a comfortable income, although their physical health is a concern. Despite living alone, they maintain a decent level of community cohesion, though they face challenges with local services and transport."
Retired 5,Richmond upon Thames,2317,74.3,,Christian,1.7,5397.4,0.7,0.0,0.0,Male,1.8,372.2,52.5,47.6,3.7,2.8,2.2,2.5,-3.3,3.8,4313.6,Yes,-8.0,-8.0,Retired: 100%,E09000027,LA,Retired,Affluent Senior Singles,"This group consists of older, single males who are retired and enjoy a high level of education and income. With an average age of 74, they have a strong sense of community but face challenges with physical health, even as they maintain an active lifestyle and reliance on public transport."
Retired 6,Richmond upon Thames,13073,80.7,,Christian,4.6,1397.1,0.0,0.0,0.0,Female,1.5,1.3,50.2,39.1,3.7,2.6,2.3,2.7,-4.6,3.9,931.3,Yes,-8.0,-8.0,Retired: 100%,E09000027,LA,Retired,Independent Senior Women,"This group consists of older retired women living independently, with an average age of 80.7 years. They have a moderate level of education, with many holding qualifications equivalent to A-levels, and experience a mix of mental and physical health challenges. With a low monthly income, they rely on their own vehicles for transport, but face some dissatisfaction with local services and community cohesion."
Retired 7,Richmond upon Thames,3030,76.6,,Christian,4.1,1387.2,0.1,0.0,0.0,Female,3.6,136.0,48.4,37.8,3.6,2.6,2.3,2.7,-4.4,4.1,1163.0,Yes,-8.0,-8.0,Retired: 100%,E09000027,LA,Retired,Active Senior Citizens,"This group consists of retired women averaging 76 years old, who enjoy a modest income and prioritize community engagement. Despite facing some health challenges, they maintain an active lifestyle and utilize public transport, contributing to a vibrant local atmosphere."
Unemployed,Richmond upon Thames,6128,42.8,Yes,None/Not applicable,3.1,733.7,1.5,0.5,0.3,Female,3.2,530.2,40.8,46.8,3.3,2.4,2.2,2.6,3.6,3.5,882.8,No,Employer premises,-8.0,Unemployed: 100%,E09000027,LA,Unemployed,Struggling Urban Unemployed,"This group primarily consists of unemployed individuals, with an average age of 42.8 years and predominantly female representation. They face challenges related to lower qualifications and mental health, live in larger households, and often rely on public transport, reflecting limited access to local services and community resources."
Student,Richmond upon Thames,4113,24.5,,None/Not applicable,2.9,1148.2,3.1,0.1,0.1,Male,3.4,582.9,44.3,55.8,3.3,2.4,2.2,2.7,10.7,3.6,1152.7,No,Employer premises,-8.0,Student / training: 100%,E09000027,LA,Student,Young Urban Scholars,"This group consists primarily of students, averaging 24.5 years old, who are pursuing higher education. They typically have a lower income and are navigating life in a shared household environment, with a strong reliance on public transport. While they face challenges with mental health, they are engaged in their communities and represent a vibrant, youthful demographic."
On leave,Richmond upon Thames,5072,45.1,,None/Not applicable,2.9,1078.1,1.2,1.4,0.7,Female,3.9,371.2,43.8,49.1,3.5,2.6,2.3,2.6,1.5,3.9,1666.8,Yes,Employer premises,-8.0,On leave: 100%,E09000027,LA,On leave,Temporary Leave Seekers,"This group consists predominantly of women who are currently on leave from their jobs, reflecting a higher social class and educational attainment. With an average age of 45, they are balancing family life, often with young children, while navigating challenges related to their mental and physical health. Their reliance on public transport and lower satisfaction with local services indicates potential barriers to community engagement."
Inactive,Richmond upon Thames,6020,49.4,,None/Not applicable,3.3,1314.6,1.4,0.3,0.2,Female,2.7,294.9,36.8,36.3,3.3,2.6,2.3,2.8,0.9,3.9,1250.8,Yes,-8.0,-8.0,Inactive: 100%,E09000027,LA,Inactive,Disconnected Urban Dwellers,"This group primarily consists of inactive residents, averaging around 49 years old, with a low level of education and modest monthly income. They face challenges in mental and physical health, reflecting a need for better community support and local services."
Employed 1,Southwark,25941,41.3,Yes,None/Not applicable,1.4,2954.8,3.2,1.6,1.0,Female,3.8,1964.2,46.1,53.8,3.5,2.6,2.2,2.5,22.7,4.0,4215.7,Yes,Employer premises,-8.0,Employed: 100%,E09000028,LA,Employed,Diverse Working Families,"This group consists primarily of employed women around 41 years old, many of whom speak English as a second language. They tend to have high qualifications, a decent income, and one or more children, but face challenges with mental health and local services, highlighting their need for stronger community support."
Employed 2,Southwark,21221,29.7,,None/Not applicable,2.9,1679.7,6.5,0.0,0.0,Male,3.1,1295.4,44.6,53.7,3.3,2.4,2.1,2.7,23.8,3.7,1677.8,Yes,Employer premises,-8.0,Employed: 100%,E09000028,LA,Employed,Young Urban Workers,"This group consists of predominantly young males, averaging just under 30 years old, who are fully employed and earning a modest income. They tend to have lower educational qualifications and a moderate level of health, living in households without children, and they rely on public transport while also having access to a vehicle."
Employed 3,Southwark,27400,31.2,Yes,None/Not applicable,1.5,2684.5,2.9,0.0,0.0,Male,2.0,2006.5,44.3,55.3,3.1,2.3,2.3,2.6,25.8,3.6,2806.7,Yes,Employer premises,-8.0,Employed: 100%,E09000028,LA,Employed,Young Ambitious Professionals,"This group consists of young, employed males in their early 30s, often with high educational qualifications and a solid monthly income. They tend to live in smaller households without children and show a moderate level of community engagement, while also relying on public transport for commuting."
Employed 4,Southwark,21828,55.6,,None/Not applicable,4.0,1996.6,6.2,0.0,0.0,Male,2.7,1356.5,49.5,49.6,3.4,2.5,2.2,2.7,19.1,3.6,2459.4,Yes,Employer premises,-8.0,Employed: 100%,E09000028,LA,Employed,Mid-Life Commuting Workers,"This group consists of middle-aged males, typically around 55 years old, who are employed and have no children at home. They exhibit a moderate level of education and income, with a social class that suggests they are in semi-routine jobs, and they rely on public transport for commuting despite having access to a vehicle."
Employed 5,Southwark,7918,32.9,,Muslim/Islam,2.2,1788.0,2.3,0.3,0.1,Male,6.3,731.4,46.2,52.0,3.4,2.5,2.3,2.7,17.1,3.4,685.8,Yes,Employer premises,-8.0,Employed: 100%,E09000028,LA,Employed,Young Muslim Professionals,"This group comprises predominantly young Muslim men, averaging just under 33 years old, who are well-educated with first degrees and hold lower managerial or professional positions. They experience moderate mental health scores and are engaged in the community, although local services may not fully meet their needs."
Employed 6,Southwark,19510,42.2,No,None/Not applicable,3.5,2073.4,6.0,1.7,1.0,Female,3.9,1237.2,46.5,51.3,3.5,2.5,2.2,2.6,16.5,4.0,2879.3,Yes,Employer premises,-8.0,Employed: 100%,E09000028,LA,Employed,Working-Class Families,"This group consists of predominantly employed women in their early 40s, often balancing careers and family life with an average of 1.7 children per household. They tend to have a moderate level of education and income, but face challenges in mental health and community cohesion, reflecting their struggles with local services and transport options."
Employed 7,Southwark,20792,55.8,,None/Not applicable,1.6,2608.5,3.7,0.0,0.0,Female,2.3,1560.2,48.0,50.7,3.4,2.5,2.2,2.5,20.7,3.7,3928.2,Yes,Employer premises,-8.0,Employed: 100%,E09000028,LA,Employed,Career-Focused Middle-Agers,"This group consists of employed women in their late fifties, with a strong focus on their careers and an impressive level of education, averaging a higher degree. They have a moderate income and are generally satisfied with their physical health, though their mental health scores indicate some challenges. Living in a relatively cohesive community, they rely on public transport for commuting, despite owning a vehicle."
Employed 8,Southwark,11908,47.0,Yes,None/Not applicable,1.5,7120.2,2.8,0.7,0.4,Male,3.0,3791.3,49.1,54.3,3.4,2.6,2.2,2.5,26.4,3.7,5112.7,Yes,Employer premises,-8.0,Employed: 100%,E09000028,LA,Employed,Diverse Middle-Class Workers,"This group consists of predominantly employed individuals, averaging 47 years old, with a higher education level and a strong monthly income. They are characterized by their diverse backgrounds, as many do not speak English as their first language, and they live in households with a modest number of children, reflecting a unique urban lifestyle."
Employed 9,Southwark,848,50.5,,Other,2.4,3079.2,4.1,0.3,0.2,Female,2.4,1408.8,46.1,47.6,3.6,2.3,2.2,2.5,18.3,3.6,5314.3,Yes,Employer premises,-8.0,Employed: 100%,E09000028,LA,Employed,Middle-Aged Commuting Professionals,"This group consists of employed women in their early fifties, characterized by a respectable income and a stable, professional background. They tend to live in smaller households with few children, face moderate health challenges, and rely on public transport for their commutes, reflecting a balance between urban living and professional commitments."
Retired 1,Southwark,18393,79.3,,Christian,4.5,1420.2,0.1,0.0,0.0,Female,1.8,4.0,49.8,38.1,3.7,2.5,2.2,2.7,-4.5,3.9,732.2,Yes,-8.0,-8.0,Retired: 100%,E09000028,LA,Retired,Independent Senior Women,"This group consists of predominantly retired women, averaging 79 years old, living alone with no children. They have a moderate level of education and a relatively low monthly income, while facing challenges with physical health but maintaining a decent mental health score, indicating resilience in their later years."
Retired 2,Southwark,549,74.7,,Other,4.5,4142.3,0.2,0.0,0.0,Female,1.7,47.0,47.1,35.5,3.7,2.2,2.0,2.7,-6.0,2.5,315.5,No,-8.0,-8.0,Retired: 100%,E09000028,LA,Retired,Independent Elderly Women,"This group consists of retired women averaging 74 years old who live alone and have no children. Despite their limited physical health scores, they enjoy a relatively high income, but they face challenges with local services and transportation options."
Retired 3,Southwark,10932,69.7,,None/Not applicable,2.1,2144.2,1.8,0.0,0.0,Male,2.0,485.4,50.3,45.1,3.6,2.7,2.3,2.6,3.5,3.8,3082.0,Yes,-8.0,-8.0,Retired: 100%,E09000028,LA,Retired,Comfortable Senior Retirees,"This group consists of older men, averaging nearly 70 years of age, who have retired and enjoy a comfortable lifestyle with a relatively high income. They generally have a good education, belong to a higher social class, and while they experience some health challenges, they maintain a decent level of mental well-being and live in a community with moderate cohesion."
Retired 4,Southwark,348,62.5,,Muslim/Islam,3.1,1339.1,2.8,1.5,1.0,Male,3.8,1015.3,53.6,44.1,3.9,3.1,1.9,2.2,10.0,4.1,2051.0,No,Employer premises,-8.0,Retired: 100%,E09000028,LA,Retired,Active Retired Muslims,"This group consists of older Muslim men who are retired but remain actively engaged in their community. With a moderate income and a good level of education, they value local cohesion and utilize public transport while maintaining a strong family presence in their household."
Unemployed 1,Southwark,12313,42.9,,None/Not applicable,3.5,703.7,1.3,0.0,0.0,Male,3.2,374.5,41.3,46.7,3.3,2.2,2.2,2.7,2.7,3.2,471.1,No,Employer premises,-8.0,Unemployed: 100%,E09000028,LA,Unemployed,Struggling Urban Unemployed,"This group consists mainly of middle-aged men who are currently unemployed and facing significant challenges. They have moderate qualifications and low personal income, coupled with poorer mental and physical health scores, indicating a tough living situation in a community with limited resources and cohesion."
Unemployed 2,Southwark,3928,39.6,Yes,None/Not applicable,3.2,1063.4,1.6,1.7,1.0,Female,3.8,526.2,42.0,44.4,3.4,2.4,2.2,2.5,6.7,3.5,875.0,No,Employer premises,-8.0,Unemployed: 100%,E09000028,LA,Unemployed,Struggling Single Parents,"This group predominantly consists of unemployed women, many of whom are single parents with an average of 1.7 children. They face challenges related to lower qualifications and mental and physical health issues, while living in areas with limited local services and community support."
Student,Southwark,9517,25.2,,Christian,3.1,1070.7,2.6,0.1,0.1,Male,3.7,565.6,45.5,55.0,3.3,2.2,2.1,2.7,9.6,3.5,818.5,No,Employer premises,-8.0,Student / training: 100%,E09000028,LA,Student,Urban Student Life,"This group consists of young adults, primarily students, living in a bustling urban environment. With a focus on education, they tend to have lower income levels and minimal family responsibilities, fostering a lifestyle centered around learning and social engagement. Despite facing challenges in mental health and local service satisfaction, they exhibit a strong reliance on public transport and community interactions."
On leave,Southwark,8461,40.7,,None/Not applicable,3.0,1342.4,1.2,1.5,0.7,Female,3.9,446.0,43.6,48.2,3.4,2.5,2.2,2.7,4.8,3.7,1229.5,Yes,Employer premises,-8.0,On leave: 100%,E09000028,LA,On leave,Temporary Leave Takers,"This group consists primarily of women around 40 years old who are currently on leave from their jobs, often balancing the demands of family life with their professional aspirations. With a moderate level of education and income, they experience average physical and mental health scores, reflecting the challenges of their temporary situation. Community cohesion is moderate, but they face some dissatisfaction with local services, indicating a need for better resources in their area."
Inactive 1,Southwark,2940,41.5,,None/Not applicable,3.5,1664.6,1.4,1.6,1.0,Female,3.9,331.4,37.7,35.3,3.4,2.6,2.3,2.9,0.6,3.7,1056.5,Yes,Employer premises,-8.0,Inactive: 100%,E09000028,LA,Inactive,Struggling Single Parents,"This group consists primarily of inactive, single mothers in their early forties, managing a household of nearly four individuals. They face challenges with mental and physical health while navigating a lower middle-class lifestyle, marked by a reliance on public transport and limited local services."
Inactive 2,Southwark,12516,49.1,,None/Not applicable,3.8,1269.8,0.8,0.0,0.0,Female,2.4,156.7,36.1,35.2,3.3,2.5,2.2,2.7,-0.4,4.0,757.7,No,-8.0,-8.0,Inactive: 100%,E09000028,LA,Inactive,Inactive Urban Dwellers,"This group consists primarily of middle-aged women living in urban areas, with low qualifications and inactive employment status. They show signs of poorer mental and physical health, limited community engagement, and rely on public transport, reflecting challenges in their local environment and quality of life."
Employed 1,Sutton,20537,42.7,No,None/Not applicable,3.4,2033.8,5.6,1.7,1.0,Male,4.0,1263.3,46.4,52.3,3.6,2.7,2.2,2.6,15.1,4.1,3599.1,Yes,Employer premises,-8.0,Employed: 100%,E09000029,LA,Employed,Middle-Income Working Families,"This group consists of employed males averaging in their early 40s, managing a household of four with one child. They have a moderate level of education and income, but experience average mental health and a sense of moderate community cohesion, indicating they balance family life with work while navigating some local service challenges."
Employed 2,Sutton,15892,27.9,Yes,None/Not applicable,2.6,1813.2,4.8,0.0,0.0,Male,2.9,1368.5,44.5,54.4,3.3,2.5,2.2,2.6,21.9,3.7,2280.2,Yes,Employer premises,-8.0,Employed: 100%,E09000029,LA,Employed,Young Urban Professionals,"This group consists mainly of young, employed males in their late twenties who are navigating their early careers in urban settings. They tend to have a higher education level and a moderate income but face challenges with mental health and community engagement, indicating a need for better local services and support."
Employed 3,Sutton,22010,43.7,Yes,None/Not applicable,1.6,4183.6,2.8,1.6,1.0,Male,3.9,2529.8,46.8,54.1,3.6,2.8,2.3,2.5,24.8,4.0,5182.1,Yes,Employer premises,-8.0,Employed: 100%,E09000029,LA,Employed,Skilled Urban Workers,"This group consists of employed males, predominantly skilled professionals with high qualifications and a solid monthly income. They tend to have a moderately sized household and are active users of public transport, indicating a blend of urban living and commuting. Despite their professional status, they experience average mental health scores, suggesting potential challenges in work-life balance."
Employed 4,Sutton,21019,57.0,,None/Not applicable,3.9,1938.7,5.8,0.0,0.0,Female,2.6,1242.0,48.9,49.4,3.5,2.7,2.3,2.7,15.8,4.0,3697.8,Yes,Employer premises,-8.0,Employed: 100%,E09000029,LA,Employed,Middle-Aged Commuter Women,"This group is characterized by middle-aged women who are employed and live in a household of around 2.6 people. They typically have a moderate level of education and income, and while they experience average mental and physical health, they are somewhat disengaged from their community, as indicated by their neighbourhood cohesion and local services ratings."
Employed 5,Sutton,17974,52.0,Yes,None/Not applicable,1.6,4150.9,2.9,0.0,0.0,Male,2.5,2344.5,48.0,52.6,3.5,2.7,2.3,2.6,24.1,3.8,5331.1,Yes,Employer premises,-8.0,Employed: 100%,E09000029,LA,Employed,Globetrotting Career Seekers,"This group consists of employed males around the age of 52 who often speak English as a second language. With high qualifications and a respectable income, they enjoy a moderate level of community cohesion but report mixed satisfaction with local services, indicating a desire for improvement in their surroundings."
Employed 6,Sutton,582,50.0,,Other,2.4,2922.9,4.1,0.5,0.3,Female,2.8,1525.9,45.9,49.0,3.5,2.6,2.2,2.4,17.3,3.7,4140.4,Yes,Employer premises,-8.0,Employed: 100%,E09000029,LA,Employed,Mid-Career Commuter Women,"This group consists primarily of employed women around 50 years old, who have achieved a first degree and work in lower managerial roles. They live in smaller households, often without children, and demonstrate a moderate level of mental and physical health, while relying on public transport for their daily commute."
Retired 1,Sutton,8802,73.4,,Christian,1.9,2530.5,0.3,0.0,0.0,Male,1.9,247.1,50.8,44.4,3.7,2.8,2.3,2.6,-3.6,3.9,2992.8,Yes,-8.0,-8.0,Retired: 100%,E09000029,LA,Retired,Affluent Elderly Retirees,"This group consists of retired men averaging 73 years old, enjoying a comfortable lifestyle with a high level of education and income. They are well-established in their community, though they may face some physical health challenges and have limited interaction with local services."
Retired 2,Sutton,4195,67.7,,None/Not applicable,3.4,1482.3,5.5,0.0,0.0,Male,2.2,875.5,50.5,45.8,3.6,2.9,2.3,2.6,14.4,3.9,3478.9,Yes,Employer premises,-8.0,Retired: 100%,E09000029,LA,Retired,Independent Retired Gentlemen,"This group consists of older males, averaging 67.7 years, who are fully retired and live in small households. They have moderate health scores, a decent monthly income, and a relatively low level of community cohesion, indicating they may feel somewhat disconnected from their neighbourhood."
Retired 3,Sutton,335,65.2,,None/Not applicable,3.0,1933.0,1.1,1.1,1.0,Male,3.7,891.2,50.6,43.5,4.0,2.7,1.9,2.3,1.8,3.6,4518.4,Yes,-8.0,-8.0,Retired: 100%,E09000029,LA,Retired,Affluent Retired Gentlemen,"This group consists of older, predominantly male retirees with a strong social standing, reflected in their high social class and good income levels. They have a moderate level of education, are well-integrated into their communities with a strong sense of neighbourhood cohesion, but face some challenges with physical health."
Retired 4,Sutton,21466,79.7,,Christian,4.6,1335.6,0.0,0.0,0.0,Female,1.8,4.3,49.7,38.3,3.7,2.6,2.3,2.7,-4.8,4.0,947.5,Yes,-8.0,-8.0,Retired: 100%,E09000029,LA,Retired,Independent Senior Women,"This group consists of predominantly retired women, averaging nearly 80 years old, who live alone and have no children in their households. They typically have a moderate level of education and rely on a modest income, while facing challenges with physical health, though they maintain a decent level of mental health. Community ties are present but not strong, and they experience mixed satisfaction with local services."
Retired 5,Sutton,370,77.0,,Other,3.9,2424.4,0.2,0.0,0.0,Female,1.7,46.8,46.8,35.8,3.7,2.5,2.1,2.7,-5.1,3.6,1175.7,Yes,-8.0,-8.0,Retired: 100%,E09000029,LA,Retired,Independent Senior Women,"This group consists of older, retired women living independently, with a modest income and a decent level of education. They have low physical health scores, indicating potential health challenges, but maintain a good level of community cohesion despite their limited local services."
Unemployed,Sutton,7464,42.3,Yes,None/Not applicable,3.6,740.5,1.4,0.6,0.3,Female,3.4,424.8,40.8,45.6,3.4,2.4,2.2,2.7,2.6,3.6,811.4,No,Employer premises,-8.0,Unemployed: 100%,E09000029,LA,Unemployed,Struggling Urban Families,"This group primarily consists of unemployed individuals, with a significant proportion being female and living in larger households. They face challenges related to mental and physical health, have low monthly incomes, and rely on public transport, indicating a struggle with community resources and cohesion."
Student,Sutton,5272,23.0,,None/Not applicable,3.2,1025.3,3.0,0.1,0.0,Male,3.7,476.3,43.9,55.6,3.3,2.4,2.2,2.7,9.3,3.5,806.6,No,Employer premises,-8.0,Student / training: 100%,E09000029,LA,Student,Young Urban Scholars,"This group consists primarily of students, averaging 23 years old, who are deeply engaged in their educational pursuits. With a moderate level of qualifications and a focus on public transport for commuting, they often live in shared households and maintain a low income while navigating the challenges of academic life in urban settings."
On leave,Sutton,5380,44.5,,None/Not applicable,3.4,1061.4,1.1,1.4,0.7,Female,4.0,349.5,43.6,48.2,3.5,2.7,2.2,2.7,1.5,3.9,1421.4,Yes,Employer premises,-8.0,On leave: 100%,E09000029,LA,On leave,Temporary Leave Families,"This group consists primarily of women, averaging 44.5 years old, who are currently on leave from work. They have a moderate level of education and experience some challenges with mental and physical health, while their community cohesion is reasonable. With a focus on family, they have an average of one child per household and rely on local services for their daily needs."
Inactive,Sutton,7572,48.9,,None/Not applicable,3.9,1376.5,1.1,0.4,0.2,Female,2.8,266.7,36.1,34.8,3.4,2.7,2.3,2.8,0.3,4.0,888.1,No,-8.0,-8.0,Inactive: 100%,E09000029,LA,Inactive,Disconnected Urban Inactives,"This group consists primarily of middle-aged women who are currently inactive in the workforce. With low mental and physical health scores, they experience challenges in community engagement and rely heavily on public transport, despite having limited access to local services and amenities."
Employed 1,Tower Hamlets,19512,29.5,,None/Not applicable,3.1,1658.5,6.5,0.0,0.0,Male,3.2,1278.8,44.2,53.1,3.3,2.4,2.1,2.6,22.8,3.7,1651.6,Yes,Employer premises,-8.0,Employed: 100%,E09000030,LA,Employed,Young Urban Workers,"This group consists mainly of young, employed males averaging 29.5 years old, who often live in shared households. They tend to hold lower-level qualifications and work in routine jobs, with a moderate income and a decent physical health score, but face challenges in mental health and local services satisfaction."
Employed 2,Tower Hamlets,15886,41.7,No,None/Not applicable,3.7,1892.3,5.8,1.8,1.0,Male,4.3,1146.5,45.8,51.1,3.5,2.5,2.2,2.6,15.2,4.0,3189.0,Yes,Employer premises,-8.0,Employed: 100%,E09000030,LA,Employed,Struggling Working Families,"This group consists of employed males, primarily in lower supervisory roles, balancing work and family life. With an average income that reflects moderate financial pressure, they tend to face challenges in mental health and local service satisfaction, highlighting their need for community support and improved local amenities."
Employed 3,Tower Hamlets,27822,33.6,Yes,None/Not applicable,1.5,2669.5,2.9,0.0,0.0,Male,2.0,1932.8,44.2,54.6,3.2,2.3,2.2,2.6,25.3,3.5,2733.7,Yes,Employer premises,-8.0,Employed: 100%,E09000030,LA,Employed,Young Urban Professionals,"This group consists of primarily young male professionals who are well-educated, with an average highest qualification of a first degree. They have a decent income and prefer urban living, though they often face challenges related to mental health and neighborhood cohesion, as they navigate life in a bustling city without children."
Employed 4,Tower Hamlets,22630,55.3,,None/Not applicable,3.3,2108.3,5.6,0.0,0.0,Male,2.5,1436.0,48.9,49.5,3.4,2.6,2.2,2.6,18.5,3.8,3222.4,Yes,Employer premises,-8.0,Employed: 100%,E09000030,LA,Employed,Middle-Aged Commuter Males,"This group consists of middle-aged men, averaging 55 years old, who are fully employed and typically live in households of around two to three people. With a moderate income and qualifications, they exhibit average levels of physical and mental health, while relying on public transport for commuting, although they also have access to a car."
Employed 5,Tower Hamlets,11448,47.1,Yes,None/Not applicable,1.5,6691.5,2.8,0.6,0.3,Male,2.9,3695.2,48.8,53.7,3.4,2.5,2.2,2.5,28.0,3.5,5091.8,Yes,Employer premises,-8.0,Employed: 100%,E09000030,LA,Employed,Diverse Urban Professionals,"This group consists of employed individuals with a high level of education, averaging a first degree, and a solid monthly income. They predominantly live in urban areas, often use public transport, and have a good physical health score, although their mental health score suggests some challenges. Community ties are moderate, indicating a mix of engagement in their neighborhoods."
Employed 6,Tower Hamlets,8546,32.6,,Muslim/Islam,2.2,1681.3,2.3,0.4,0.1,Male,6.3,843.4,45.3,51.6,3.5,2.4,2.2,2.7,16.4,3.5,1001.1,Yes,Employer premises,-8.0,Employed: 100%,E09000030,LA,Employed,Young Muslim Professionals,"This group is characterized by young, employed Muslim men, averaging just over 32 years old. They have a relatively high level of education and are part of the lower managerial or professional class, but face challenges with mental health despite decent physical health scores. Their community engagement is moderate, with a reliance on public transport for commuting."
Employed 7,Tower Hamlets,517,47.3,,Other,2.1,2974.1,3.7,0.5,0.3,Male,2.8,1613.7,45.3,48.6,3.5,2.3,2.1,2.4,22.7,3.7,4861.4,Yes,Employer premises,-8.0,Employed: 100%,E09000030,LA,Employed,Middle-Aged Urban Workers,"This group consists of employed individuals averaging 47 years old, predominantly male, with a focus on urban living. They have a decent income and hold a first degree on average, but their mental and physical health scores indicate some challenges. Community cohesion is moderate, and while they rely on public transport, they also have access to a car."
Employed 8,Tower Hamlets,20631,40.6,Yes,None/Not applicable,1.5,2897.3,3.3,1.7,1.0,Male,3.9,1881.7,45.7,53.0,3.5,2.6,2.2,2.5,23.0,4.0,4328.6,Yes,Employer premises,-8.0,Employed: 100%,E09000030,LA,Employed,Diverse Working Families,"This group consists of employed males, predominantly around middle age, with a strong emphasis on family life as indicated by their average of 1.7 children per household. They are well-educated, with an average qualification level of a first degree, but face challenges in mental health and local service satisfaction, reflecting their unique position within the community."
Retired 1,Tower Hamlets,257,58.2,,Muslim/Islam,3.9,853.3,0.6,1.3,1.0,Male,3.8,603.3,47.2,35.1,3.7,3.4,1.7,2.3,-1.2,2.6,1775.9,No,-8.0,-8.0,Retired: 100%,E09000030,LA,Retired,Community-minded retired Muslims,"This group consists of retired Muslim males who are deeply rooted in their community, reflected in their moderate neighbourhood cohesion score. They have a relatively low income and educational qualifications, and while they face health challenges, they are engaged in their local area, relying on public transport for mobility despite not having access to a personal vehicle."
Retired 2,Tower Hamlets,14175,78.1,,Christian,4.7,1477.3,0.0,0.0,0.0,Female,1.9,1.4,48.2,36.7,3.7,2.5,2.2,2.7,-4.5,3.9,742.8,Yes,-8.0,-8.0,Retired: 100%,E09000030,LA,Retired,Independent Senior Women,"This group consists of older, retired women living independently, with an average age of 78. They have a moderate level of education and a stable income, but face challenges with physical health. They value their community, evidenced by a decent level of neighbourhood cohesion, yet express some dissatisfaction with local services."
Retired 3,Tower Hamlets,7295,69.8,,None/Not applicable,2.1,2109.4,1.8,0.0,0.0,Male,1.9,454.3,50.0,44.6,3.6,2.8,2.3,2.6,2.8,3.8,3033.2,Yes,-8.0,-8.0,Retired: 100%,E09000030,LA,Retired,Independent Retired Gentlemen,"This group consists of older males, primarily retired, with a strong educational background, averaging a first degree. They enjoy a steady income but face some health challenges, reflected in their mental and physical health scores. Living alone in a moderate community, they have a mixed satisfaction with local services and often rely on public transport for mobility."
Unemployed 1,Tower Hamlets,5391,31.1,,None/Not applicable,2.5,351.5,2.5,0.0,0.0,Male,3.6,540.7,39.4,50.4,3.3,2.3,2.2,2.6,8.2,3.4,718.1,No,Employer premises,-8.0,Unemployed: 100%,E09000030,LA,Unemployed,Struggling Young Adults,"This group consists of young, unemployed males with an average age of just over 31. They generally have a first degree as their highest qualification and experience challenges related to mental health, reflected in their low mental health scores. With no children and a reliance on public transport, they navigate a community with moderate neighborhood cohesion and limited local services."
Unemployed 2,Tower Hamlets,7409,49.6,,Muslim/Islam,4.5,879.0,0.2,0.0,0.0,Female,3.8,127.4,42.1,43.5,3.4,2.2,2.1,2.7,-2.6,3.2,198.8,No,-8.0,-8.0,Unemployed: 100%,E09000030,LA,Unemployed,Struggling Urban Families,"This group consists predominantly of unemployed Muslim women in their late forties, living in larger households. They face challenges related to low income and health issues, and they often have limited access to local services, which impacts their overall well-being and community involvement."
Unemployed 3,Tower Hamlets,4681,39.8,Yes,Muslim/Islam,3.4,903.3,1.5,1.9,1.0,Female,4.2,527.6,41.9,43.1,3.5,2.3,2.2,2.6,3.9,3.5,475.1,No,Employer premises,-8.0,Unemployed: 100%,E09000030,LA,Unemployed,Struggling Muslim Families,"This group predominantly consists of unemployed Muslim women in their late 30s, living in larger households with an average of nearly four members. With low personal income and qualifications, they face challenges in accessing local services, while their mental and physical health scores indicate significant struggles, reflecting the difficulties of their current situation."
Student,Tower Hamlets,8273,24.2,,Muslim/Islam,3.1,999.2,2.4,0.1,0.1,Male,3.8,451.1,44.5,54.8,3.3,2.3,2.1,2.7,8.3,3.5,639.5,No,Employer premises,-8.0,Student / training: 100%,E09000030,LA,Student,Urban Muslim Students,"This group consists of young male students, primarily aged around 24, who are engaged in higher education. They have a moderate level of qualifications and a modest income, reflecting their student status, and they live in households with multiple occupants. With a focus on public transport and limited car ownership, they navigate their urban environment while experiencing moderate mental health challenges."
On leave,Tower Hamlets,9399,41.0,,None/Not applicable,3.4,1114.4,0.9,1.6,0.8,Female,4.4,329.8,44.0,47.2,3.5,2.5,2.2,2.7,1.6,3.7,1009.6,Yes,Employer premises,-8.0,On leave: 100%,E09000030,LA,On leave,Temporary Leave Takers,"This group primarily consists of women aged around 41 who are currently on leave from work. They have a moderate level of education and typically live in larger households with an average of 1.6 children. Despite facing some challenges with mental and physical health, they maintain a reasonable level of community cohesion and utilize public transport for their travels."
Inactive 1,Tower Hamlets,2596,41.4,,None/Not applicable,3.7,1694.7,1.1,1.6,1.0,Female,4.2,312.0,35.5,35.5,3.4,2.5,2.3,2.8,1.0,3.8,1098.8,Yes,Employer premises,-8.0,Inactive: 100%,E09000030,LA,Inactive,Struggling Stay-at-home Parents,"This group consists mainly of inactive women averaging 41 years old, who often juggle family responsibilities with limited financial resources. Despite having a relatively high level of education, their mental and physical health scores indicate significant challenges, and they live in areas with moderate community cohesion and lower satisfaction with local services."
Inactive 2,Tower Hamlets,11726,46.3,,None/Not applicable,3.8,1160.2,0.8,0.0,0.0,Female,2.5,144.2,34.9,35.9,3.3,2.5,2.2,2.7,-0.7,4.0,590.1,No,-8.0,-8.0,Inactive: 100%,E09000030,LA,Inactive,Inactive Urban Dwellers,"This group consists mainly of middle-aged women living in urban areas, with no children and low personal income. They exhibit significant challenges in both mental and physical health, alongside a reliance on public transport and limited satisfaction with local services."
Employed 1,Waltham Forest,16133,55.3,,None/Not applicable,1.8,2772.7,3.5,0.0,0.0,Female,2.5,1667.7,48.2,50.7,3.4,2.6,2.2,2.5,20.7,3.8,4319.1,Yes,Employer premises,-8.0,Employed: 100%,E09000031,LA,Employed,Middle-Aged Commuting Professionals,"This group consists of employed females averaging 55 years old, with high educational qualifications and a solid income. They enjoy moderate community ties but face challenges with local services, particularly in shopping and leisure, while relying on public transport for commuting."
Employed 2,Waltham Forest,21465,42.9,No,None/Not applicable,3.7,2009.1,5.7,1.7,1.0,Male,4.0,1181.0,46.8,51.4,3.5,2.6,2.2,2.6,14.6,4.0,3146.8,Yes,Employer premises,-8.0,Employed: 100%,E09000031,LA,Employed,Middle-Income Working Families,"This group consists primarily of employed males, averaging in their early 40s, who are managing household responsibilities with around two children. They have a moderate level of qualifications and income, coupled with average mental and physical health scores, indicating a stable yet challenged lifestyle in a community with decent, but not outstanding, local services."
Employed 3,Waltham Forest,23194,41.9,Yes,None/Not applicable,1.6,2845.9,3.2,1.7,1.0,Female,3.8,1896.3,46.0,53.5,3.5,2.7,2.2,2.5,21.6,4.0,4223.7,Yes,Employer premises,-8.0,Employed: 100%,E09000031,LA,Employed,Diverse Working Families,"This cluster consists of employed individuals, predominantly women, who are in their early 40s and often have children. With a strong focus on community, they have decent qualifications and stable incomes, but face challenges related to mental health and local service satisfaction."
Employed 4,Waltham Forest,700,49.9,,Other,2.6,2930.7,4.0,0.6,0.3,Female,2.8,1386.6,45.9,48.3,3.5,2.4,2.1,2.4,18.6,3.6,3968.0,Yes,Employer premises,-8.0,Employed: 100%,E09000031,LA,Employed,Middle-Aged Commuting Workers,"This group primarily consists of employed women in their late 40s, often managing small households without children. They earn a modest income and face challenges with both mental and physical health, while relying on public transport for commuting. Their community ties are moderate, reflecting a blend of work and personal life in a bustling urban environment."
Employed 5,Waltham Forest,16192,31.2,Yes,None/Not applicable,1.7,2622.2,2.9,0.0,0.0,Male,2.0,1942.6,44.5,54.9,3.2,2.3,2.2,2.6,24.8,3.6,2833.6,Yes,Employer premises,-8.0,Employed: 100%,E09000031,LA,Employed,Young Urban Professionals,"This group consists of young, employed males in their early thirties, often working in professional roles with high qualifications. They tend to have a strong monthly income and are likely to use public transport for commuting, reflecting their urban lifestyle. Despite their professional success, they experience moderate mental health challenges and have limited community engagement."
Employed 6,Waltham Forest,15685,28.7,,None/Not applicable,3.1,1658.3,6.6,0.0,0.0,Male,3.4,1277.7,44.5,53.5,3.3,2.5,2.1,2.6,22.2,3.7,1664.2,Yes,Employer premises,-8.0,Employed: 100%,E09000031,LA,Employed,Young Urban Strivers,"This group consists of young, predominantly male professionals in their late twenties who are currently employed and living in shared households. With a moderate level of education and income, they tend to experience average mental health scores while relying heavily on public transport for their daily commute, reflecting a balance between urban life and work commitments."
Employed 7,Waltham Forest,21692,56.1,,None/Not applicable,4.1,1994.2,6.1,0.0,0.0,Male,2.7,1332.0,48.9,49.5,3.5,2.6,2.2,2.7,17.3,3.8,2875.7,Yes,Employer premises,-8.0,Employed: 100%,E09000031,LA,Employed,Middle-Aged Urban Workers,"This group consists primarily of employed men in their late 50s, living in households with an average size of nearly three. They have a moderate level of education, generally holding A-level qualifications, and experience average mental and physical health scores, indicating they may face some health challenges. With a decent income, they rely on public transport but also own a vehicle, reflecting a balance between urban commuting and personal convenience."
Employed 8,Waltham Forest,11002,47.8,Yes,None/Not applicable,1.8,7161.5,3.0,1.0,0.6,Male,3.5,3783.3,49.2,54.0,3.5,2.6,2.2,2.5,26.6,3.6,5368.4,Yes,Employer premises,-8.0,Employed: 100%,E09000031,LA,Employed,Internationally Mobile Professionals,"This group consists of employed individuals, predominantly male, with a strong educational background, averaging a high level of qualifications. They have a moderate household size and tend to be well-compensated, although they face some challenges with local services and community cohesion, suggesting a need for better support in their neighborhoods."
Employed 9,Waltham Forest,6650,35.4,,Muslim/Islam,2.5,1670.3,2.3,0.7,0.2,Male,6.5,777.3,45.6,51.3,3.5,2.5,2.2,2.7,12.6,3.5,1139.0,Yes,Employer premises,-8.0,Employed: 100%,E09000031,LA,Employed,Young Muslim Professionals,"This group consists of young male professionals, predominantly Muslim, who are actively engaged in employment. They have a moderate level of higher education and a stable income, but face challenges in mental health and local service satisfaction. With a medium level of community cohesion, they rely on public transport for commuting, highlighting a blend of urban living and professional aspirations."
Retired 1,Waltham Forest,8579,73.0,,Christian,2.0,2382.1,0.2,0.0,0.0,Male,1.9,198.9,50.5,43.6,3.7,2.7,2.2,2.6,-3.9,3.8,2598.2,Yes,-8.0,-8.0,Retired: 100%,E09000031,LA,Retired,Independent Golden Agers,"This group consists of older, retired males, averaging 73 years of age, who enjoy a comfortable lifestyle with a decent income. They have a strong educational background, often holding a first degree, and are relatively independent, living alone without children in the household. Their health scores indicate some physical challenges, but they maintain a connection to their community, albeit with moderate satisfaction regarding local services."
Retired 2,Waltham Forest,21072,79.1,,Christian,4.8,1345.8,0.0,0.0,0.0,Female,2.0,0.5,49.4,38.0,3.7,2.5,2.2,2.7,-4.6,4.0,829.0,Yes,-8.0,-8.0,Retired: 100%,E09000031,LA,Retired,Golden Years Residents,"This group consists predominantly of elderly women averaging 79 years old, enjoying their retirement with no children in the household. They have modest income levels and face challenges related to physical health, while demonstrating a sense of community with moderate neighbourhood cohesion."
Retired 3,Waltham Forest,498,76.1,,Other,4.4,3528.4,0.2,0.0,0.0,Female,1.8,50.4,45.9,34.4,3.6,2.3,2.1,2.8,-5.8,2.8,537.8,No,-8.0,-8.0,Retired: 100%,E09000031,LA,Retired,Independent Senior Women,"This group consists of older, retired women living alone, with an average age of 76. They maintain a relatively high income but face challenges in physical health, leading to a need for community support and accessible services."
Retired 4,Waltham Forest,392,63.7,,Muslim/Islam,3.5,1441.8,1.1,1.3,1.0,Male,3.8,655.2,50.8,42.0,3.8,2.9,1.9,2.4,1.3,3.5,2944.3,Yes,-8.0,-8.0,Retired: 100%,E09000031,LA,Retired,Active Retired Muslim Men,"This group consists of retired Muslim men, averaging 63.7 years old, who maintain a moderate level of physical health and a strong sense of community engagement. With a decent monthly income and a higher social class standing, they balance family life with active participation in local neighbourhoods, although they express some dissatisfaction with local services."
Retired 5,Waltham Forest,3494,67.8,,None/Not applicable,3.4,1465.5,5.4,0.0,0.0,Male,2.2,874.0,49.6,46.0,3.6,2.8,2.3,2.6,15.9,3.9,3448.7,Yes,Employer premises,-8.0,Retired: 100%,E09000031,LA,Retired,Independent Retired Gentlemen,"This group consists of older retired males, averaging nearly 68 years old, who enjoy a modest income and live in small households. With a focus on community, they have a fair level of neighbourhood cohesion but face challenges in physical health and local service satisfaction."
Unemployed 1,Waltham Forest,10486,44.0,,None/Not applicable,3.7,677.3,1.2,0.0,0.0,Male,3.7,289.2,41.7,45.8,3.4,2.2,2.1,2.6,1.3,3.3,578.6,No,Employer premises,-8.0,Unemployed: 100%,E09000031,LA,Unemployed,Struggling Urban Unemployed,"This group primarily consists of middle-aged men with a notable lack of formal qualifications, averaging around a lower level of education. They face significant challenges in employment, earning a modest income while grappling with poor mental and physical health scores, and live in an area with limited community cohesion and subpar local services."
Unemployed 2,Waltham Forest,4414,41.2,Yes,None/Not applicable,3.3,960.6,1.5,1.9,1.0,Female,4.1,479.0,42.2,43.8,3.4,2.5,2.2,2.5,4.3,3.5,809.2,No,Employer premises,-8.0,Unemployed: 100%,E09000031,LA,Unemployed,Struggling Urban Families,"This group consists mainly of unemployed women around 41 years old, often with children in the household. They face challenges such as lower educational qualifications and limited income, which affects their mental and physical health, as well as their engagement with local services and community cohesion."
Student,Waltham Forest,8408,24.3,,None/Not applicable,3.2,1005.3,2.6,0.1,0.1,Male,3.7,479.6,45.8,54.6,3.3,2.2,2.1,2.7,8.2,3.5,765.2,No,Employer premises,-8.0,Student / training: 100%,E09000031,LA,Student,Urban Student Explorers,"This vibrant group of young adults, averaging 24 years old, is primarily focused on their studies while navigating life in a bustling urban environment. With a moderate level of qualifications and a strong reliance on public transport, they embody a transient lifestyle, often living in shared housing. Despite facing challenges in mental health and local services, their enthusiasm for learning and community engagement remains strong."
On leave,Waltham Forest,8763,43.1,,None/Not applicable,3.4,1125.8,0.9,1.5,0.7,Female,4.2,282.3,43.8,47.4,3.5,2.5,2.2,2.7,0.9,3.7,1001.6,Yes,Employer premises,-8.0,On leave: 100%,E09000031,LA,On leave,Temporary Work Break Families,"This group consists primarily of women around the age of 43 who are currently on leave from their jobs, often balancing family responsibilities with their work life. They tend to have a moderate level of education and income, and while they experience average physical health, their mental health scores indicate a need for support. Community cohesion is relatively strong, but satisfaction with local services remains low."
Inactive 1,Waltham Forest,2609,41.6,,None/Not applicable,3.5,1671.3,1.3,1.7,1.0,Female,3.9,365.6,37.7,36.8,3.4,2.6,2.3,2.9,0.9,3.8,1098.9,Yes,Employer premises,-8.0,Inactive: 100%,E09000031,LA,Inactive,Stay-at-Home Caregivers,"This group primarily consists of females around middle age, who are largely inactive in the workforce while managing households with children. With moderate qualifications and a decent income, they struggle with lower mental and physical health scores, reflecting the challenges of caregiving in a community where local services may not meet their needs."
Inactive 2,Waltham Forest,9850,48.7,,None/Not applicable,3.9,1220.8,0.9,0.0,0.0,Female,2.7,175.2,36.3,35.4,3.3,2.6,2.2,2.7,-0.5,4.0,782.0,No,-8.0,-8.0,Inactive: 100%,E09000031,LA,Inactive,Inactive Urban Dwellers,"This group consists primarily of women around middle age who are currently inactive in the workforce. With low monthly incomes and modest qualifications, they face challenges in both mental and physical health, while living in areas with limited local services and community cohesion."
Employed 1,Wandsworth,29650,31.2,Yes,None/Not applicable,1.1,2769.1,3.0,0.0,0.0,Female,2.0,2075.9,44.0,56.2,3.1,2.3,2.3,2.5,26.5,3.7,2948.6,Yes,Employer premises,-8.0,Employed: 100%,E09000032,LA,Employed,Young Professional Immigrants,"This group consists of young, employed women who have moved to the UK and hold high qualifications, averaging a higher degree. They tend to have a moderate income and live in smaller households without children, reflecting a focus on career development. Despite their professional status, they experience challenges with mental health and have mixed satisfaction with local services."
Employed 2,Wandsworth,10609,44.5,,None/Not applicable,1.3,6457.5,2.7,1.7,1.0,Male,3.9,3534.3,48.0,54.8,3.6,2.7,2.2,2.5,27.3,3.8,5851.2,Yes,Employer premises,-8.0,Employed: 100%,E09000032,LA,Employed,Middle-Class Commuter Dads,"This group consists of employed men around 44 years old, predominantly without religious affiliation. They have a high level of education, earning a substantial income, and are actively engaged in family life with an average of 1.7 children per household, while relying on public transport for commuting."
Employed 3,Wandsworth,13475,41.2,No,None/Not applicable,2.9,2025.2,6.8,1.7,1.0,Female,3.8,1255.3,46.0,52.3,3.5,2.6,2.2,2.6,16.6,4.1,3478.5,Yes,Employer premises,-8.0,Employed: 100%,E09000032,LA,Employed,Working-Class Families,"This group consists primarily of employed individuals who are navigating the challenges of family life, with an average of 1.7 children per household. They generally hold lower managerial or professional jobs, with a moderate education level and face some challenges in mental health. Community cohesion is average, and they rely on public transport while maintaining some level of car usage for their daily commute."
Employed 4,Wandsworth,12803,46.5,Yes,None/Not applicable,1.4,6596.8,2.8,0.0,0.0,Male,2.2,3444.4,48.3,54.6,3.3,2.4,2.2,2.5,24.5,3.4,5052.6,Yes,Employer premises,-8.0,Employed: 100%,E09000032,LA,Employed,Ambitious Urban Professionals,"This group consists of highly educated, employed males averaging 46.5 years old, who typically earn a substantial gross income. They show a strong commitment to their careers but experience moderate mental health scores, indicating potential stress despite their professional success."
Employed 5,Wandsworth,799,50.4,,Other,2.1,2919.7,3.9,0.4,0.3,Female,2.4,1679.4,47.5,48.7,3.5,2.4,2.2,2.4,17.3,3.7,4067.9,Yes,Employer premises,-8.0,Employed: 100%,E09000032,LA,Employed,Midlife Urban Professionals,"This group consists primarily of employed women in their early fifties, who are navigating the balance of work and personal life. They hold first degrees and enjoy a stable income, although they report moderate mental and physical health scores. With a focus on public transport, they are actively engaged in their local community, albeit with some dissatisfaction regarding local services."
Employed 6,Wandsworth,8808,32.7,,Muslim/Islam,2.2,1787.8,3.8,0.2,0.1,Female,6.0,982.7,46.3,52.4,3.5,2.6,2.2,2.8,22.2,3.5,1065.7,Yes,Employer premises,-8.0,Employed: 100%,E09000032,LA,Employed,Young Urban Muslim Professionals,"This group consists of young, employed Muslim women, typically in their early thirties, who live in larger households. They have a decent level of education, with most holding a first degree, and enjoy moderate income levels. Despite facing challenges in mental health and local services, they are actively engaged in their communities, utilizing public transport for their daily commutes."
Employed 7,Wandsworth,21552,55.6,,None/Not applicable,1.5,2501.3,3.5,0.0,0.0,Female,2.3,1519.2,48.3,51.2,3.5,2.6,2.2,2.5,18.5,3.7,4414.9,Yes,Employer premises,-8.0,Employed: 100%,E09000032,LA,Employed,Middle-Aged Commuter Professionals,"This group consists of predominantly employed females in their mid-50s, with strong qualifications and a stable income. They enjoy a decent standard of living but face moderate challenges in mental and physical health, reflecting a common trend among their demographic. With no children in the household, they lead a lifestyle focused on work and commuting, relying on public transport while also having access to a vehicle."
Employed 8,Wandsworth,20690,56.5,,None/Not applicable,3.9,2099.9,6.1,0.0,0.0,Male,2.5,1346.2,49.2,49.5,3.5,2.6,2.2,2.7,17.9,3.8,2948.0,Yes,Employer premises,-8.0,Employed: 100%,E09000032,LA,Employed,Middle-Aged Commuter Workers,"This group consists of predominantly employed males with an average age of 56.5, showcasing a solid monthly income but lower educational qualifications. They have no children in their households and experience average mental and physical health scores, while relying on public transport for commuting despite owning a vehicle."
Employed 9,Wandsworth,9569,41.2,,None/Not applicable,3.7,2573.0,3.3,1.7,1.0,Male,4.0,1564.9,46.6,52.3,3.5,2.7,2.2,2.6,15.7,4.1,4392.4,Yes,Employer premises,-8.0,Employed: 100%,E09000032,LA,Employed,Middle-Class Family Commuters,"This group consists of predominantly male, middle-class individuals who are employed and have a family-oriented lifestyle. With an average age of around 41, they have a moderate level of education and earn a decent income, but they experience some challenges in mental health and local services, suggesting a need for better community support."
Employed 10,Wandsworth,12066,31.9,,None/Not applicable,3.3,1909.8,3.1,0.0,0.0,Male,2.3,1481.6,45.2,53.5,3.3,2.5,2.2,2.6,22.8,3.6,2262.5,Yes,Employer premises,-8.0,Employed: 100%,E09000032,LA,Employed,Young Urban Workers,"This group consists primarily of young, employed males with no children, living in dual-person households. They earn a modest income while holding intermediate qualifications, reflecting a balanced mix of education and work experience. Despite facing some challenges in mental health and local service satisfaction, they actively use public transport and commute relatively short distances to their jobs."
Employed 11,Wandsworth,18052,31.0,,None/Not applicable,2.4,1988.1,7.1,0.0,0.0,Female,2.7,1468.0,43.1,54.1,3.3,2.4,2.1,2.7,22.7,3.8,2231.0,Yes,Employer premises,-8.0,Employed: 100%,E09000032,LA,Employed,Young Urban Professionals,"This group consists mainly of young, employed women in their early thirties, living in urban settings. They generally hold a first degree, earn a decent income, but experience lower mental health scores, indicating potential stressors in their lives, likely related to their work or living conditions."
Employed 12,Wandsworth,22674,41.0,Yes,None/Not applicable,1.2,2573.8,3.1,1.6,1.0,Female,3.7,1757.4,45.9,54.5,3.5,2.7,2.2,2.5,21.1,4.0,4295.3,Yes,Employer premises,-8.0,Employed: 100%,E09000032,LA,Employed,Working-Class Immigrant Families,"This group consists predominantly of employed women in their early 40s, often with one child in a household averaging nearly four members. They have a high educational attainment, typically holding higher degrees, yet face challenges with mental health and community cohesion, indicating a need for improved local services and support."
Retired 1,Wandsworth,11742,74.1,,Christian,1.7,2478.3,0.2,0.0,0.0,Female,1.8,138.1,50.7,44.3,3.7,2.7,2.3,2.6,-4.4,3.9,2847.2,Yes,-8.0,-8.0,Retired: 100%,E09000032,LA,Retired,Affluent Independent Retirees,"This group consists of financially secure, older women living alone, with a high level of education and strong community ties. Although they face some health challenges, they enjoy a comfortable lifestyle, utilizing their own transportation while remaining actively engaged in their neighborhoods."
Retired 2,Wandsworth,17670,79.8,,Christian,4.6,1346.2,0.0,0.0,0.0,Female,1.9,2.2,49.9,38.3,3.7,2.6,2.2,2.7,-4.5,4.0,794.2,Yes,-8.0,-8.0,Retired: 100%,E09000032,LA,Retired,Independent Silver Surfers,"This group consists primarily of older women living alone, averaging nearly 80 years in age. With a decent income and a good level of education, they enjoy a moderate level of community cohesion, although they face challenges related to their physical health and local services."
Retired 3,Wandsworth,256,62.1,,None/Not applicable,2.5,1894.9,1.6,1.2,1.0,Male,3.9,1248.7,50.2,47.0,3.9,3.1,1.9,2.3,5.5,3.8,4648.0,Yes,Employer premises,-8.0,Retired: 100%,E09000032,LA,Retired,Comfortable Retired Gentlemen,"This group consists of retired men around the age of 62, enjoying a comfortable lifestyle with a good monthly income. They tend to hold higher qualifications and come from a professional background, maintaining a strong sense of community despite mixed satisfaction with local services."
Retired 4,Wandsworth,5047,67.8,,None/Not applicable,2.6,1688.9,5.0,0.0,0.0,Female,2.1,935.6,50.3,47.7,3.6,2.8,2.3,2.6,16.8,3.9,3664.3,Yes,Employer premises,-8.0,Retired: 100%,E09000032,LA,Retired,Independent Retired Women,"This group consists of older women, predominantly in their late sixties, who are enjoying retirement without any dependents at home. They have a moderate income and average qualifications, showcasing a balance between independence and community engagement, although they experience some challenges with physical health and local services."
Unemployed 1,Wandsworth,3404,39.3,Yes,None/Not applicable,3.0,902.9,1.5,1.8,1.0,Female,3.8,754.4,41.2,45.0,3.4,2.4,2.2,2.5,4.2,3.6,797.7,No,Employer premises,-8.0,Unemployed: 100%,E09000032,LA,Unemployed,Struggling Single Parents,"This group primarily consists of unemployed women, averaging around 39 years old, who often juggle parenting with limited financial resources. They face challenges related to mental and physical health, with low monthly incomes and a reliance on public transport, while living in a community with moderate cohesion and service ratings."
Unemployed 2,Wandsworth,9850,42.3,,None/Not applicable,3.3,656.4,1.6,0.0,0.0,Male,3.1,489.3,41.1,46.9,3.3,2.2,2.1,2.6,4.9,3.3,628.2,No,Employer premises,-8.0,Unemployed: 100%,E09000032,LA,Unemployed,Struggling Urban Unemployed,"This group consists mainly of middle-aged males who are currently unemployed and face significant challenges in securing stable employment. With low personal income and moderate mental and physical health scores, they experience limited access to local services and have weak community ties, which can further hinder their job prospects."
Student,Wandsworth,7321,25.5,,None/Not applicable,2.9,1237.2,2.8,0.1,0.1,Female,3.3,563.8,45.0,55.5,3.3,2.3,2.2,2.7,10.1,3.6,956.1,No,Employer premises,-8.0,Student / training: 100%,E09000032,LA,Student,Young Urban Scholars,"This group consists predominantly of students, averaging around 25 years old, who are focused on their education and personal development. They typically live in shared households and show a moderate level of community engagement, though they face challenges with mental health and satisfaction with local services."
On leave,Wandsworth,8936,41.3,,None/Not applicable,2.9,1256.5,1.3,1.5,0.7,Female,3.9,459.9,43.6,49.2,3.5,2.6,2.3,2.7,3.7,3.8,1423.4,Yes,Employer premises,-8.0,On leave: 100%,E09000032,LA,On leave,Temporary Leave Workers,"This group consists primarily of women who are currently on leave from work, averaging 41 years of age. Despite their temporary status, they have a strong educational background and belong to a higher social class, but they face challenges related to mental health and local service satisfaction."
Inactive 1,Wandsworth,2270,41.6,,None/Not applicable,3.1,1600.8,1.5,1.5,0.9,Female,4.0,372.7,37.1,37.5,3.4,2.6,2.3,2.9,1.5,3.7,1470.6,Yes,-8.0,-8.0,Inactive: 100%,E09000032,LA,Inactive,Inactive Community Caregivers,"This group primarily consists of women around their early forties who are not currently in the workforce, often balancing responsibilities at home with caring for children. They have a modest income and face challenges related to their mental and physical health, while living in a community that lacks strong local services and support."
Inactive 2,Wandsworth,10815,46.2,,None/Not applicable,3.4,1253.9,1.1,0.0,0.0,Female,2.4,223.8,37.0,38.1,3.3,2.5,2.2,2.7,1.3,4.0,917.2,No,-8.0,-8.0,Inactive: 100%,E09000032,LA,Inactive,Inactive Urban Dwellers,"This group consists of mostly middle-aged women who are currently inactive in the workforce, with no children in their households. They report lower mental and physical health scores, indicating challenges in well-being, and have limited access to local services and public transport options."
Employed 1,Westminster,22918,31.2,Yes,None/Not applicable,1.5,2790.7,2.9,0.0,0.0,Male,1.9,2068.5,43.8,55.3,3.1,2.3,2.2,2.6,26.2,3.6,2947.7,Yes,Employer premises,-8.0,Employed: 100%,E09000033,LA,Employed,Ambitious Young Professionals,"This group consists mainly of employed young men who are highly educated, averaging a higher degree qualification. They have a moderate income and live alone or with one other person, navigating their urban environment with a reliance on public transport while managing average health scores."
Employed 2,Westminster,19121,41.6,Yes,None/Not applicable,1.4,2944.0,3.2,1.7,1.0,Male,3.9,1904.9,46.2,53.6,3.5,2.7,2.2,2.5,21.4,4.0,4407.4,Yes,Employer premises,-8.0,Employed: 100%,E09000033,LA,Employed,Working-Class Families,"This group consists primarily of employed males who are actively engaged in the workforce, often with a strong focus on family life, as indicated by their average of 1.7 children per household. They tend to have good qualifications, earning a solid monthly income, but face challenges in mental health and local services satisfaction, reflecting a need for community and support."
Employed 3,Westminster,17709,55.4,,None/Not applicable,1.6,2570.5,3.5,0.0,0.0,Male,2.1,1550.9,48.3,51.0,3.4,2.6,2.2,2.6,20.0,3.7,4488.7,Yes,Employer premises,-8.0,Employed: 100%,E09000033,LA,Employed,Middle-Aged Urban Workers,"This group consists of predominantly male workers in their mid-50s, living in small households without children. They have high qualifications, decent incomes, and a moderate sense of community, but experience average mental health and are reliant on public transport for commuting."
Employed 4,Westminster,19158,55.3,,None/Not applicable,3.9,2106.8,6.1,0.0,0.0,Male,2.4,1393.5,48.9,49.6,3.5,2.7,2.2,2.7,17.7,3.8,3176.5,Yes,Employer premises,-8.0,Employed: 100%,E09000033,LA,Employed,Midlife Commuter Workers,"This group consists primarily of middle-aged men who are fully employed, typically in lower managerial or supervisory roles. With a moderate income and a relatively average standard of health, they live in households without children and rely on public transport for commuting, reflecting a blend of urban and suburban lifestyles."
Employed 5,Westminster,7385,31.8,,Muslim/Islam,2.0,1871.9,2.5,0.2,0.1,Male,6.1,709.5,44.9,52.6,3.4,2.5,2.3,2.6,19.1,3.3,1011.6,Yes,Employer premises,-8.0,Employed: 100%,E09000033,LA,Employed,Emerging Urban Professionals,"This group consists of young, employed males, predominantly of Muslim faith, who hold first degrees and are navigating early career paths. With a strong community presence and a decent income, they are balancing work and social life in a vibrant urban setting, although they face challenges with mental health and local service satisfaction."
Employed 6,Westminster,10444,47.2,Yes,None/Not applicable,1.5,7225.3,2.8,0.6,0.4,Male,2.8,3834.1,48.9,53.8,3.5,2.5,2.2,2.5,26.8,3.5,4941.3,Yes,Employer premises,-8.0,Employed: 100%,E09000033,LA,Employed,Diverse Urban Professionals,"This group consists primarily of employed individuals around middle age, many of whom are male and speak English as a second language. They hold higher qualifications, enjoy a comfortable income, and typically live in smaller households without children, reflecting a unique blend of cultural backgrounds and professional aspirations."
Employed 7,Westminster,14014,42.4,No,None/Not applicable,3.5,2085.3,5.7,1.7,1.0,Male,4.0,1201.9,45.9,51.3,3.5,2.6,2.2,2.6,14.8,4.1,3518.1,Yes,Employer premises,-8.0,Employed: 100%,E09000033,LA,Employed,Mid-level Working Families,"This group consists of predominantly employed men around their early forties, often balancing work and family life with an average of 1.7 children at home. They possess moderate qualifications and earn a decent income, but experience challenges with mental health and satisfaction in local services, indicating a need for improved community support."
Employed 8,Westminster,15197,29.4,,None/Not applicable,2.9,1666.0,6.5,0.0,0.0,Male,2.9,1321.7,43.8,52.9,3.3,2.5,2.2,2.6,22.1,3.6,1930.1,Yes,Employer premises,-8.0,Employed: 100%,E09000033,LA,Employed,Emerging Young Workers,"This group consists of young, predominantly male professionals averaging around 29 years old, who are early in their careers. They have a decent income but face challenges with mental health and live in areas with moderate community cohesion and local services. With no children and a reliance on public transport, they are navigating the demands of work and life in a bustling environment."
Employed 9,Westminster,642,50.5,,Other,2.2,2798.9,4.0,0.3,0.2,Female,2.2,1532.1,46.5,48.4,3.5,2.4,2.1,2.4,16.9,3.6,4285.2,Yes,Employer premises,-8.0,Employed: 100%,E09000033,LA,Employed,Working-Class Commuters,"This group consists of employed women around their early 50s, typically earning a decent income with a moderate level of education. They live in smaller households without children, rely on public transport for commuting, and experience average levels of mental and physical health, reflecting a balance between work and community engagement."
Retired 1,Westminster,12529,73.4,,Christian,1.8,2309.4,0.2,0.0,0.0,Male,1.8,139.3,50.0,43.1,3.7,2.7,2.2,2.6,-4.4,3.8,2680.0,Yes,-8.0,-8.0,Retired: 100%,E09000033,LA,Retired,Affluent Elderly Gentlemen,"This group consists of well-educated retired men, averaging 73 years old, who enjoy a comfortable monthly income. Despite their solid financial standing, they face some challenges with physical health and local services, indicating a need for better community engagement and amenities."
Retired 2,Westminster,18378,79.7,,Christian,4.6,1416.7,0.0,0.0,0.0,Female,1.7,2.7,49.1,37.4,3.7,2.5,2.2,2.7,-4.5,3.9,801.7,Yes,-8.0,-8.0,Retired: 100%,E09000033,LA,Retired,Independent Senior Women,"This group consists primarily of retired women averaging nearly 80 years old, living independently with no children in the household. They have a moderate income and exhibit a mix of physical and mental health challenges, while their community ties are relatively strong, despite facing some dissatisfaction with local services."
Retired 3,Westminster,142,64.0,,None/Not applicable,3.1,1713.8,1.2,1.2,1.0,Male,3.6,713.6,49.7,39.3,3.9,2.9,1.8,2.1,1.5,3.7,2684.5,Yes,-8.0,-8.0,Retired: 100%,E09000033,LA,Retired,Active Retired Community Men,"This group consists of retired males, averaging 64 years of age, who maintain a moderate standard of living with a gross monthly income of around £1,713. They exhibit a mix of good community ties and health challenges, reflected in their moderate mental health score, but lower physical health score, highlighting the need for supportive local services."
Retired 4,Westminster,459,76.4,,Other,3.9,2626.0,0.2,0.0,0.0,Female,1.6,54.4,47.4,36.3,3.7,2.2,2.1,2.6,-5.3,3.3,545.0,No,-8.0,-8.0,Retired: 100%,E09000033,LA,Retired,Independent Senior Women,"This group consists of retired women averaging 76 years old, living alone with no children in the household. They enjoy a decent personal income but face challenges with physical health, highlighting their independent lifestyle in a community with moderate cohesion and local service ratings."
Retired 5,Westminster,3951,68.3,,None/Not applicable,2.7,1481.2,5.3,0.0,0.0,Male,2.1,879.2,49.1,47.6,3.6,2.7,2.3,2.6,17.2,3.8,3250.1,Yes,Employer premises,-8.0,Retired: 100%,E09000033,LA,Retired,Leisurely Retired Gentlemen,"This group consists of older males, averaging 68 years old, who are fully retired and enjoy a modest income. With a mix of moderate health scores and limited local services, they prioritize community connection but may face challenges in accessing leisure and shopping facilities."
Unemployed 1,Westminster,6484,34.9,Yes,None/Not applicable,2.4,395.3,2.9,0.6,0.3,Male,3.5,735.1,39.5,48.3,3.3,2.5,2.1,2.5,8.9,3.5,866.0,No,Employer premises,-8.0,Unemployed: 100%,E09000033,LA,Unemployed,Struggling Urban Unemployed,"This group consists primarily of young men in their mid-thirties who face significant challenges in securing employment. With low monthly incomes and a relatively low level of education, their mental and physical health scores suggest they may be dealing with various difficulties. Living in a larger household with limited access to personal transport, they rely on public services that are rated as unsatisfactory."
Unemployed 2,Westminster,7024,50.0,,None/Not applicable,4.0,1102.2,0.2,0.4,0.2,Female,3.3,150.6,42.0,43.5,3.4,2.2,2.1,2.6,-3.0,3.1,574.8,No,-8.0,-8.0,Unemployed: 100%,E09000033,LA,Unemployed,Struggling Urban Unemployed,"This group consists primarily of unemployed individuals, averaging around 50 years old, and predominantly female. They face significant challenges, including low monthly income and relatively poor mental and physical health scores, while living in an area with moderate community cohesion and below-average local services."
Student,Westminster,8084,25.2,,None/Not applicable,2.9,1155.3,2.3,0.1,0.0,Male,3.4,513.3,44.7,54.5,3.3,2.3,2.1,2.7,9.1,3.5,716.4,No,Employer premises,-8.0,Student / training: 100%,E09000033,LA,Student,Young Urban Scholars,"This group consists primarily of young students, averaging around 25 years old, living in shared households. They are often pursuing higher education with a decent level of qualifications, yet face challenges with their mental health and limited financial resources, relying heavily on public transport for commuting."
On leave,Westminster,7339,43.4,,None/Not applicable,3.0,1145.4,1.0,1.4,0.7,Female,3.9,366.8,42.8,46.9,3.5,2.6,2.2,2.7,1.8,3.8,1232.4,Yes,Employer premises,-8.0,On leave: 100%,E09000033,LA,On leave,Temporary Leave Caregivers,"This group consists mainly of women in their early forties who are currently on leave from their jobs, likely to care for their children. They have a relatively high social class and a moderate mental and physical health score, indicating they may be managing stress while balancing family responsibilities. Despite their temporary leave status, they rely on local services for daily needs, which they rate as below average."
Inactive 1,Westminster,10379,49.7,,None/Not applicable,3.5,1283.1,0.9,0.0,0.0,Female,2.2,159.4,35.7,35.7,3.3,2.5,2.2,2.8,-0.8,4.0,912.8,No,-8.0,-8.0,Inactive: 100%,E09000033,LA,Inactive,Disconnected Urban Dwellers,"This group consists predominantly of inactive women around the age of 50, who have limited qualifications and a low monthly income. They experience significant challenges in both mental and physical health, and live in moderately cohesive neighborhoods with below-average satisfaction in local services."
Inactive 2,Westminster,2698,40.8,,None/Not applicable,3.3,1691.6,1.0,1.5,0.9,Female,4.1,294.7,37.0,35.4,3.3,2.6,2.3,3.0,0.3,3.8,1070.3,Yes,Employer premises,-8.0,Inactive: 100%,E09000033,LA,Inactive,Inactive Urban Caregivers,"This group primarily consists of females around 41 years old who are currently inactive in the workforce. They have a modest income and a significant focus on family, typically living in households with children, yet they face challenges related to their mental and physical health, as well as lower satisfaction with local services."
